vpos,r,min_sepcross_all,min_sepcross_sep,conn_sep,rank_sep,bias
1,0,-1,-1,1,0,0.5
1,0,-1,-1,1,0,0.5
1,0,-1,-1,1,0,0.5
1,0,-1,-1,1,0,0.5
1,0,-1,-1,1,0,0.5
1,0,-1,-1,1,0,0.5
1,0,-1,-1,1,0,0.5
1,0,-1,-1,1,0,0.5
1,0,-1,-1,1,0,0.5
1,0,-1,-1,1,0,0.5
1,0,-1,-1,1,0,0.5
1,0,-1,-1,1,0,0.5
1,0,-1,-1,1,0,0.5
1,0,-1,-1,1,0,0.5
1,0,-1,-1,1,0,0.5
1,0,-1,-1,1,0,0.5
1,0,-1,-1,1,0,0.5
1,0,-1,-1,1,0,0.5
1,0,-1,-1,1,0,0.5
1,0,-1,-1,1,0,0.5
1,0,-1,-1,1,0,0.5
1,0,-1,-1,1,0,0.5
1,0,-1,-1,1,0,0.5
1,0,-1,-1,1,0,0.5
1,0,-1,-1,1,0,0.5
1,0,-1,-1,1,0,0.5
1,0,-1,-1,1,0,0.5
1,0,-1,-1,1,0,0.5
1,0,-1,-1,1,0,0.5
1,0,-1,-1,1,0,0.5
1,0,-1,-1,1,0,0.5
1,0,-1,-1,1,0,0.5
1,0,-1,-1,1,0,0.5
1,0,-1,-1,1,0,0.5
1,0,-1,-1,1,0,0.5
1,0,-1,-1,1,0,0.5
1,0,-1,-1,1,0,0.5
1,0,-1,-1,1,0,0.5
1,0,-1,-1,1,0,0.5
1,0,-1,-1,1,0,0.5
1,0,-1,-1,1,0,0.5
1,0,-1,-1,1,0,0.5
1,0,-1,-1,1,0,0.5
1,0,-1,-1,1,0,0.5
1,0,-1,-1,1,0,0.5
1,0,-1,-1,1,0,0.5
1,0,-1,-1,1,0,0.5
1,0,-1,-1,1,0,0.5
1,0,-1,-1,1,0,0.5
1,0,-1,-1,1,0,0.5
1,0,-1,-1,1,0,0.5
1,0,-1,-1,1,0,0.5
1,0,-1,-1,1,0,0.5
1,0,-1,-1,1,0,0.5
1,0,-1,-1,1,0,0.5
1,0,-1,-1,1,0,0.5
1,0,-1,-1,1,0,0.5
1,0,-1,-1,1,0,0.5
1,0,-1,-1,1,0,0.5
1,0,-1,-1,1,0,0.5
1,0,-1,-1,1,0,0.5
1,0,-1,-1,1,0,0.5
1,0,-1,-1,1,0,0.5
1,0,-1,-1,1,0,0.5
1,0,-1,-1,1,0,0.5
1,0,-1,-1,1,0,0.5
1,0,-1,-1,1,0,0.5
1,0,-1,-1,1,0,0.5
1,0,-1,-1,1,0,0.5
1,0,-1,-1,1,0,0.5
1,0,-1,-1,1,0,0.5
1,0,-1,-1,1,0,0.5
1,0,-1,-1,1,0,0.5
1,0,-1,-1,1,0,0.5
1,0,-1,-1,1,0,0.5
1,0,-1,-1,1,0,0.5
1,0,-1,-1,1,0,0.5
1,0,-1,-1,1,0,0.5
1,0,-1,-1,1,0,0.5
1,0,-1,-1,1,0,0.5
1,0,-1,-1,1,0,0.5
1,0,-1,-1,1,0,0.5
1,0,-1,-1,1,0,0.5
1,0,-1,-1,1,0,0.5
1,0,-1,-1,1,0,0.5
1,0,-1,-1,1,0,0.5
1,0,-1,-1,1,0,0.5
1,0,-1,-1,1,0,0.5
1,0,-1,-1,1,0,0.5
1,0,-1,-1,1,0,0.5
1,0,-1,-1,1,0,0.5
1,0,-1,-1,1,0,0.5
1,0,-1,-1,1,0,0.5
1,0,-1,-1,1,0,0.5
1,0,-1,-1,1,0,0.5
1,0,-1,-1,1,0,0.5
1,0,-1,-1,1,0,0.5
1,0,-1,-1,1,0,0.5
1,0,-1,-1,1,0,0.5
1,0,-1,-1,1,0,0.5
1,0,-1,-1,1,0,0.5
1,0,-1,-1,1,0,0.5
1,0,-1,-1,1,0,0.5
1,0,-1,-1,1,0,0.5
1,0,-1,-1,1,0,0.5
1,0,-1,-1,1,0,0.5
1,0,-1,-1,1,0,0.5
1,0,-1,-1,1,0,0.5
1,0,-1,-1,1,0,0.5
1,0,-1,-1,1,0,0.5
1,0,-1,-1,1,0,0.5
1,0,-1,-1,1,0,0.5
1,0,-1,-1,1,0,0.5
1,0,-1,-1,1,0,0.5
1,0,-1,-1,1,0,0.5
1,0,-1,-1,1,0,0.5
1,0,-1,-1,1,0,0.5
1,0,-1,-1,1,0,0.5
1,0,-1,-1,1,0,0.5
1,0,-1,-1,1,0,0.5
1,0,-1,-1,1,0,0.5
1,0,-1,-1,1,0,0.5
1,0,-1,-1,1,0,0.5
1,0,-1,-1,1,0,0.5
1,0,-1,-1,1,0,0.5
1,0,-1,-1,1,0,0.5
1,0,-1,-1,1,0,0.5
1,0,-1,-1,1,0,0.5
1,0,-1,-1,1,0,0.5
1,0,-1,-1,1,0,0.5
1,0,-1,-1,1,0,0.5
1,0,-1,-1,1,0,0.5
1,0,-1,-1,1,0,0.5
1,0,-1,-1,1,0,0.5
1,0,-1,-1,1,0,0.5
1,0,-1,-1,1,0,0.5
1,0,-1,-1,1,0,0.5
1,0,-1,-1,1,0,0.5
1,0,-1,-1,1,0,0.5
1,0,-1,-1,1,0,0.5
1,0,-1,-1,1,0,0.5
1,0,-1,-1,1,0,0.5
1,0,-1,-1,1,0,0.5
1,0,-1,-1,1,0,0.5
1,0,-1,-1,1,0,0.5
1,0,-1,-1,1,0,0.5
1,0,-1,-1,1,0,0.5
1,0,-1,-1,1,0,0.5
1,0,-1,-1,1,0,0.5
1,0,-1,-1,1,0,0.5
1,0,-1,-1,1,0,0.5
1,0,-1,-1,1,0,0.5
1,0,-1,-1,1,0,0.5
1,0,-1,-1,1,0,0.5
1,0,-1,-1,1,0,0.5
1,0,-1,-1,1,0,0.5
1,0,-1,-1,1,0,0.5
1,0,-1,-1,1,0,0.5
1,0,-1,-1,1,0,0.5
1,0,-1,-1,1,0,0.5
1,0,-1,-1,1,0,0.5
1,0,-1,-1,1,0,0.5
1,0,-1,-1,1,0,0.5
1,0,-1,-1,1,0,0.5
1,0,-1,-1,1,0,0.5
1,0,-1,-1,1,0,0.5
1,0,-1,-1,1,0,0.5
1,0,-1,-1,1,0,0.5
1,0,-1,-1,1,0,0.5
1,0,-1,-1,1,0,0.5
1,0,-1,-1,1,0,0.5
1,0,-1,-1,1,0,0.5
1,0,-1,-1,1,0,0.5
1,0,-1,-1,1,0,0.5
1,0,-1,-1,1,0,0.5
1,0,-1,-1,1,0,0.5
1,0,-1,-1,1,0,0.5
1,0,-1,-1,1,0,0.5
1,0,-1,-1,1,0,0.5
1,0,-1,-1,1,0,0.5
1,0,-1,-1,1,0,0.5
1,0,-1,-1,1,0,0.5
1,0,-1,-1,1,0,0.5
1,0,-1,-1,1,0,0.5
1,0,-1,-1,1,0,0.5
1,0,-1,-1,1,0,0.5
1,0,-1,-1,1,0,0.5
1,0,-1,-1,1,0,0.5
1,0,-1,-1,1,0,0.5
1,0,-1,-1,1,0,0.5
1,0,-1,-1,1,0,0.5
1,0,-1,-1,1,0,0.5
1,0,-1,-1,1,0,0.5
1,0,-1,-1,1,0,0.5
1,0,-1,-1,1,0,0.5
1,0,-1,-1,1,0,0.5
1,0,-1,-1,1,0,0.5
1,0,-1,-1,1,0,0.5
1,0,-1,-1,1,0,0.5
1,0,-1,-1,1,0,0.5
1,0,-1,-1,1,0,0.5
1,0,-1,-1,1,0,0.5
1,0,-1,-1,1,0,0.5
1,0,-1,-1,1,0,0.5
1,0,-1,-1,1,0,0.5
1,0,-1,-1,1,0,0.5
1,0,-1,-1,1,0,0.5
1,0,-1,-1,1,0,0.5
1,0,-1,-1,1,0,0.5
1,0,-1,-1,1,0,0.5
1,0,-1,-1,1,0,0.5
1,0,-1,-1,1,0,0.5
1,0,-1,-1,1,0,0.5
1,0,-1,-1,1,0,0.5
1,0,-1,-1,1,0,0.5
1,0,-1,-1,1,0,0.5
1,0,-1,-1,1,0,0.5
1,0,-1,-1,1,0,0.5
1,0,-1,-1,1,0,0.5
1,0,-1,-1,1,0,0.5
1,0,-1,-1,1,0,0.5
1,0,-1,-1,1,0,0.5
1,0,-1,-1,1,0,0.5
1,0,-1,-1,1,0,0.5
1,0,-1,-1,1,0,0.5
1,0,-1,-1,1,0,0.5
1,0,-1,-1,1,0,0.5
1,0,-1,-1,1,0,0.5
1,0,-1,-1,1,0,0.5
1,0,-1,-1,1,0,0.5
1,0,-1,-1,1,0,0.5
1,0,-1,-1,1,0,0.5
1,0,-1,-1,1,0,0.5
1,0,-1,-1,1,0,0.5
1,0,-1,-1,1,0,0.5
1,0,-1,-1,1,0,0.5
1,0,-1,-1,1,0,0.5
1,0,-1,-1,1,0,0.5
1,0,-1,-1,1,0,0.5
1,0,-1,-1,1,0,0.5
1,0,-1,-1,1,0,0.5
1,0,-1,-1,1,0,0.5
1,0,-1,-1,1,0,0.5
1,0,-1,-1,1,0,0.5
1,0,-1,-1,1,0,0.5
1,0,-1,-1,1,0,0.5
1,0,-1,-1,1,0,0.5
1,0,-1,-1,1,0,0.5
1,0,-1,-1,1,0,0.5
1,0,-1,-1,1,0,0.5
1,0,-1,-1,1,0,0.5
1,0,-1,-1,1,0,0.5
1,0,-1,-1,1,0,0.5
1,0,-1,-1,1,0,0.5
1,0,-1,-1,1,0,0.5
1,0,-1,-1,1,0,0.5
1,0,-1,-1,1,0,0.5
1,0,-1,-1,1,0,0.5
1,0,-1,-1,1,0,0.5
1,0,-1,-1,1,0,0.5
1,0,-1,-1,1,0,0.5
1,0,-1,-1,1,0,0.5
1,0,-1,-1,1,0,0.5
1,0,-1,-1,1,0,0.5
1,0,-1,-1,1,0,0.5
1,0,-1,-1,1,0,0.5
1,0,-1,-1,1,0,0.5
1,0,-1,-1,1,0,0.5
1,0,-1,-1,1,0,0.5
1,0,-1,-1,1,0,0.5
1,0,-1,-1,1,0,0.5
1,0,-1,-1,1,0,0.5
1,0,-1,-1,1,0,0.5
1,0,-1,-1,1,0,0.5
1,0,-1,-1,1,0,0.5
1,0,-1,-1,1,0,0.5
1,0,-1,-1,1,0,0.5
1,0,-1,-1,1,0,0.5
1,0,-1,-1,1,0,0.5
1,0,-1,-1,1,0,0.5
1,0,-1,-1,1,0,0.5
1,0,-1,-1,1,0,0.5
1,0,-1,-1,1,0,0.5
1,0,-1,-1,1,0,0.5
1,0,-1,-1,1,0,0.5
1,0,-1,-1,1,0,0.5
1,0,-1,-1,1,0,0.5
1,0,-1,-1,1,0,0.5
1,0,-1,-1,1,0,0.5
1,0,-1,-1,1,0,0.5
1,0,-1,-1,1,0,0.5
1,0,-1,-1,1,0,0.5
1,0,-1,-1,1,0,0.5
1,0,-1,-1,1,0,0.5
1,0,-1,-1,1,0,0.5
1,0,-1,-1,1,0,0.5
1,0,-1,-1,1,0,0.5
1,0,-1,-1,1,0,0.5
1,0,-1,-1,1,0,0.5
1,0,-1,-1,1,0,0.5
1,0,-1,-1,1,0,0.5
1,0,-1,-1,1,0,0.5
1,0,-1,-1,1,0,0.5
1,0,-1,-1,1,0,0.5
1,0,-1,-1,1,0,0.5
1,0,-1,-1,1,0,0.5
1,0,-1,-1,1,0,0.5
1,0,-1,-1,1,0,0.5
1,0,-1,-1,1,0,0.5
1,0,-1,-1,1,0,0.5
1,0,-1,-1,1,0,0.5
1,0,-1,-1,1,0,0.5
1,0,-1,-1,1,0,0.5
1,0,-1,-1,1,0,0.5
1,0,-1,-1,1,0,0.5
1,0,-1,-1,1,0,0.5
1,0,-1,-1,1,0,0.5
1,0,-1,-1,1,0,0.5
1,0,-1,-1,1,0,0.5
1,0,-1,-1,1,0,0.5
1,0,-1,-1,1,0,0.5
1,0,-1,-1,1,0,0.5
1,0,-1,-1,1,0,0.5
1,0,-1,-1,1,0,0.5
1,0,-1,-1,1,0,0.5
1,0,-1,-1,1,0,0.5
1,0,-1,-1,1,0,0.5
1,0,-1,-1,1,0,0.5
1,0,-1,-1,1,0,0.5
1,0,-1,-1,1,0,0.5
1,0,-1,-1,1,0,0.5
1,0,-1,-1,1,0,0.5
1,0,-1,-1,1,0,0.5
1,0,-1,-1,1,0,0.5
1,0,-1,-1,1,0,0.5
1,0,-1,-1,1,0,0.5
1,0,-1,-1,1,0,0.5
1,0,-1,-1,1,0,0.5
1,0,-1,-1,1,0,0.5
1,0,-1,-1,1,0,0.5
1,0,-1,-1,1,0,0.5
1,0,-1,-1,1,0,0.5
1,0,-1,-1,1,0,0.5
1,0,-1,-1,1,0,0.5
1,0,-1,-1,1,0,0.5
1,0,-1,-1,1,0,0.5
1,0,-1,-1,1,0,0.5
1,0,-1,-1,1,0,0.5
1,0,-1,-1,1,0,0.5
1,0,-1,-1,1,0,0.5
1,0,-1,-1,1,0,0.5
1,0,-1,-1,1,0,0.5
1,0,-1,-1,1,0,0.5
1,0,-1,-1,1,0,0.5
1,0,-1,-1,1,0,0.5
1,0,-1,-1,1,0,0.5
1,0,-1,-1,1,0,0.5
1,0,-1,-1,1,0,0.5
1,0,-1,-1,1,0,0.5
1,0,-1,-1,1,0,0.5
1,0,-1,-1,1,0,0.5
1,0,-1,-1,1,0,0.5
1,0,-1,-1,1,0,0.5
1,0,-1,-1,1,0,0.5
1,0,-1,-1,1,0,0.5
1,0,-1,-1,1,0,0.5
1,0,-1,-1,1,0,0.5
1,0,-1,-1,1,0,0.5
1,0,-1,-1,1,0,0.5
1,0,-1,-1,1,0,0.5
1,0,-1,-1,1,0,0.5
1,0,-1,-1,1,0,0.5
1,0,-1,-1,1,0,0.5
1,0,-1,-1,1,0,0.5
1,0,-1,-1,1,0,0.5
1,0,-1,-1,1,0,0.5
1,0,-1,-1,1,0,0.5
1,0,-1,-1,1,0,0.5
1,0,-1,-1,1,0,0.5
1,0,-1,-1,1,0,0.5
1,0,-1,-1,1,0,0.5
1,0,-1,-1,1,0,0.5
1,0,-1,-1,1,0,0.5
1,0,-1,-1,1,0,0.5
1,0,-1,-1,1,0,0.5
1,0,-1,-1,1,0,0.5
1,0,-1,-1,1,0,0.5
1,0,-1,-1,1,0,0.5
1,0,-1,-1,1,0,0.5
1,0,-1,-1,1,0,0.5
1,0,-1,-1,1,0,0.5
1,0,-1,-1,1,0,0.5
1,0,-1,-1,1,0,0.5
1,0,-1,-1,1,0,0.5
1,0,-1,-1,1,0,0.5
1,0,-1,-1,1,0,0.5
1,0,-1,-1,1,0,0.5
1,0,-1,-1,1,0,0.5
1,0,-1,-1,1,0,0.5
1,0,-1,-1,1,0,0.5
1,0,-1,-1,1,0,0.5
1,0,-1,-1,1,0,0.5
1,0,-1,-1,1,0,0.5
1,0,-1,-1,1,0,0.5
1,0,-1,-1,1,0,0.5
1,0,-1,-1,1,0,0.5
1,0,-1,-1,1,0,0.5
1,0,-1,-1,1,0,0.5
1,0,-1,-1,1,0,0.5
1,0,-1,-1,1,0,0.5
1,0,-1,-1,1,0,0.5
1,0,-1,-1,1,0,0.5
1,0,-1,-1,1,0,0.5
1,0,-1,-1,1,0,0.5
1,0,-1,-1,1,0,0.5
1,0,-1,-1,1,0,0.5
1,0,-1,-1,1,0,0.5
1,0,-1,-1,1,0,0.5
1,0,-1,-1,1,0,0.5
1,0,-1,-1,1,0,0.5
1,0,-1,-1,1,0,0.5
1,0,-1,-1,1,0,0.5
1,0,-1,-1,1,0,0.5
1,0,-1,-1,1,0,0.5
1,0,-1,-1,1,0,0.5
1,0,-1,-1,1,0,0.5
1,0,-1,-1,1,0,0.5
1,0,-1,-1,1,0,0.5
1,0,-1,-1,1,0,0.5
1,0,-1,-1,1,0,0.5
1,0,-1,-1,1,0,0.5
1,0,-1,-1,1,0,0.5
1,0,-1,-1,1,0,0.5
1,0,-1,-1,1,0,0.5
1,0,-1,-1,1,0,0.5
1,0,-1,-1,1,0,0.5
1,0,-1,-1,1,0,0.5
1,0,-1,-1,1,0,0.5
1,0,-1,-1,1,0,0.5
1,0,-1,-1,1,0,0.5
1,0,-1,-1,1,0,0.5
1,0,-1,-1,1,0,0.5
1,0,-1,-1,1,0,0.5
1,0,-1,-1,1,0,0.5
1,0,-1,-1,1,0,0.5
1,0,-1,-1,1,0,0.5
1,0,-1,-1,1,0,0.5
1,0,-1,-1,1,0,0.5
1,0,-1,-1,1,0,0.5
1,0,-1,-1,1,0,0.5
1,0,-1,-1,1,0,0.5
1,0,-1,-1,1,0,0.5
1,0,-1,-1,1,0,0.5
1,0,-1,-1,1,0,0.5
1,0,-1,-1,1,0,0.5
1,0,-1,-1,1,0,0.5
1,0,-1,-1,1,0,0.5
1,0,-1,-1,1,0,0.5
1,0,-1,-1,1,0,0.5
1,0,-1,-1,1,0,0.5
1,0,-1,-1,1,0,0.5
1,0,-1,-1,1,0,0.5
1,0,-1,-1,1,0,0.5
1,0,-1,-1,1,0,0.5
1,0,-1,-1,1,0,0.5
1,0,-1,-1,1,0,0.5
1,0,-1,-1,1,0,0.5
1,0,-1,-1,1,0,0.5
1,0,-1,-1,1,0,0.5
1,0,-1,-1,1,0,0.5
1,0,-1,-1,1,0,0.5
1,0,-1,-1,1,0,0.5
1,0,-1,-1,1,0,0.5
1,0,-1,-1,1,0,0.5
1,0,-1,-1,1,0,0.5
1,0,-1,-1,1,0,0.5
1,0,-1,-1,1,0,0.5
1,0,-1,-1,1,0,0.5
1,0,-1,-1,1,0,0.5
1,0,-1,-1,1,0,0.5
1,0,-1,-1,1,0,0.5
1,0,-1,-1,1,0,0.5
1,0,-1,-1,1,0,0.5
1,0,-1,-1,1,0,0.5
1,0,-1,-1,1,0,0.5
1,0,-1,-1,1,0,0.5
1,0,-1,-1,1,0,0.5
1,0,-1,-1,1,0,0.5
1,0,-1,-1,1,0,0.5
1,0,-1,-1,1,0,0.5
1,0,-1,-1,1,0,0.5
1,0,-1,-1,1,0,0.5
1,0,-1,-1,1,0,0.5
1,0,-1,-1,1,0,0.5
1,0,-1,-1,1,0,0.5
1,0,-1,-1,1,0,0.5
1,0,-1,-1,1,0,0.5
1,0,-1,-1,1,0,0.5
1,0,-1,-1,1,0,0.5
1,0,-1,-1,1,0,0.5
1,0,-1,-1,1,0,0.5
1,0,-1,-1,1,0,0.5
1,0,-1,-1,1,0,0.5
1,0,-1,-1,1,0,0.5
1,0,-1,-1,1,0,0.5
1,0,-1,-1,1,0,0.5
1,0,-1,-1,1,0,0.5
1,0,-1,-1,1,0,0.5
1,0,-1,-1,1,0,0.5
1,0,-1,-1,1,0,0.5
1,0,-1,-1,1,0,0.5
1,0,-1,-1,1,0,0.5
1,0,-1,-1,1,0,0.5
1,0,-1,-1,1,0,0.5
1,0,-1,-1,1,0,0.5
1,0,-1,-1,1,0,0.5
1,0,-1,-1,1,0,0.5
1,0,-1,-1,1,0,0.5
1,0,-1,-1,1,0,0.5
1,0,-1,-1,1,0,0.5
1,0,-1,-1,1,0,0.5
1,0,-1,-1,1,0,0.5
1,0,-1,-1,1,0,0.5
1,0,-1,-1,1,0,0.5
1,0,-1,-1,1,0,0.5
1,0,-1,-1,1,0,0.5
1,0,-1,-1,1,0,0.5
1,0,-1,-1,1,0,0.5
1,0,-1,-1,1,0,0.5
1,0,-1,-1,1,0,0.5
1,0,-1,-1,1,0,0.5
1,0,-1,-1,1,0,0.5
1,0,-1,-1,1,0,0.5
1,0,-1,-1,1,0,0.5
1,0,-1,-1,1,0,0.5
1,0,-1,-1,1,0,0.5
1,0,-1,-1,1,0,0.5
1,0,-1,-1,1,0,0.5
1,0,-1,-1,1,0,0.5
1,0,-1,-1,1,0,0.5
1,0,-1,-1,1,0,0.5
1,0,-1,-1,1,0,0.5
1,0,-1,-1,1,0,0.5
1,0,-1,-1,1,0,0.5
1,0,-1,-1,1,0,0.5
1,0,-1,-1,1,0,0.5
1,0,-1,-1,1,0,0.5
1,0,-1,-1,1,0,0.5
1,0,-1,-1,1,0,0.5
1,0,-1,-1,1,0,0.5
1,0,-1,-1,1,0,0.5
1,0,-1,-1,1,0,0.5
1,0,-1,-1,1,0,0.5
1,0,-1,-1,1,0,0.5
1,0,-1,-1,1,0,0.5
1,0,-1,-1,1,0,0.5
1,0,-1,-1,1,0,0.5
1,0,-1,-1,1,0,0.5
1,0,-1,-1,1,0,0.5
1,0,-1,-1,1,0,0.5
1,0,-1,-1,1,0,0.5
1,0,-1,-1,1,0,0.5
1,0,-1,-1,1,0,0.5
1,0,-1,-1,1,0,0.5
1,0,-1,-1,1,0,0.5
1,0,-1,-1,1,0,0.5
1,0,-1,-1,1,0,0.5
1,0,-1,-1,1,0,0.5
1,0,-1,-1,1,0,0.5
1,0,-1,-1,1,0,0.5
1,0,-1,-1,1,0,0.5
1,0,-1,-1,1,0,0.5
1,0,-1,-1,1,0,0.5
1,0,-1,-1,1,0,0.5
1,0,-1,-1,1,0,0.5
1,0,-1,-1,1,0,0.5
1,0,-1,-1,1,0,0.5
1,0,-1,-1,1,0,0.5
1,0,-1,-1,1,0,0.5
1,0,-1,-1,1,0,0.5
1,0,-1,-1,1,0,0.5
1,0,-1,-1,1,0,0.5
1,0,-1,-1,1,0,0.5
1,0,-1,-1,1,0,0.5
1,0,-1,-1,1,0,0.5
1,0,-1,-1,1,0,0.5
1,0,-1,-1,1,0,0.5
1,0,-1,-1,1,0,0.5
1,0,-1,-1,1,0,0.5
1,0,-1,-1,1,0,0.5
1,0,-1,-1,1,0,0.5
1,0,-1,-1,1,0,0.5
1,0,-1,-1,1,0,0.5
1,0,-1,-1,1,0,0.5
1,0,-1,-1,1,0,0.5
1,0,-1,-1,1,0,0.5
1,0,-1,-1,1,0,0.5
1,0,-1,-1,1,0,0.5
1,0,-1,-1,1,0,0.5
1,0,-1,-1,1,0,0.5
1,0,-1,-1,1,0,0.5
1,0,-1,-1,1,0,0.5
1,0,-1,-1,1,0,0.5
1,0,-1,-1,1,0,0.5
1,0,-1,-1,1,0,0.5
1,0,-1,-1,1,0,0.5
1,0,-1,-1,1,0,0.5
1,0,-1,-1,1,0,0.5
1,0,-1,-1,1,0,0.5
1,0,-1,-1,1,0,0.5
1,0,-1,-1,1,0,0.5
1,0,-1,-1,1,0,0.5
1,0,-1,-1,1,0,0.5
1,0,-1,-1,1,0,0.5
1,0,-1,-1,1,0,0.5
1,0,-1,-1,1,0,0.5
1,0,-1,-1,1,0,0.5
1,0,-1,-1,1,0,0.5
1,0,-1,-1,1,0,0.5
1,0,-1,-1,1,0,0.5
1,0,-1,-1,1,0,0.5
1,0,-1,-1,1,0,0.5
1,0,-1,-1,1,0,0.5
1,0,-1,-1,1,0,0.5
1,0,-1,-1,1,0,0.5
1,0,-1,-1,1,0,0.5
1,0,-1,-1,1,0,0.5
1,0,-1,-1,1,0,0.5
1,0,-1,-1,1,0,0.5
1,0,-1,-1,1,0,0.5
1,0,-1,-1,1,0,0.5
1,0,-1,-1,1,0,0.5
1,0,-1,-1,1,0,0.5
1,0,-1,-1,1,0,0.5
1,0,-1,-1,1,0,0.5
1,0,-1,-1,1,0,0.5
1,0,-1,-1,1,0,0.5
1,0,-1,-1,1,0,0.5
1,0,-1,-1,1,0,0.5
1,0,-1,-1,1,0,0.5
1,0,-1,-1,1,0,0.5
1,0,-1,-1,1,0,0.5
1,0,-1,-1,1,0,0.5
1,0,-1,-1,1,0,0.5
1,0,-1,-1,1,0,0.5
1,0,-1,-1,1,0,0.5
1,0,-1,-1,1,0,0.5
1,0,-1,-1,1,0,0.5
1,0,-1,-1,1,0,0.5
1,0,-1,-1,1,0,0.5
1,0,-1,-1,1,0,0.5
1,0,-1,-1,1,0,0.5
1,0,-1,-1,1,0,0.5
1,0,-1,-1,1,0,0.5
1,0,-1,-1,1,0,0.5
1,0,-1,-1,1,0,0.5
1,0,-1,-1,1,0,0.5
1,0,-1,-1,1,0,0.5
1,0,-1,-1,1,0,0.5
1,0,-1,-1,1,0,0.5
1,0,-1,-1,1,0,0.5
1,0,-1,-1,1,0,0.5
1,0,-1,-1,1,0,0.5
1,0,-1,-1,1,0,0.5
1,0,-1,-1,1,0,0.5
1,0,-1,-1,1,0,0.5
1,0,-1,-1,1,0,0.5
1,0,-1,-1,1,0,0.5
1,0,-1,-1,1,0,0.5
1,0,-1,-1,1,0,0.5
1,0,-1,-1,1,0,0.5
1,0,-1,-1,1,0,0.5
1,0,-1,-1,1,0,0.5
1,0,-1,-1,1,0,0.5
1,0,-1,-1,1,0,0.5
1,0,-1,-1,1,0,0.5
1,0,-1,-1,1,0,0.5
1,0,-1,-1,1,0,0.5
1,0,-1,-1,1,0,0.5
1,0,-1,-1,1,0,0.5
1,0,-1,-1,1,0,0.5
1,0,-1,-1,1,0,0.5
1,0,-1,-1,1,0,0.5
1,0,-1,-1,1,0,0.5
1,0,-1,-1,1,0,0.5
1,0,-1,-1,1,0,0.5
1,0,-1,-1,1,0,0.5
1,0,-1,-1,1,0,0.5
1,0,-1,-1,1,0,0.5
1,0,-1,-1,1,0,0.5
1,0,-1,-1,1,0,0.5
1,0,-1,-1,1,0,0.5
1,0,-1,-1,1,0,0.5
1,0,-1,-1,1,0,0.5
1,0,-1,-1,1,0,0.5
1,0,-1,-1,1,0,0.5
1,0,-1,-1,1,0,0.5
1,0,-1,-1,1,0,0.5
1,0,-1,-1,1,0,0.5
1,0,-1,-1,1,0,0.5
1,0,-1,-1,1,0,0.5
1,0,-1,-1,1,0,0.5
1,0,-1,-1,1,0,0.5
1,0,-1,-1,1,0,0.5
1,0,-1,-1,1,0,0.5
1,0,-1,-1,1,0,0.5
1,0,-1,-1,1,0,0.5
1,0,-1,-1,1,0,0.5
1,0,-1,-1,1,0,0.5
1,0,-1,-1,1,0,0.5
1,0,-1,-1,1,0,0.5
1,0,-1,-1,1,0,0.5
1,0,-1,-1,1,0,0.5
1,0,-1,-1,1,0,0.5
1,0,-1,-1,1,0,0.5
1,0,-1,-1,1,0,0.5
1,0,-1,-1,1,0,0.5
1,0,-1,-1,1,0,0.5
1,0,-1,-1,1,0,0.5
1,0,-1,-1,1,0,0.5
1,0,-1,-1,1,0,0.5
1,0,-1,-1,1,0,0.5
1,0,-1,-1,1,0,0.5
1,0,-1,-1,1,0,0.5
1,0,-1,-1,1,0,0.5
1,0,-1,-1,1,0,0.5
1,0,-1,-1,1,0,0.5
1,0,-1,-1,1,0,0.5
1,0,-1,-1,1,0,0.5
1,0,-1,-1,1,0,0.5
1,0,-1,-1,1,0,0.5
1,0,-1,-1,1,0,0.5
1,0,-1,-1,1,0,0.5
1,0,-1,-1,1,0,0.5
1,0,-1,-1,1,0,0.5
1,0,-1,-1,1,0,0.5
1,0,-1,-1,1,0,0.5
1,0,-1,-1,1,0,0.5
1,0,-1,-1,1,0,0.5
1,0,-1,-1,1,0,0.5
1,0,-1,-1,1,0,0.5
1,0,-1,-1,1,0,0.5
1,0,-1,-1,1,0,0.5
1,0,-1,-1,1,0,0.5
1,0,-1,-1,1,0,0.5
1,0,-1,-1,1,0,0.5
1,0,-1,-1,1,0,0.5
1,0,-1,-1,1,0,0.5
1,0,-1,-1,1,0,0.5
1,0,-1,-1,1,0,0.5
1,0,-1,-1,1,0,0.5
1,0,-1,-1,1,0,0.5
1,0,-1,-1,1,0,0.5
1,0,-1,-1,1,0,0.5
1,0,-1,-1,1,0,0.5
1,0,-1,-1,1,0,0.5
1,0,-1,-1,1,0,0.5
1,0,-1,-1,1,0,0.5
1,0,-1,-1,1,0,0.5
1,0,-1,-1,1,0,0.5
1,0,-1,-1,1,0,0.5
1,0,-1,-1,1,0,0.5
1,0,-1,-1,1,0,0.5
1,0,-1,-1,1,0,0.5
1,0,-1,-1,1,0,0.5
1,0,-1,-1,1,0,0.5
1,0,-1,-1,1,0,0.5
1,0,-1,-1,1,0,0.5
1,0,-1,-1,1,0,0.5
1,0,-1,-1,1,0,0.5
1,0,-1,-1,1,0,0.5
1,0,-1,-1,1,0,0.5
1,0,-1,-1,1,0,0.5
1,0,-1,-1,1,0,0.5
1,0,-1,-1,1,0,0.5
1,0,-1,-1,1,0,0.5
1,0,-1,-1,1,0,0.5
1,0,-1,-1,1,0,0.5
1,0,-1,-1,1,0,0.5
1,0,-1,-1,1,0,0.5
1,0,-1,-1,1,0,0.5
1,0,-1,-1,1,0,0.5
1,0,-1,-1,1,0,0.5
1,0,-1,-1,1,0,0.5
1,0,-1,-1,1,0,0.5
1,0,-1,-1,1,0,0.5
1,0,-1,-1,1,0,0.5
1,0,-1,-1,1,0,0.5
1,0,-1,-1,1,0,0.5
1,0,-1,-1,1,0,0.5
1,0,-1,-1,1,0,0.5
1,0,-1,-1,1,0,0.5
1,0,-1,-1,1,0,0.5
1,0,-1,-1,1,0,0.5
1,0,-1,-1,1,0,0.5
1,0,-1,-1,1,0,0.5
1,0,-1,-1,1,0,0.5
1,0,-1,-1,1,0,0.5
1,0,-1,-1,1,0,0.5
1,0,-1,-1,1,0,0.5
1,0,-1,-1,1,0,0.5
1,0,-1,-1,1,0,0.5
1,0,-1,-1,1,0,0.5
1,0,-1,-1,1,0,0.5
1,0,-1,-1,1,0,0.5
1,0,-1,-1,1,0,0.5
1,0,-1,-1,1,0,0.5
1,0,-1,-1,1,0,0.5
1,0,-1,-1,1,0,0.5
1,0,-1,-1,1,0,0.5
1,0,-1,-1,1,0,0.5
1,0,-1,-1,1,0,0.5
1,0,-1,-1,1,0,0.5
1,0,-1,-1,1,0,0.5
1,0,-1,-1,1,0,0.5
1,0,-1,-1,1,0,0.5
1,0,-1,-1,1,0,0.5
1,0,-1,-1,1,0,0.5
1,0,-1,-1,1,0,0.5
1,0,-1,-1,1,0,0.5
1,0,-1,-1,1,0,0.5
1,0,-1,-1,1,0,0.5
1,0,-1,-1,1,0,0.5
1,0,-1,-1,1,0,0.5
1,0,-1,-1,1,0,0.5
1,0,-1,-1,1,0,0.5
1,0,-1,-1,1,0,0.5
1,0,-1,-1,1,0,0.5
1,0,-1,-1,1,0,0.5
1,0,-1,-1,1,0,0.5
1,0,-1,-1,1,0,0.5
1,0,-1,-1,1,0,0.5
1,0,-1,-1,1,0,0.5
1,0,-1,-1,1,0,0.5
1,0,-1,-1,1,0,0.5
1,0,-1,-1,1,0,0.5
1,0,-1,-1,1,0,0.5
1,0,-1,-1,1,0,0.5
1,0,-1,-1,1,0,0.5
1,0,-1,-1,1,0,0.5
1,0,-1,-1,1,0,0.5
1,0,-1,-1,1,0,0.5
1,0,-1,-1,1,0,0.5
1,0,-1,-1,1,0,0.5
1,0,-1,-1,1,0,0.5
1,0,-1,-1,1,0,0.5
1,0,-1,-1,1,0,0.5
1,0,-1,-1,1,0,0.5
1,0,-1,-1,1,0,0.5
1,0,-1,-1,1,0,0.5
1,0,-1,-1,1,0,0.5
1,0,-1,-1,1,0,0.5
1,0,-1,-1,1,0,0.5
1,0,-1,-1,1,0,0.5
1,0,-1,-1,1,0,0.5
1,0,-1,-1,1,0,0.5
1,0,-1,-1,1,0,0.5
1,0,-1,-1,1,0,0.5
1,0,-1,-1,1,0,0.5
1,0,-1,-1,1,0,0.5
1,0,-1,-1,1,0,0.5
1,0,-1,-1,1,0,0.5
1,0,-1,-1,1,0,0.5
1,0,-1,-1,1,0,0.5
1,0,-1,-1,1,0,0.5
1,0,-1,-1,1,0,0.5
1,0,-1,-1,1,0,0.5
1,0,-1,-1,1,0,0.5
1,0,-1,-1,1,0,0.5
1,0,-1,-1,1,0,0.5
1,0,-1,-1,1,0,0.5
1,0,-1,-1,1,0,0.5
1,0,-1,-1,1,0,0.5
1,0,-1,-1,1,0,0.5
1,0,-1,-1,1,0,0.5
1,0,-1,-1,1,0,0.5
1,0,-1,-1,1,0,0.5
1,0,-1,-1,1,0,0.5
1,0,-1,-1,1,0,0.5
1,0,-1,-1,1,0,0.5
1,0,-1,-1,1,0,0.5
1,0,-1,-1,1,0,0.5
1,0,-1,-1,1,0,0.5
1,0,-1,-1,1,0,0.5
1,0,-1,-1,1,0,0.5
1,0,-1,-1,1,0,0.5
1,0,-1,-1,1,0,0.5
1,0,-1,-1,1,0,0.5
1,0,-1,-1,1,0,0.5
1,0,-1,-1,1,0,0.5
1,0,-1,-1,1,0,0.5
1,0,-1,-1,1,0,0.5
1,0,-1,-1,1,0,0.5
1,0,-1,-1,1,0,0.5
1,0,-1,-1,1,0,0.5
1,0,-1,-1,1,0,0.5
1,0,-1,-1,1,0,0.5
1,0,-1,-1,1,0,0.5
1,0,-1,-1,1,0,0.5
1,0,-1,-1,1,0,0.5
1,0,-1,-1,1,0,0.5
1,0,-1,-1,1,0,0.5
1,0,-1,-1,1,0,0.5
1,0,-1,-1,1,0,0.5
1,0,-1,-1,1,0,0.5
1,0,-1,-1,1,0,0.5
1,0,-1,-1,1,0,0.5
1,0,-1,-1,1,0,0.5
1,0,-1,-1,1,0,0.5
1,0,-1,-1,1,0,0.5
1,0,-1,-1,1,0,0.5
1,0,-1,-1,1,0,0.5
1,0,-1,-1,1,0,0.5
1,0,-1,-1,1,0,0.5
1,0,-1,-1,1,0,0.5
1,0,-1,-1,1,0,0.5
1,0,-1,-1,1,0,0.5
1,0,-1,-1,1,0,0.5
1,0,-1,-1,1,0,0.5
1,0,-1,-1,1,0,0.5
1,0,-1,-1,1,0,0.5
1,0,-1,-1,1,0,0.5
1,0,-1,-1,1,0,0.5
1,0,-1,-1,1,0,0.5
1,0,-1,-1,1,0,0.5
1,0,-1,-1,1,0,0.5
1,0,-1,-1,1,0,0.5
1,0,-1,-1,1,0,0.5
1,0,-1,-1,1,0,0.5
1,0,-1,-1,1,0,0.5
1,0,-1,-1,1,0,0.5
1,0,-1,-1,1,0,0.5
1,0,-1,-1,1,0,0.5
1,0,-1,-1,1,0,0.5
1,0,-1,-1,1,0,0.5
1,0,-1,-1,1,0,0.5
1,0,-1,-1,1,0,0.5
1,0,-1,-1,1,0,0.5
1,0,-1,-1,1,0,0.5
1,0,-1,-1,1,0,0.5
1,0,-1,-1,1,0,0.5
1,0,-1,-1,1,0,0.5
1,0,-1,-1,1,0,0.5
1,0,-1,-1,1,0,0.5
1,0,-1,-1,1,0,0.5
2,1,0,0,1,0,0.0
2,1,0,0,1,0,0.0
2,1,0,0,1,0,0.0
2,1,0,0,1,0,0.0
2,1,0,0,1,0,0.0
2,1,0,0,1,0,0.0
2,1,0,0,1,0,0.0
2,1,0,0,1,0,0.0
2,1,0,0,1,0,0.0
2,1,0,0,1,0,0.0
2,1,0,0,1,0,0.0
2,1,0,0,1,0,0.0
2,1,0,0,1,0,0.0
2,1,0,0,1,0,0.0
2,1,0,0,1,0,0.0
2,1,0,0,1,0,0.0
2,1,0,0,1,0,0.0
2,1,0,0,1,0,0.0
2,1,0,0,1,0,0.0
2,1,0,0,1,0,0.0
2,1,0,0,1,0,0.0
2,1,0,0,1,0,0.0
2,1,0,0,1,0,0.0
2,1,0,0,1,0,0.0
2,1,0,0,1,0,0.0
2,1,0,0,1,0,0.0
2,1,0,0,1,0,0.0
2,1,0,0,1,0,0.0
2,1,0,0,1,0,0.0
2,1,0,0,1,0,0.0
2,1,0,0,1,0,0.0
2,1,0,0,1,0,0.0
2,1,0,0,1,0,0.0
2,1,0,0,1,0,0.0
2,1,0,0,1,0,0.0
2,1,0,0,1,0,0.0
2,1,0,0,1,0,0.0
2,1,0,0,1,0,0.0
2,1,0,0,1,0,0.0
2,1,0,0,1,0,0.0
2,1,0,0,1,0,0.0
2,1,0,0,1,0,0.0
2,1,0,0,1,0,0.0
2,1,0,0,1,0,0.0
2,1,0,0,1,0,0.0
2,1,0,0,1,0,0.0
2,1,0,0,1,0,0.0
2,1,0,0,1,0,0.0
2,1,0,0,1,0,0.0
2,1,0,0,1,0,0.0
2,1,0,0,1,0,0.0
2,1,0,0,1,0,0.0
2,1,0,0,1,0,0.0
2,1,0,0,1,0,0.0
2,1,0,0,1,0,0.0
2,1,0,0,1,0,0.0
2,1,0,0,1,0,0.0
2,1,0,0,1,0,0.0
2,1,0,0,1,0,0.0
2,1,0,0,1,0,0.0
2,1,0,0,1,0,0.0
2,1,0,0,1,0,0.0
2,1,0,0,1,0,0.0
2,1,0,0,1,0,0.0
2,1,0,0,1,0,0.0
2,1,0,0,1,0,0.0
2,1,0,0,1,0,0.0
2,1,0,0,1,0,0.0
2,1,0,0,1,0,0.0
2,1,0,0,1,0,0.0
2,1,0,0,1,0,0.0
2,1,0,0,1,0,0.0
2,1,0,0,1,0,0.0
2,1,0,0,1,0,0.0
2,1,0,0,1,0,0.0
2,1,0,0,1,0,0.0
2,1,0,0,1,0,0.0
2,1,0,0,1,0,0.0
2,1,0,0,1,0,0.0
2,1,0,0,1,0,0.0
2,1,0,0,1,0,0.0
2,1,0,0,1,0,0.0
2,1,0,0,1,0,0.0
2,1,0,0,1,0,0.0
2,1,0,0,1,0,0.0
2,1,0,0,1,0,0.0
2,1,0,0,1,0,0.0
2,1,0,0,1,0,0.0
2,1,0,0,1,0,0.0
2,1,0,0,1,0,0.0
2,1,0,0,1,0,0.0
2,1,0,0,1,0,0.0
2,1,0,0,1,0,0.0
2,1,0,0,1,0,0.0
2,1,0,0,1,0,0.0
2,1,0,0,1,0,0.0
2,1,0,0,1,0,0.0
2,1,0,0,1,0,0.0
2,1,0,0,1,0,0.0
2,1,0,0,1,0,0.0
2,1,0,0,1,0,0.0
2,1,0,0,1,0,0.0
2,1,0,0,1,0,0.0
2,1,0,0,1,0,0.0
2,1,0,0,1,0,0.0
2,1,1,0,1,0,0.25
2,1,1,0,1,0,0.25
2,1,1,0,1,0,0.25
2,1,1,0,1,0,0.25
2,1,1,0,1,0,0.25
2,1,1,0,1,0,0.25
2,1,1,0,1,0,0.25
2,1,1,0,1,0,0.25
2,1,1,0,1,0,0.25
2,1,1,0,1,0,0.25
2,1,1,0,1,0,0.25
2,1,1,0,1,0,0.25
2,1,1,0,1,0,0.25
2,1,1,0,1,0,0.25
2,1,1,0,1,0,0.25
2,1,1,0,1,0,0.125
2,1,1,0,1,0,0.125
2,1,1,0,1,0,0.125
2,1,1,0,1,0,0.1875
2,1,1,0,1,0,0.15625
2,1,1,0,1,0,0.1875
2,1,1,0,1,0,0.125
2,1,1,0,1,0,0.1875
2,1,1,0,1,0,0.21875
2,1,1,0,1,0,0.1875
2,1,1,0,1,0,0.15625
2,1,1,0,1,0,0.1875
2,1,1,0,1,0,0.125
2,1,1,0,1,0,0.125
2,1,1,0,1,0,0.125
2,1,1,0,1,0,0.25
2,1,1,0,1,0,0.25
2,1,1,0,1,0,0.25
2,1,1,0,1,0,0.125
2,1,1,0,1,0,0.125
2,1,1,0,1,0,0.125
2,1,1,0,1,0,0.0625
2,1,1,0,1,0,0.1875
2,1,1,0,1,0,0.125
2,1,1,0,1,0,0.09375
2,1,1,0,1,0,0.15625
2,1,1,0,1,0,0.125
2,1,1,0,1,0,0.0625
2,1,1,0,1,0,0.09375
2,1,1,0,1,0,0.0625
2,1,1,0,1,0,0.125
2,1,1,0,1,0,0.1875
2,1,1,0,1,0,0.125
2,1,1,0,1,0,0.1875
2,1,1,0,1,0,0.21875
2,1,1,0,1,0,0.1875
2,1,1,0,1,0,0.125
2,1,1,0,1,0,0.125
2,1,1,0,1,0,0.125
2,1,1,0,1,0,0.1875
2,1,1,0,1,0,0.125
2,1,1,0,1,0,0.0625
2,1,1,0,1,0,0.125
2,1,1,0,1,0,0.0625
2,1,1,0,1,0,0.03125
2,1,1,0,1,0,0.25
2,1,1,0,1,0,0.125
2,1,1,0,1,0,0.0625
2,1,1,0,1,0,0.25
2,1,1,0,1,0,0.125
2,1,1,0,1,0,0.09375
2,1,1,0,1,0,0.25
2,1,1,0,1,0,0.1875
2,1,1,0,1,0,0.15625
2,1,1,0,1,0,0.125
2,1,1,0,1,0,0.125
2,1,1,0,1,0,0.125
2,1,1,0,1,0,0.0625
2,1,1,0,1,0,0.09375
2,1,1,0,1,0,0.0625
2,1,1,0,1,0,0.125
2,1,1,0,1,0,0.1875
2,1,1,0,1,0,0.125
2,1,1,0,1,0,0.125
2,1,1,0,1,0,0.15625
2,1,1,0,1,0,0.1875
2,1,1,0,1,0,0.125
2,1,1,0,1,0,0.1875
2,1,1,0,1,0,0.15625
2,1,1,0,1,0,0.1875
2,1,1,0,1,0,0.21875
2,1,1,0,1,0,0.1875
2,1,1,0,1,0,0.125
2,1,1,0,1,0,0.125
2,1,1,0,1,0,0.125
2,1,1,0,1,0,0.25
2,1,1,0,1,0,0.25
2,1,1,0,1,0,0.25
2,1,1,0,1,0,0.25
2,1,1,0,1,0,0.25
2,1,1,0,1,0,0.25
2,1,1,0,1,0,0.25
2,1,1,0,1,0,0.25
2,1,1,0,1,0,0.25
2,1,1,0,1,0,0.25
2,1,1,0,1,0,0.25
2,1,1,0,1,0,0.25
2,1,1,0,1,0,0.25
2,1,1,0,1,0,0.25
2,1,1,0,1,0,0.25
2,1,0,0,1,0,0.0
2,1,0,0,1,0,0.0
2,1,0,0,1,0,0.0
2,1,0,0,1,0,0.0
2,1,0,0,1,0,0.0
2,1,0,0,1,0,0.0
2,1,0,0,1,0,0.0
2,1,0,0,1,0,0.0
2,1,0,0,1,0,0.0
2,1,0,0,1,0,0.0
2,1,0,0,1,0,0.0
2,1,0,0,1,0,0.0
2,1,0,0,1,0,0.0
2,1,0,0,1,0,0.0
2,1,0,0,1,0,0.0
2,1,2,0,1,0,0.25
2,1,2,0,1,0,0.25
2,1,2,0,1,0,0.25
2,1,2,0,1,0,0.25
2,1,2,0,1,0,0.25
2,1,2,0,1,0,0.25
2,1,2,0,1,0,0.25
2,1,2,0,1,0,0.25
2,1,2,0,1,0,0.25
2,1,2,0,1,0,0.25
2,1,2,0,1,0,0.25
2,1,2,0,1,0,0.25
2,1,2,0,1,0,0.25
2,1,2,0,1,0,0.25
2,1,2,0,1,0,0.25
2,1,2,0,1,0,0.375
2,1,2,0,1,0,0.375
2,1,2,0,1,0,0.375
2,1,2,0,1,0,0.125
2,1,2,0,1,0,0.1875
2,1,2,0,1,0,0.125
2,1,2,0,1,0,0.25
2,1,2,0,1,0,0.21875
2,1,2,0,1,0,0.125
2,1,2,0,1,0,0.1875
2,1,2,0,1,0,0.28125
2,1,2,0,1,0,0.125
2,1,2,0,1,0,0.25
2,1,2,0,1,0,0.25
2,1,2,0,1,0,0.25
2,1,2,0,1,0,0.3125
2,1,2,0,1,0,0.34375
2,1,2,0,1,0,0.3125
2,1,2,0,1,0,0.1875
2,1,2,0,1,0,0.28125
2,1,2,0,1,0,0.1875
2,1,2,0,1,0,0.25
2,1,2,0,1,0,0.125
2,1,2,0,1,0,0.0625
2,1,2,0,1,0,0.25
2,1,2,0,1,0,0.21875
2,1,2,0,1,0,0.125
2,1,2,0,1,0,0.25
2,1,2,0,1,0,0.25
2,1,2,0,1,0,0.25
2,1,2,0,1,0,0.375
2,1,2,0,1,0,0.3125
2,1,2,0,1,0,0.28125
2,1,2,0,1,0,0.3125
2,1,2,0,1,0,0.21875
2,1,2,0,1,0,0.15625
2,1,2,0,1,0,0.375
2,1,2,0,1,0,0.1875
2,1,2,0,1,0,0.09375
2,1,2,0,1,0,0.125
2,1,2,0,1,0,0.1875
2,1,2,0,1,0,0.125
2,1,2,0,1,0,0.25
2,1,2,0,1,0,0.25
2,1,2,0,1,0,0.25
2,1,2,0,1,0,0.3125
2,1,2,0,1,0,0.34375
2,1,2,0,1,0,0.3125
2,1,2,0,1,0,0.21875
2,1,2,0,1,0,0.28125
2,1,2,0,1,0,0.1875
2,1,2,0,1,0,0.3125
2,1,2,0,1,0,0.21875
2,1,2,0,1,0,0.15625
2,1,2,0,1,0,0.1875
2,1,2,0,1,0,0.28125
2,1,2,0,1,0,0.1875
2,1,2,0,1,0,0.25
2,1,2,0,1,0,0.25
2,1,2,0,1,0,0.25
2,1,2,0,1,0,0.375
2,1,2,0,1,0,0.375
2,1,2,0,1,0,0.375
2,1,2,0,1,0,0.3125
2,1,2,0,1,0,0.34375
2,1,2,0,1,0,0.3125
2,1,2,0,1,0,0.375
2,1,2,0,1,0,0.3125
2,1,2,0,1,0,0.28125
2,1,2,0,1,0,0.3125
2,1,2,0,1,0,0.34375
2,1,2,0,1,0,0.3125
2,1,2,0,1,0,0.375
2,1,2,0,1,0,0.375
2,1,2,0,1,0,0.375
2,1,1,0,1,0,0.25
2,1,1,0,1,0,0.25
2,1,1,0,1,0,0.25
2,1,1,0,1,0,0.125
2,1,1,0,1,0,0.1875
2,1,1,0,1,0,0.125
2,1,1,0,1,0,0.25
2,1,1,0,1,0,0.125
2,1,1,0,1,0,0.0625
2,1,1,0,1,0,0.125
2,1,1,0,1,0,0.1875
2,1,1,0,1,0,0.125
2,1,1,0,1,0,0.25
2,1,1,0,1,0,0.25
2,1,1,0,1,0,0.25
2,1,1,0,1,0,0.125
2,1,1,0,1,0,0.125
2,1,1,0,1,0,0.125
2,1,1,0,1,0,0.0625
2,1,1,0,1,0,0.09375
2,1,1,0,1,0,0.0625
2,1,1,0,1,0,0.125
2,1,1,0,1,0,0.0625
2,1,1,0,1,0,0.03125
2,1,1,0,1,0,0.0625
2,1,1,0,1,0,0.09375
2,1,1,0,1,0,0.0625
2,1,1,0,1,0,0.125
2,1,1,0,1,0,0.125
2,1,1,0,1,0,0.125
2,1,1,0,1,0,0.25
2,1,1,0,1,0,0.25
2,1,1,0,1,0,0.25
2,1,3,0,1,0,0.25
2,1,3,0,1,0,0.25
2,1,3,0,1,0,0.25
2,1,3,0,1,0,0.25
2,1,3,0,1,0,0.25
2,1,3,0,1,0,0.25
2,1,3,0,1,0,0.25
2,1,3,0,1,0,0.25
2,1,3,0,1,0,0.25
2,1,3,0,1,0,0.25
2,1,3,0,1,0,0.25
2,1,3,0,1,0,0.25
2,1,1,0,1,0,0.125
2,1,1,0,1,0,0.1875
2,1,1,0,1,0,0.125
2,1,3,0,1,0,0.25
2,1,3,0,1,0,0.3125
2,1,3,0,1,0,0.25
2,1,3,0,1,0,0.375
2,1,3,0,1,0,0.125
2,1,3,0,1,0,0.25
2,1,3,0,1,0,0.375
2,1,3,0,1,0,0.125
2,1,3,0,1,0,0.25
2,1,3,0,1,0,0.375
2,1,3,0,1,0,0.21875
2,1,3,0,1,0,0.3125
2,1,1,0,1,0,0.25
2,1,1,0,1,0,0.125
2,1,1,0,1,0,0.0625
2,1,3,0,1,0,0.375
2,1,3,0,1,0,0.21875
2,1,3,0,1,0,0.25
2,1,3,0,1,0,0.4375
2,1,3,0,1,0,0.125
2,1,3,0,1,0,0.25
2,1,3,0,1,0,0.3125
2,1,3,0,1,0,0.1875
2,1,3,0,1,0,0.25
2,1,3,0,1,0,0.375
2,1,3,0,1,0,0.28125
2,1,3,0,1,0,0.25
2,1,1,0,1,0,0.125
2,1,1,0,1,0,0.1875
2,1,1,0,1,0,0.125
2,1,3,0,1,0,0.3125
2,1,3,0,1,0,0.28125
2,1,3,0,1,0,0.25
2,1,3,0,1,0,0.40625
2,1,3,0,1,0,0.1875
2,1,3,0,1,0,0.25
2,1,3,0,1,0,0.34375
2,1,3,0,1,0,0.21875
2,1,3,0,1,0,0.25
2,1,3,0,1,0,0.375
2,1,3,0,1,0,0.3125
2,1,3,0,1,0,0.375
2,1,1,0,1,0,0.25
2,1,1,0,1,0,0.25
2,1,1,0,1,0,0.25
2,1,3,0,1,0,0.375
2,1,3,0,1,0,0.375
2,1,3,0,1,0,0.375
2,1,3,0,1,0,0.4375
2,1,3,0,1,0,0.3125
2,1,3,0,1,0,0.375
2,1,3,0,1,0,0.40625
2,1,3,0,1,0,0.34375
2,1,3,0,1,0,0.375
2,1,3,0,1,0,0.4375
2,1,3,0,1,0,0.40625
2,1,3,0,1,0,0.4375
2,1,0,0,1,0,0.0
2,1,0,0,1,0,0.0
2,1,0,0,1,0,0.0
2,1,2,0,1,0,0.25
2,1,2,0,1,0,0.25
2,1,2,0,1,0,0.25
2,1,2,0,1,0,0.375
2,1,2,0,1,0,0.125
2,1,2,0,1,0,0.25
2,1,2,0,1,0,0.3125
2,1,2,0,1,0,0.1875
2,1,2,0,1,0,0.25
2,1,2,0,1,0,0.375
2,1,2,0,1,0,0.3125
2,1,2,0,1,0,0.375
2,1,0,0,1,0,0.0
2,1,0,0,1,0,0.0
2,1,0,0,1,0,0.0
2,1,2,0,1,0,0.25
2,1,2,0,1,0,0.1875
2,1,2,0,1,0,0.25
2,1,2,0,1,0,0.3125
2,1,2,0,1,0,0.125
2,1,2,0,1,0,0.25
2,1,2,0,1,0,0.28125
2,1,2,0,1,0,0.15625
2,1,2,0,1,0,0.25
2,1,2,0,1,0,0.3125
2,1,2,0,1,0,0.21875
2,1,2,0,1,0,0.3125
2,1,0,0,1,0,0.0
2,1,0,0,1,0,0.0
2,1,0,0,1,0,0.0
2,1,2,0,1,0,0.125
2,1,2,0,1,0,0.125
2,1,2,0,1,0,0.125
2,1,2,0,1,0,0.1875
2,1,2,0,1,0,0.0625
2,1,2,0,1,0,0.125
2,1,2,0,1,0,0.15625
2,1,2,0,1,0,0.09375
2,1,2,0,1,0,0.125
2,1,2,0,1,0,0.1875
2,1,2,0,1,0,0.15625
2,1,2,0,1,0,0.1875
2,1,2,0,1,0,0.25
2,1,2,0,1,0,0.25
2,1,2,0,1,0,0.25
2,1,2,0,1,0,0.25
2,1,2,0,1,0,0.25
2,1,2,0,1,0,0.25
2,1,2,0,1,0,0.25
2,1,4,0,1,0,0.25
2,1,4,0,1,0,0.25
2,1,2,0,1,0,0.25
2,1,4,0,1,0,0.25
2,1,4,0,1,0,0.25
2,1,2,0,1,0,0.25
2,1,4,0,1,0,0.25
2,1,4,0,1,0,0.25
2,1,2,0,1,0,0.375
2,1,2,0,1,0,0.125
2,1,2,0,1,0,0.25
2,1,2,0,1,0,0.3125
2,1,2,0,1,0,0.125
2,1,2,0,1,0,0.1875
2,1,2,0,1,0,0.375
2,1,4,0,1,0,0.25
2,1,4,0,1,0,0.1875
2,1,2,0,1,0,0.125
2,1,4,0,1,0,0.25
2,1,4,0,1,0,0.375
2,1,2,0,1,0,0.25
2,1,4,0,1,0,0.28125
2,1,4,0,1,0,0.375
2,1,2,0,1,0,0.3125
2,1,2,0,1,0,0.1875
2,1,2,0,1,0,0.25
2,1,2,0,1,0,0.21875
2,1,2,0,1,0,0.15625
2,1,2,0,1,0,0.25
2,1,2,0,1,0,0.3125
2,1,4,0,1,0,0.25
2,1,4,0,1,0,0.28125
2,1,2,0,1,0,0.1875
2,1,4,0,1,0,0.25
2,1,4,0,1,0,0.375
2,1,2,0,1,0,0.25
2,1,4,0,1,0,0.375
2,1,4,0,1,0,0.4375
2,1,2,0,1,0,0.375
2,1,2,0,1,0,0.3125
2,1,2,0,1,0,0.375
2,1,2,0,1,0,0.3125
2,1,2,0,1,0,0.28125
2,1,2,0,1,0,0.3125
2,1,2,0,1,0,0.375
2,1,4,0,1,0,0.375
2,1,4,0,1,0,0.375
2,1,2,0,1,0,0.3125
2,1,4,0,1,0,0.375
2,1,4,0,1,0,0.4375
2,1,2,0,1,0,0.375
2,1,4,0,1,0,0.4375
2,1,4,0,1,0,0.46875
2,1,1,0,1,0,0.25
2,1,1,0,1,0,0.125
2,1,1,0,1,0,0.25
2,1,1,0,1,0,0.125
2,1,1,0,1,0,0.0625
2,1,1,0,1,0,0.125
2,1,1,0,1,0,0.25
2,1,3,0,1,0,0.25
2,1,3,0,1,0,0.25
2,1,1,0,1,0,0.125
2,1,3,0,1,0,0.25
2,1,3,0,1,0,0.375
2,1,1,0,1,0,0.25
2,1,3,0,1,0,0.375
2,1,3,0,1,0,0.4375
2,1,1,0,1,0,0.25
2,1,1,0,1,0,0.125
2,1,1,0,1,0,0.25
2,1,1,0,1,0,0.1875
2,1,1,0,1,0,0.09375
2,1,1,0,1,0,0.1875
2,1,1,0,1,0,0.125
2,1,3,0,1,0,0.25
2,1,3,0,1,0,0.3125
2,1,1,0,1,0,0.0625
2,1,3,0,1,0,0.25
2,1,3,0,1,0,0.375
2,1,1,0,1,0,0.125
2,1,3,0,1,0,0.3125
2,1,3,0,1,0,0.40625
2,1,1,0,1,0,0.25
2,1,1,0,1,0,0.125
2,1,1,0,1,0,0.25
2,1,1,0,1,0,0.125
2,1,1,0,1,0,0.0625
2,1,1,0,1,0,0.125
2,1,1,0,1,0,0.1875
2,1,3,0,1,0,0.25
2,1,3,0,1,0,0.21875
2,1,1,0,1,0,0.09375
2,1,3,0,1,0,0.25
2,1,3,0,1,0,0.3125
2,1,1,0,1,0,0.1875
2,1,3,0,1,0,0.28125
2,1,3,0,1,0,0.34375
2,1,1,0,1,0,0.125
2,1,1,0,1,0,0.0625
2,1,1,0,1,0,0.125
2,1,1,0,1,0,0.0625
2,1,1,0,1,0,0.03125
2,1,1,0,1,0,0.0625
2,1,1,0,1,0,0.125
2,1,3,0,1,0,0.125
2,1,3,0,1,0,0.125
2,1,1,0,1,0,0.0625
2,1,3,0,1,0,0.125
2,1,3,0,1,0,0.1875
2,1,1,0,1,0,0.125
2,1,3,0,1,0,0.1875
2,1,3,0,1,0,0.21875
2,1,1,0,1,0,0.25
2,1,3,0,1,0,0.25
2,1,3,0,1,0,0.25
2,1,1,0,1,0,0.25
2,1,3,0,1,0,0.25
2,1,3,0,1,0,0.25
2,1,1,0,1,0,0.25
2,1,3,0,1,0,0.25
2,1,3,0,1,0,0.25
2,1,3,0,1,0,0.25
2,1,3,0,1,0,0.25
2,1,3,0,1,0,0.25
2,1,3,0,1,0,0.25
2,1,3,0,1,0,0.25
2,1,3,0,1,0,0.25
2,1,1,0,1,0,0.125
2,1,3,0,1,0,0.25
2,1,3,0,1,0,0.375
2,1,1,0,1,0,0.125
2,1,3,0,1,0,0.25
2,1,3,0,1,0,0.375
2,1,1,0,1,0,0.125
2,1,3,0,1,0,0.21875
2,1,3,0,1,0,0.28125
2,1,3,0,1,0,0.25
2,1,3,0,1,0,0.3125
2,1,3,0,1,0,0.25
2,1,3,0,1,0,0.375
2,1,3,0,1,0,0.3125
2,1,3,0,1,0,0.375
2,1,1,0,1,0,0.25
2,1,3,0,1,0,0.375
2,1,3,0,1,0,0.4375
2,1,1,0,1,0,0.25
2,1,3,0,1,0,0.375
2,1,3,0,1,0,0.40625
2,1,1,0,1,0,0.25
2,1,3,0,1,0,0.3125
2,1,3,0,1,0,0.34375
2,1,3,0,1,0,0.375
2,1,3,0,1,0,0.375
2,1,3,0,1,0,0.375
2,1,3,0,1,0,0.4375
2,1,3,0,1,0,0.40625
2,1,3,0,1,0,0.4375
2,1,0,0,1,0,0.0
2,1,2,0,1,0,0.25
2,1,2,0,1,0,0.375
2,1,0,0,1,0,0.0
2,1,2,0,1,0,0.25
2,1,2,0,1,0,0.3125
2,1,0,0,1,0,0.0
2,1,2,0,1,0,0.125
2,1,2,0,1,0,0.1875
2,1,2,0,1,0,0.25
2,1,2,0,1,0,0.25
2,1,2,0,1,0,0.25
2,1,2,0,1,0,0.375
2,1,2,0,1,0,0.3125
2,1,2,0,1,0,0.375
2,1,0,0,1,0,0.0
2,1,2,0,1,0,0.25
2,1,2,0,1,0,0.375
2,1,0,0,1,0,0.0
2,1,2,0,1,0,0.25
2,1,2,0,1,0,0.34375
2,1,0,0,1,0,0.0
2,1,2,0,1,0,0.1875
2,1,2,0,1,0,0.28125
2,1,2,0,1,0,0.25
2,1,2,0,1,0,0.1875
2,1,2,0,1,0,0.25
2,1,2,0,1,0,0.3125
2,1,2,0,1,0,0.21875
2,1,2,0,1,0,0.3125
2,1,0,0,1,0,0.0
2,1,2,0,1,0,0.25
2,1,2,0,1,0,0.375
2,1,0,0,1,0,0.0
2,1,2,0,1,0,0.25
2,1,2,0,1,0,0.3125
2,1,0,0,1,0,0.0
2,1,2,0,1,0,0.21875
2,1,2,0,1,0,0.21875
2,1,2,0,1,0,0.25
2,1,2,0,1,0,0.28125
2,1,2,0,1,0,0.125
2,1,2,0,1,0,0.34375
2,1,2,0,1,0,0.28125
2,1,2,0,1,0,0.1875
2,1,0,0,1,0,0.0
2,1,2,0,1,0,0.25
2,1,2,0,1,0,0.3125
2,1,0,0,1,0,0.0
2,1,2,0,1,0,0.25
2,1,2,0,1,0,0.28125
2,1,0,0,1,0,0.0
2,1,2,0,1,0,0.125
2,1,2,0,1,0,0.1875
2,1,2,0,1,0,0.25
2,1,2,0,1,0,0.21875
2,1,2,0,1,0,0.1875
2,1,2,0,1,0,0.3125
2,1,2,0,1,0,0.21875
2,1,2,0,1,0,0.28125
2,1,0,0,1,0,0.0
2,1,2,0,1,0,0.125
2,1,2,0,1,0,0.1875
2,1,0,0,1,0,0.0
2,1,2,0,1,0,0.125
2,1,2,0,1,0,0.15625
2,1,0,0,1,0,0.0
2,1,2,0,1,0,0.0625
2,1,2,0,1,0,0.09375
2,1,2,0,1,0,0.125
2,1,2,0,1,0,0.125
2,1,2,0,1,0,0.125
2,1,2,0,1,0,0.1875
2,1,2,0,1,0,0.15625
2,1,2,0,1,0,0.1875
2,1,2,0,1,0,0.25
2,1,2,0,1,0,0.25
2,1,2,0,1,0,0.25
2,1,2,0,1,0,0.25
2,1,2,0,1,0,0.25
2,1,2,0,1,0,0.25
2,1,2,0,1,0,0.25
2,1,2,0,1,0,0.25
2,1,2,0,1,0,0.25
2,1,2,0,1,0,0.25
2,1,2,0,1,0,0.25
2,1,2,0,1,0,0.25
2,1,2,0,1,0,0.25
2,1,2,0,1,0,0.25
2,1,2,0,1,0,0.25
2,1,2,0,1,0,0.375
2,1,2,0,1,0,0.3125
2,1,2,0,1,0,0.375
2,1,2,0,1,0,0.375
2,1,2,0,1,0,0.34375
2,1,2,0,1,0,0.3125
2,1,2,0,1,0,0.375
2,1,2,0,1,0,0.3125
2,1,2,0,1,0,0.34375
2,1,2,0,1,0,0.3125
2,1,2,0,1,0,0.28125
2,1,2,0,1,0,0.3125
2,1,2,0,1,0,0.375
2,1,2,0,1,0,0.375
2,1,2,0,1,0,0.375
2,1,1,0,1,0,0.25
2,1,1,0,1,0,0.125
2,1,1,0,1,0,0.25
2,1,1,0,1,0,0.25
2,1,1,0,1,0,0.1875
2,1,1,0,1,0,0.125
2,1,1,0,1,0,0.25
2,1,1,0,1,0,0.125
2,1,1,0,1,0,0.1875
2,1,1,0,1,0,0.125
2,1,1,0,1,0,0.0625
2,1,1,0,1,0,0.125
2,1,1,0,1,0,0.25
2,1,1,0,1,0,0.25
2,1,1,0,1,0,0.25
2,1,1,0,1,0,0.25
2,1,1,0,1,0,0.125
2,1,1,0,1,0,0.25
2,1,1,0,1,0,0.25
2,1,1,0,1,0,0.15625
2,1,1,0,1,0,0.1875
2,1,1,0,1,0,0.25
2,1,1,0,1,0,0.125
2,1,1,0,1,0,0.21875
2,1,1,0,1,0,0.1875
2,1,1,0,1,0,0.09375
2,1,1,0,1,0,0.1875
2,1,1,0,1,0,0.125
2,1,1,0,1,0,0.125
2,1,1,0,1,0,0.125
2,1,1,0,1,0,0.25
2,1,1,0,1,0,0.125
2,1,1,0,1,0,0.25
2,1,1,0,1,0,0.25
2,1,1,0,1,0,0.1875
2,1,1,0,1,0,0.125
2,1,1,0,1,0,0.25
2,1,1,0,1,0,0.1875
2,1,1,0,1,0,0.125
2,1,1,0,1,0,0.15625
2,1,1,0,1,0,0.15625
2,1,1,0,1,0,0.125
2,1,1,0,1,0,0.1875
2,1,1,0,1,0,0.15625
2,1,1,0,1,0,0.1875
2,1,1,0,1,0,0.25
2,1,1,0,1,0,0.1875
2,1,1,0,1,0,0.125
2,1,1,0,1,0,0.25
2,1,1,0,1,0,0.21875
2,1,1,0,1,0,0.0625
2,1,1,0,1,0,0.25
2,1,1,0,1,0,0.125
2,1,1,0,1,0,0.1875
2,1,1,0,1,0,0.1875
2,1,1,0,1,0,0.125
2,1,1,0,1,0,0.125
2,1,1,0,1,0,0.125
2,1,1,0,1,0,0.1875
2,1,1,0,1,0,0.21875
2,1,1,0,1,0,0.25
2,1,1,0,1,0,0.125
2,1,1,0,1,0,0.1875
2,1,1,0,1,0,0.25
2,1,1,0,1,0,0.125
2,1,1,0,1,0,0.09375
2,1,1,0,1,0,0.25
2,1,1,0,1,0,0.125
2,1,1,0,1,0,0.15625
2,1,1,0,1,0,0.125
2,1,1,0,1,0,0.0625
2,1,1,0,1,0,0.125
2,1,1,0,1,0,0.1875
2,1,1,0,1,0,0.15625
2,1,1,0,1,0,0.1875
2,1,1,0,1,0,0.125
2,1,1,0,1,0,0.0625
2,1,1,0,1,0,0.125
2,1,1,0,1,0,0.125
2,1,1,0,1,0,0.09375
2,1,1,0,1,0,0.0625
2,1,1,0,1,0,0.125
2,1,1,0,1,0,0.0625
2,1,1,0,1,0,0.09375
2,1,1,0,1,0,0.0625
2,1,1,0,1,0,0.03125
2,1,1,0,1,0,0.0625
2,1,1,0,1,0,0.125
2,1,1,0,1,0,0.125
2,1,1,0,1,0,0.125
2,1,1,0,1,0,0.25
2,1,1,0,1,0,0.25
2,1,1,0,1,0,0.25
2,1,1,0,1,0,0.25
2,1,1,0,1,0,0.25
2,1,1,0,1,0,0.25
2,1,1,0,1,0,0.25
2,1,1,0,1,0,0.25
2,1,1,0,1,0,0.25
2,1,1,0,1,0,0.25
2,1,1,0,1,0,0.25
2,1,1,0,1,0,0.25
2,1,1,0,1,0,0.25
2,1,1,0,1,0,0.25
2,1,1,0,1,0,0.25
2,1,0,0,1,0,0.0
2,1,0,0,1,0,0.0
2,1,0,0,1,0,0.0
2,1,0,0,1,0,0.0
2,1,0,0,1,0,0.0
2,1,0,0,1,0,0.0
2,1,0,0,1,0,0.0
2,1,0,0,1,0,0.0
2,1,0,0,1,0,0.0
2,1,0,0,1,0,0.0
2,1,0,0,1,0,0.0
2,1,0,0,1,0,0.0
2,1,0,0,1,0,0.0
2,1,0,0,1,0,0.0
2,1,0,0,1,0,0.0
2,1,0,0,1,0,0.0
2,1,0,0,1,0,0.0
2,1,0,0,1,0,0.0
2,1,0,0,1,0,0.0
2,1,0,0,1,0,0.0
2,1,0,0,1,0,0.0
2,1,0,0,1,0,0.0
2,1,0,0,1,0,0.0
2,1,0,0,1,0,0.0
2,1,0,0,1,0,0.0
2,1,0,0,1,0,0.0
2,1,0,0,1,0,0.0
2,1,0,0,1,0,0.0
2,1,0,0,1,0,0.0
2,1,0,0,1,0,0.0
2,1,0,0,1,0,0.0
2,1,0,0,1,0,0.0
2,1,0,0,1,0,0.0
2,1,0,0,1,0,0.0
2,1,0,0,1,0,0.0
2,1,0,0,1,0,0.0
2,1,0,0,1,0,0.0
2,1,0,0,1,0,0.0
2,1,0,0,1,0,0.0
2,1,0,0,1,0,0.0
2,1,0,0,1,0,0.0
2,1,0,0,1,0,0.0
2,1,0,0,1,0,0.0
2,1,0,0,1,0,0.0
2,1,0,0,1,0,0.0
2,1,0,0,1,0,0.0
2,1,0,0,1,0,0.0
2,1,0,0,1,0,0.0
2,1,0,0,1,0,0.0
2,1,0,0,1,0,0.0
2,1,0,0,1,0,0.0
2,1,0,0,1,0,0.0
2,1,0,0,1,0,0.0
2,1,0,0,1,0,0.0
2,1,0,0,1,0,0.0
2,1,0,0,1,0,0.0
2,1,0,0,1,0,0.0
2,1,0,0,1,0,0.0
2,1,0,0,1,0,0.0
2,1,0,0,1,0,0.0
2,1,0,0,1,0,0.0
2,1,0,0,1,0,0.0
2,1,0,0,1,0,0.0
2,1,0,0,1,0,0.0
2,1,0,0,1,0,0.0
2,1,0,0,1,0,0.0
2,1,0,0,1,0,0.0
2,1,0,0,1,0,0.0
2,1,0,0,1,0,0.0
2,1,0,0,1,0,0.0
2,1,0,0,1,0,0.0
2,1,0,0,1,0,0.0
2,1,0,0,1,0,0.0
2,1,0,0,1,0,0.0
2,1,0,0,1,0,0.0
2,1,0,0,1,0,0.0
2,1,0,0,1,0,0.0
2,1,0,0,1,0,0.0
2,1,0,0,1,0,0.0
2,1,0,0,1,0,0.0
2,1,0,0,1,0,0.0
2,1,0,0,1,0,0.0
2,1,0,0,1,0,0.0
2,1,0,0,1,0,0.0
2,1,0,0,1,0,0.0
2,1,0,0,1,0,0.0
2,1,0,0,1,0,0.0
2,1,0,0,1,0,0.0
2,1,0,0,1,0,0.0
2,1,0,0,1,0,0.0
2,1,0,0,1,0,0.0
2,1,0,0,1,0,0.0
2,1,0,0,1,0,0.0
2,1,0,0,1,0,0.0
2,1,0,0,1,0,0.0
2,1,0,0,1,0,0.0
2,1,0,0,1,0,0.0
2,1,0,0,1,0,0.0
2,1,0,0,1,0,0.0
2,1,0,0,1,0,0.0
2,1,0,0,1,0,0.0
2,1,0,0,1,0,0.0
2,1,0,0,1,0,0.0
2,1,0,0,1,0,0.0
2,1,0,0,1,0,0.0
3,0,-1,-1,1,0,0.5
3,0,-1,-1,1,0,0.5
3,0,-1,-1,1,0,0.5
3,0,-1,-1,1,0,0.5
3,0,-1,-1,1,0,0.5
3,0,-1,-1,1,0,0.5
3,0,-1,-1,1,0,0.5
3,0,-1,-1,1,0,0.5
3,0,-1,-1,1,0,0.5
3,0,-1,-1,1,0,0.5
3,0,-1,-1,1,0,0.5
3,0,-1,-1,1,0,0.5
3,0,-1,-1,1,0,0.5
3,0,-1,-1,1,0,0.5
3,0,-1,-1,1,0,0.5
3,0,-1,-1,1,0,0.5
3,0,-1,-1,1,0,0.5
3,0,-1,-1,1,0,0.5
3,0,-1,-1,1,0,0.5
3,0,-1,-1,1,0,0.5
3,0,-1,-1,1,0,0.5
3,0,-1,-1,1,0,0.5
3,0,-1,-1,1,0,0.5
3,0,-1,-1,1,0,0.5
3,0,-1,-1,1,0,0.5
3,0,-1,-1,1,0,0.5
3,0,-1,-1,1,0,0.5
3,0,-1,-1,1,0,0.5
3,0,-1,-1,1,0,0.5
3,0,-1,-1,1,0,0.5
3,0,-1,-1,1,0,0.5
3,0,-1,-1,1,0,0.5
3,0,-1,-1,1,0,0.5
3,0,-1,-1,1,0,0.5
3,0,-1,-1,1,0,0.5
3,0,-1,-1,1,0,0.5
3,0,-1,-1,1,0,0.5
3,0,-1,-1,1,0,0.5
3,0,-1,-1,1,0,0.5
3,0,-1,-1,1,0,0.5
3,0,-1,-1,1,0,0.5
3,0,-1,-1,1,0,0.5
3,0,-1,-1,1,0,0.5
3,0,-1,-1,1,0,0.5
3,0,-1,-1,1,0,0.5
3,0,-1,-1,1,0,0.5
3,0,-1,-1,1,0,0.5
3,0,-1,-1,1,0,0.5
3,0,-1,-1,1,0,0.5
3,0,-1,-1,1,0,0.5
3,0,-1,-1,1,0,0.5
3,0,-1,-1,1,0,0.5
3,0,-1,-1,1,0,0.5
3,0,-1,-1,1,0,0.5
3,0,-1,-1,1,0,0.5
3,0,-1,-1,1,0,0.5
3,0,-1,-1,1,0,0.5
3,0,-1,-1,1,0,0.5
3,0,-1,-1,1,0,0.5
3,0,-1,-1,1,0,0.5
3,0,-1,-1,1,0,0.5
3,0,-1,-1,1,0,0.5
3,0,-1,-1,1,0,0.5
3,0,-1,-1,1,0,0.5
3,0,-1,-1,1,0,0.5
3,0,-1,-1,1,0,0.5
3,0,-1,-1,1,0,0.5
3,0,-1,-1,1,0,0.5
3,0,-1,-1,1,0,0.5
3,0,-1,-1,1,0,0.5
3,0,-1,-1,1,0,0.5
3,0,-1,-1,1,0,0.5
3,0,-1,-1,1,0,0.5
3,0,-1,-1,1,0,0.5
3,0,-1,-1,1,0,0.5
3,0,-1,-1,1,0,0.5
3,0,-1,-1,1,0,0.5
3,0,-1,-1,1,0,0.5
3,0,-1,-1,1,0,0.5
3,0,-1,-1,1,0,0.5
3,0,-1,-1,1,0,0.5
3,0,-1,-1,1,0,0.5
3,0,-1,-1,1,0,0.5
3,0,-1,-1,1,0,0.5
3,0,-1,-1,1,0,0.5
3,0,-1,-1,1,0,0.5
3,0,-1,-1,1,0,0.5
3,0,-1,-1,1,0,0.5
3,0,-1,-1,1,0,0.5
3,0,-1,-1,1,0,0.5
3,0,-1,-1,1,0,0.5
3,0,-1,-1,1,0,0.5
3,0,-1,-1,1,0,0.5
3,0,-1,-1,1,0,0.5
3,0,-1,-1,1,0,0.5
3,0,-1,-1,1,0,0.5
3,0,-1,-1,1,0,0.5
3,0,-1,-1,1,0,0.5
3,0,-1,-1,1,0,0.5
3,0,-1,-1,1,0,0.5
3,0,-1,-1,1,0,0.5
3,0,-1,-1,1,0,0.5
3,0,-1,-1,1,0,0.5
3,0,-1,-1,1,0,0.5
3,0,-1,-1,1,0,0.5
3,2,1,1,1,2,0.0
3,2,1,1,1,2,0.0
3,2,1,1,1,2,0.0
3,2,1,1,1,2,0.0
3,2,1,1,1,2,0.0
3,2,1,1,1,2,0.0
3,2,1,1,1,2,0.0
3,2,1,1,1,2,0.0
3,2,1,1,1,2,0.0
3,2,1,1,1,2,0.0
3,2,1,1,1,2,0.0
3,2,1,1,1,2,0.0
3,2,1,1,1,2,0.0
3,2,1,1,1,2,0.0
3,2,1,1,1,2,0.0
3,2,1,1,1,2,0.0
3,2,1,1,1,2,0.0
3,2,1,1,1,2,0.0
3,2,1,1,1,2,0.0
3,2,1,1,1,2,0.0
3,2,1,1,1,2,0.0
3,2,1,1,1,2,0.0
3,2,1,1,1,2,0.0
3,2,1,1,1,2,0.0
3,2,1,1,1,2,0.0
3,2,1,1,1,2,0.0
3,2,1,1,1,2,0.0
3,2,1,1,1,2,0.0
3,2,1,1,1,2,0.0
3,2,1,1,1,2,0.0
3,2,1,1,1,2,0.0
3,2,1,1,1,2,0.0
3,2,1,1,1,2,0.0
3,2,1,1,1,2,0.0
3,2,1,1,1,2,0.0
3,2,1,1,1,2,0.0
3,2,1,1,1,2,0.0
3,2,1,1,1,2,0.0
3,2,1,1,1,2,0.0
3,2,1,1,1,2,0.0
3,2,1,1,1,2,0.0
3,2,1,1,1,2,0.0
3,2,1,1,1,2,0.0
3,2,1,1,1,2,0.0
3,2,1,1,1,2,0.0
3,2,1,1,1,2,0.0
3,2,1,1,1,2,0.0
3,2,1,1,1,2,0.0
3,2,1,1,1,2,0.0
3,2,1,1,1,2,0.0
3,2,1,1,1,2,0.0
3,2,1,1,1,2,0.0
3,2,1,1,1,2,0.0
3,2,1,1,1,2,0.0
3,2,1,1,1,2,0.0
3,2,1,1,1,2,0.0
3,2,1,1,1,2,0.0
3,2,1,1,1,2,0.0
3,2,1,1,1,2,0.0
3,2,1,1,1,2,0.0
3,2,1,1,1,2,0.0
3,2,1,1,1,2,0.0
3,2,1,1,1,2,0.0
3,2,1,1,1,2,0.0
3,2,1,1,1,2,0.0
3,2,1,1,1,2,0.0
3,2,1,1,1,2,0.0
3,2,1,1,1,2,0.0
3,2,1,1,1,2,0.0
3,2,1,1,1,2,0.0
3,2,1,1,1,2,0.0
3,2,1,1,1,2,0.0
3,2,1,1,1,2,0.0
3,2,1,1,1,2,0.0
3,2,1,1,1,2,0.0
3,2,1,1,1,2,0.0
3,2,1,1,1,2,0.0
3,2,1,1,1,2,0.0
3,2,1,1,1,2,0.0
3,2,1,1,1,2,0.0
3,2,1,1,1,2,0.0
3,2,1,1,1,2,0.0
3,2,1,1,1,2,0.0
3,2,1,1,1,2,0.0
3,2,1,1,1,2,0.0
3,2,1,1,1,2,0.0
3,2,1,1,1,2,0.0
3,2,1,1,1,2,0.0
3,2,1,1,1,2,0.0
3,2,1,1,1,2,0.0
3,2,1,1,1,2,0.0
3,2,1,1,1,2,0.0
3,2,1,1,1,2,0.0
3,2,1,1,1,2,0.0
3,2,1,1,1,2,0.0
3,2,1,1,1,2,0.0
3,2,1,1,1,2,0.0
3,2,1,1,1,2,0.0
3,2,1,1,1,2,0.0
3,2,1,1,1,2,0.0
3,2,1,1,1,2,0.0
3,2,1,1,1,2,0.0
3,2,1,1,1,2,0.0
3,2,1,1,1,2,0.0
3,2,1,1,1,2,0.0
3,2,0,0,0,0,-0.25
3,2,0,0,0,0,-0.25
3,2,0,0,0,0,-0.25
3,2,0,0,0,0,-0.25
3,2,0,0,0,0,-0.25
3,2,0,0,0,0,-0.25
3,2,0,0,0,0,-0.25
3,2,0,0,0,0,-0.25
3,2,0,0,0,0,-0.25
3,2,0,0,0,0,-0.25
3,2,0,0,0,0,-0.25
3,2,0,0,0,0,-0.25
3,2,0,0,0,0,-0.25
3,2,0,0,0,0,-0.25
3,2,0,0,0,0,-0.25
3,2,2,1,1,2,0.25
3,2,2,1,1,2,0.25
3,2,2,1,1,2,0.25
3,2,2,1,1,2,0.125
3,2,2,1,1,2,0.1875
3,2,2,1,1,2,0.125
3,2,2,1,1,2,0.25
3,2,2,1,1,2,0.125
3,2,2,1,1,2,0.0625
3,2,2,1,1,2,0.125
3,2,2,1,1,2,0.1875
3,2,2,1,1,2,0.125
3,2,2,1,1,2,0.25
3,2,2,1,1,2,0.25
3,2,2,1,1,2,0.25
3,2,1,1,1,2,0.0
3,2,1,1,1,2,0.0
3,2,1,1,1,2,0.0
3,2,2,1,1,2,0.0625
3,2,2,1,1,2,0.15625
3,2,2,1,1,2,0.0625
3,2,2,1,1,2,0.25
3,2,2,1,1,2,0.03125
3,2,2,1,1,2,0.03125
3,2,2,1,1,2,0.125
3,2,2,1,1,2,0.125
3,2,2,1,1,2,0.0625
3,2,2,1,1,2,0.25
3,2,2,1,1,2,0.25
3,2,2,1,1,2,0.25
3,2,2,1,1,2,0.125
3,2,2,1,1,2,0.0625
3,2,2,1,1,2,0.125
3,2,2,1,1,2,-0.0625
3,2,2,1,1,2,-0.03125
3,2,2,1,1,2,-0.0625
3,2,2,1,1,2,0.25
3,2,2,1,1,2,0.0625
3,2,2,1,1,2,-0.03125
3,2,2,1,1,2,0.125
3,2,2,1,1,2,0.09375
3,2,2,1,1,2,0.09375
3,2,2,1,1,2,0.25
3,2,2,1,1,2,0.25
3,2,2,1,1,2,0.25
3,2,1,1,1,2,0.0
3,2,2,1,1,2,0.125
3,2,2,1,1,2,0.1875
3,2,1,1,1,2,0.0
3,2,2,1,1,2,0.09375
3,2,2,1,1,2,0.03125
3,2,1,1,1,2,0.0
3,2,2,1,1,2,-0.0625
3,2,2,1,1,2,-0.09375
3,2,2,1,1,2,0.0625
3,2,2,1,1,2,0.15625
3,2,2,1,1,2,0.0625
3,2,2,1,1,2,0.25
3,2,2,1,1,2,0.25
3,2,2,1,1,2,0.25
3,2,2,1,1,2,0.125
3,2,2,1,1,2,0.0625
3,2,2,1,1,2,0.125
3,2,2,1,1,2,0.0625
3,2,2,1,1,2,0.125
3,2,2,1,1,2,-0.0625
3,2,2,1,1,2,0.125
3,2,2,1,1,2,0.03125
3,2,2,1,1,2,-0.03125
3,2,2,1,1,2,-0.0625
3,2,2,1,1,2,-0.03125
3,2,2,1,1,2,-0.0625
3,2,2,1,1,2,0.25
3,2,2,1,1,2,0.25
3,2,2,1,1,2,0.25
3,2,1,1,1,2,0.0
3,2,1,1,1,2,0.0
3,2,1,1,1,2,0.0
3,2,1,1,1,2,0.0
3,2,1,1,1,2,0.0
3,2,1,1,1,2,0.0
3,2,1,1,1,2,0.0
3,2,1,1,1,2,0.0
3,2,1,1,1,2,0.0
3,2,1,1,1,2,0.0
3,2,1,1,1,2,0.0
3,2,1,1,1,2,0.0
3,2,1,1,1,2,0.0
3,2,1,1,1,2,0.0
3,2,1,1,1,2,0.0
3,2,0,0,0,0,-0.125
3,2,0,0,0,0,-0.125
3,2,0,0,0,0,-0.125
3,2,0,0,0,0,-0.1875
3,2,0,0,0,0,-0.15625
3,2,0,0,0,0,-0.1875
3,2,0,0,0,0,-0.125
3,2,0,0,0,0,-0.1875
3,2,0,0,0,0,-0.21875
3,2,0,0,0,0,-0.1875
3,2,0,0,0,0,-0.15625
3,2,0,0,0,0,-0.1875
3,2,0,0,0,0,-0.125
3,2,0,0,0,0,-0.125
3,2,0,0,0,0,-0.125
3,2,1,0,0,0,0.125
3,2,1,0,0,0,0.125
3,2,1,0,0,0,0.125
3,2,1,0,0,0,-0.0625
3,2,1,0,0,0,0.03125
3,2,1,0,0,0,-0.0625
3,2,1,0,0,0,0.125
3,2,1,0,0,0,-0.0625
3,2,1,0,0,0,-0.15625
3,2,1,0,0,0,-0.0625
3,2,1,0,0,0,0.03125
3,2,1,0,0,0,-0.0625
3,2,1,0,0,0,0.125
3,2,1,0,0,0,0.125
3,2,1,0,0,0,0.125
3,2,1,1,1,2,0.0
3,2,1,1,1,2,0.0
3,2,1,1,1,2,0.0
3,2,3,1,1,2,0.25
3,2,3,1,1,2,0.25
3,2,3,1,1,2,0.25
3,2,3,1,1,2,0.375
3,2,3,1,1,2,0.125
3,2,3,1,1,2,0.25
3,2,3,1,1,2,0.3125
3,2,3,1,1,2,0.1875
3,2,3,1,1,2,0.25
3,2,3,1,1,2,0.375
3,2,3,1,1,2,0.3125
3,2,3,1,1,2,0.375
3,2,1,1,1,2,0.0
3,2,1,1,1,2,0.0
3,2,1,1,1,2,0.0
3,2,2,1,1,2,0.0625
3,2,2,1,1,2,0.03125
3,2,2,1,1,2,0.0625
3,2,2,1,1,2,0.25
3,2,3,1,1,2,0.0625
3,2,3,1,1,2,0.15625
3,2,2,1,1,2,0.125
3,2,3,1,1,2,0.09375
3,2,3,1,1,2,0.25
3,2,2,1,1,2,0.25
3,2,3,1,1,2,0.28125
3,2,3,1,1,2,0.375
3,2,1,1,1,2,0.0
3,2,1,1,1,2,0.0
3,2,1,1,1,2,0.0
3,2,1,1,1,2,0.0
3,2,3,1,1,2,0.125
3,2,3,1,1,2,0.15625
3,2,1,1,1,2,0.0
3,2,3,1,1,2,-0.0625
3,2,3,1,1,2,0.0625
3,2,3,1,1,2,0.15625
3,2,3,1,1,2,0.0625
3,2,3,1,1,2,0.25
3,2,3,1,1,2,0.3125
3,2,3,1,1,2,0.21875
3,2,3,1,1,2,0.375
3,2,1,1,1,2,0.0
3,2,1,1,1,2,0.0
3,2,1,1,1,2,0.0
3,2,2,1,1,2,0.125
3,2,2,1,1,2,0.09375
3,2,2,1,1,2,0.0625
3,2,2,1,1,2,0.1875
3,2,2,1,1,2,-0.0625
3,2,2,1,1,2,0.15625
3,2,2,1,1,2,0.03125
3,2,2,1,1,2,-0.09375
3,2,2,1,1,2,0.0625
3,2,2,1,1,2,0.25
3,2,2,1,1,2,0.25
3,2,2,1,1,2,0.25
3,2,1,1,1,2,0.0
3,2,1,1,1,2,0.0
3,2,1,1,1,2,0.0
3,2,1,1,1,2,0.0
3,2,1,1,1,2,0.0
3,2,1,1,1,2,0.0
3,2,1,1,1,2,0.0
3,2,1,1,1,2,0.0
3,2,1,1,1,2,0.0
3,2,1,1,1,2,0.0
3,2,1,1,1,2,0.0
3,2,1,1,1,2,0.0
3,2,1,1,1,2,0.0
3,2,1,1,1,2,0.0
3,2,1,1,1,2,0.0
3,2,0,0,0,0,-0.25
3,2,0,0,0,0,-0.25
3,2,0,0,0,0,-0.25
3,2,0,0,0,0,-0.125
3,2,0,0,0,0,-0.125
3,2,0,0,0,0,-0.125
3,2,0,0,0,0,-0.0625
3,2,0,0,0,0,-0.1875
3,2,0,0,0,0,-0.125
3,2,0,0,0,0,-0.09375
3,2,0,0,0,0,-0.15625
3,2,0,0,0,0,-0.125
3,2,0,0,0,0,-0.0625
3,2,0,0,0,0,-0.09375
3,2,0,0,0,0,-0.0625
3,2,0,0,0,0,-0.125
3,2,0,0,0,0,-0.125
3,2,0,0,0,0,-0.125
3,2,1,0,0,0,0.0625
3,2,1,0,0,0,0.09375
3,2,1,0,0,0,0.0625
3,2,1,0,0,0,0.1875
3,2,1,0,0,0,-0.0625
3,2,1,0,0,0,-0.03125
3,2,1,0,0,0,0.03125
3,2,1,0,0,0,0.0
3,2,1,0,0,0,0.0625
3,2,1,0,0,0,0.1875
3,2,1,0,0,0,0.15625
3,2,1,0,0,0,0.1875
3,2,0,0,0,0,-0.25
3,2,0,0,0,0,-0.25
3,2,0,0,0,0,-0.25
3,2,2,0,0,0,0.125
3,2,2,0,0,0,0.125
3,2,2,0,0,0,0.125
3,2,2,0,0,0,0.3125
3,2,2,0,0,0,-0.0625
3,2,2,0,0,0,0.125
3,2,2,0,0,0,0.21875
3,2,2,0,0,0,0.03125
3,2,2,0,0,0,0.125
3,2,2,0,0,0,0.3125
3,2,2,0,0,0,0.21875
3,2,2,0,0,0,0.3125
3,2,2,1,1,2,0.25
3,2,2,1,1,2,0.125
3,2,2,1,1,2,0.25
3,2,2,1,1,2,0.125
3,2,2,1,1,2,0.0625
3,2,2,1,1,2,0.125
3,2,2,1,1,2,0.25
3,2,4,1,1,2,0.25
3,2,4,1,1,2,0.25
3,2,2,1,1,2,0.125
3,2,4,1,1,2,0.25
3,2,4,1,1,2,0.375
3,2,2,1,1,2,0.25
3,2,4,1,1,2,0.375
3,2,4,1,1,2,0.4375
3,2,1,1,1,2,0.0
3,2,2,1,1,2,0.0625
3,2,2,1,1,2,0.25
3,2,1,1,1,2,0.0
3,2,2,1,1,2,0.03125
3,2,2,1,1,2,0.125
3,2,1,1,1,2,0.0
3,2,3,1,1,2,0.0625
3,2,3,1,1,2,0.09375
3,2,2,1,1,2,0.0625
3,2,3,1,1,2,0.15625
3,2,3,1,1,2,0.25
3,2,2,1,1,2,0.25
3,2,3,1,1,2,0.28125
3,2,3,1,1,2,0.375
3,2,2,1,1,2,0.125
3,2,2,1,1,2,-0.0625
3,2,2,1,1,2,0.25
3,2,2,1,1,2,0.0625
3,2,2,1,1,2,-0.03125
3,2,2,1,1,2,0.125
3,2,2,1,1,2,0.125
3,2,2,1,1,2,0.0625
3,2,2,1,1,2,0.09375
3,2,2,1,1,2,-0.0625
3,2,2,1,1,2,-0.03125
3,2,2,1,1,2,0.09375
3,2,2,1,1,2,0.25
3,2,2,1,1,2,0.25
3,2,2,1,1,2,0.25
3,2,1,1,1,2,0.0
3,2,1,1,1,2,0.0
3,2,1,1,1,2,0.0
3,2,1,1,1,2,0.0
3,2,1,1,1,2,0.0
3,2,1,1,1,2,0.0
3,2,1,1,1,2,0.0
3,2,1,1,1,2,0.0
3,2,1,1,1,2,0.0
3,2,1,1,1,2,0.0
3,2,1,1,1,2,0.0
3,2,1,1,1,2,0.0
3,2,1,1,1,2,0.0
3,2,1,1,1,2,0.0
3,2,1,1,1,2,0.0
3,2,0,0,0,0,-0.125
3,2,0,0,0,0,-0.1875
3,2,0,0,0,0,-0.125
3,2,0,0,0,0,-0.1875
3,2,0,0,0,0,-0.21875
3,2,0,0,0,0,-0.1875
3,2,0,0,0,0,-0.125
3,2,0,0,0,0,-0.125
3,2,0,0,0,0,-0.125
3,2,0,0,0,0,-0.1875
3,2,0,0,0,0,-0.125
3,2,0,0,0,0,-0.0625
3,2,0,0,0,0,-0.125
3,2,0,0,0,0,-0.0625
3,2,0,0,0,0,-0.03125
3,2,1,0,0,0,0.0625
3,2,1,0,0,0,-0.03125
3,2,1,0,0,0,0.0625
3,2,1,0,0,0,-0.0625
3,2,1,0,0,0,-0.09375
3,2,1,0,0,0,-0.0625
3,2,1,0,0,0,0.125
3,2,1,0,0,0,0.0625
3,2,1,0,0,0,0.03125
3,2,1,0,0,0,-0.0625
3,2,1,0,0,0,0.0625
3,2,1,0,0,0,0.09375
3,2,1,0,0,0,0.125
3,2,1,0,0,0,0.1875
3,2,1,0,0,0,0.21875
3,2,0,0,0,0,-0.125
3,2,0,0,0,0,-0.1875
3,2,0,0,0,0,-0.125
3,2,1,0,0,0,0.0625
3,2,1,0,0,0,-0.03125
3,2,1,0,0,0,0.0625
3,2,1,0,0,0,0.1875
3,2,2,0,0,0,0.0625
3,2,2,0,0,0,0.125
3,2,1,0,0,0,0.03125
3,2,2,0,0,0,0.15625
3,2,2,0,0,0,0.1875
3,2,1,0,0,0,0.1875
3,2,2,0,0,0,0.28125
3,2,2,0,0,0,0.34375
3,2,1,0,0,0,0.125
3,2,1,0,0,0,-0.0625
3,2,1,0,0,0,0.125
3,2,1,0,0,0,-0.0625
3,2,1,0,0,0,-0.15625
3,2,1,0,0,0,-0.0625
3,2,1,0,0,0,0.125
3,2,3,0,0,0,0.125
3,2,3,0,0,0,0.125
3,2,1,0,0,0,-0.0625
3,2,3,0,0,0,0.125
3,2,3,0,0,0,0.3125
3,2,1,0,0,0,0.125
3,2,3,0,0,0,0.3125
3,2,3,0,0,0,0.40625
3,2,1,1,1,2,0.0
3,2,3,1,1,2,0.25
3,2,3,1,1,2,0.375
3,2,1,1,1,2,0.0
3,2,3,1,1,2,0.25
3,2,3,1,1,2,0.3125
3,2,1,1,1,2,0.0
3,2,3,1,1,2,0.125
3,2,3,1,1,2,0.1875
3,2,3,1,1,2,0.25
3,2,3,1,1,2,0.25
3,2,3,1,1,2,0.25
3,2,3,1,1,2,0.375
3,2,3,1,1,2,0.3125
3,2,3,1,1,2,0.375
3,2,1,1,1,2,0.0
3,2,2,1,1,2,0.0625
3,2,2,1,1,2,0.25
3,2,1,1,1,2,0.0
3,2,2,1,1,2,0.15625
3,2,2,1,1,2,0.125
3,2,1,1,1,2,0.0
3,2,2,1,1,2,0.03125
3,2,2,1,1,2,0.125
3,2,2,1,1,2,0.0625
3,2,2,1,1,2,0.03125
3,2,2,1,1,2,0.0625
3,2,2,1,1,2,0.25
3,2,2,1,1,2,0.25
3,2,2,1,1,2,0.25
3,2,1,1,1,2,0.0
3,2,1,1,1,2,0.0
3,2,1,1,1,2,0.0
3,2,1,1,1,2,0.0
3,2,1,1,1,2,0.0
3,2,1,1,1,2,0.0
3,2,1,1,1,2,0.0
3,2,1,1,1,2,0.0
3,2,1,1,1,2,0.0
3,2,1,1,1,2,0.0
3,2,1,1,1,2,0.0
3,2,1,1,1,2,0.0
3,2,1,1,1,2,0.0
3,2,1,1,1,2,0.0
3,2,1,1,1,2,0.0
3,2,0,0,0,0,-0.25
3,2,0,0,0,0,-0.125
3,2,0,0,0,0,-0.0625
3,2,0,0,0,0,-0.25
3,2,0,0,0,0,-0.125
3,2,0,0,0,0,-0.09375
3,2,0,0,0,0,-0.25
3,2,0,0,0,0,-0.1875
3,2,0,0,0,0,-0.15625
3,2,0,0,0,0,-0.125
3,2,0,0,0,0,-0.125
3,2,0,0,0,0,-0.125
3,2,0,0,0,0,-0.0625
3,2,0,0,0,0,-0.09375
3,2,0,0,0,0,-0.0625
3,2,0,0,0,0,-0.125
3,2,1,0,0,0,0.0625
3,2,1,0,0,0,0.15625
3,2,0,0,0,0,-0.1875
3,2,1,0,0,0,0.0625
3,2,1,0,0,0,0.03125
3,2,0,0,0,0,-0.125
3,2,1,0,0,0,-0.0625
3,2,1,0,0,0,-0.03125
3,2,1,0,0,0,0.0625
3,2,1,0,0,0,0.09375
3,2,1,0,0,0,0.0625
3,2,1,0,0,0,0.1875
3,2,1,0,0,0,0.15625
3,2,1,0,0,0,0.1875
3,2,0,0,0,0,-0.25
3,2,0,0,0,0,-0.125
3,2,0,0,0,0,-0.0625
3,2,0,0,0,0,-0.125
3,2,2,0,0,0,0.15625
3,2,2,0,0,0,0.15625
3,2,0,0,0,0,-0.0625
3,2,2,0,0,0,0.03125
3,2,2,0,0,0,0.09375
3,2,2,0,0,0,0.15625
3,2,2,0,0,0,0.09375
3,2,2,0,0,0,0.125
3,2,2,0,0,0,0.28125
3,2,2,0,0,0,0.21875
3,2,2,0,0,0,0.3125
3,2,0,0,0,0,-0.125
3,2,1,0,0,0,0.0625
3,2,1,0,0,0,0.1875
3,2,0,0,0,0,-0.1875
3,2,1,0,0,0,-0.03125
3,2,1,0,0,0,0.03125
3,2,0,0,0,0,-0.125
3,2,2,0,0,0,0.0625
3,2,2,0,0,0,0.15625
3,2,1,0,0,0,0.0625
3,2,2,0,0,0,0.125
3,2,2,0,0,0,0.1875
3,2,1,0,0,0,0.1875
3,2,2,0,0,0,0.28125
3,2,2,0,0,0,0.34375
3,2,0,0,0,0,-0.25
3,2,2,0,0,0,0.125
3,2,2,0,0,0,0.3125
3,2,0,0,0,0,-0.25
3,2,2,0,0,0,0.125
3,2,2,0,0,0,0.21875
3,2,0,0,0,0,-0.25
3,2,2,0,0,0,-0.0625
3,2,2,0,0,0,0.03125
3,2,2,0,0,0,0.125
3,2,2,0,0,0,0.125
3,2,2,0,0,0,0.125
3,2,2,0,0,0,0.3125
3,2,2,0,0,0,0.21875
3,2,2,0,0,0,0.3125
3,2,2,1,1,2,0.25
3,2,2,1,1,2,0.125
3,2,2,1,1,2,0.25
3,2,2,1,1,2,0.25
3,2,2,1,1,2,0.1875
3,2,2,1,1,2,0.125
3,2,2,1,1,2,0.25
3,2,2,1,1,2,0.125
3,2,2,1,1,2,0.1875
3,2,2,1,1,2,0.125
3,2,2,1,1,2,0.0625
3,2,2,1,1,2,0.125
3,2,2,1,1,2,0.25
3,2,2,1,1,2,0.25
3,2,2,1,1,2,0.25
3,2,1,1,1,2,0.0
3,2,1,1,1,2,0.0
3,2,1,1,1,2,0.0
3,2,1,1,1,2,0.0
3,2,1,1,1,2,0.0
3,2,1,1,1,2,0.0
3,2,1,1,1,2,0.0
3,2,1,1,1,2,0.0
3,2,1,1,1,2,0.0
3,2,1,1,1,2,0.0
3,2,1,1,1,2,0.0
3,2,1,1,1,2,0.0
3,2,1,1,1,2,0.0
3,2,1,1,1,2,0.0
3,2,1,1,1,2,0.0
3,2,0,0,0,0,-0.125
3,2,0,0,0,0,-0.1875
3,2,0,0,0,0,-0.125
3,2,0,0,0,0,-0.125
3,2,0,0,0,0,-0.15625
3,2,0,0,0,0,-0.1875
3,2,0,0,0,0,-0.125
3,2,0,0,0,0,-0.1875
3,2,0,0,0,0,-0.15625
3,2,0,0,0,0,-0.1875
3,2,0,0,0,0,-0.21875
3,2,0,0,0,0,-0.1875
3,2,0,0,0,0,-0.125
3,2,0,0,0,0,-0.125
3,2,0,0,0,0,-0.125
3,2,1,0,0,0,0.0625
3,2,1,0,0,0,-0.03125
3,2,1,0,0,0,0.0625
3,2,1,0,0,0,-0.03125
3,2,1,0,0,0,0.0
3,2,1,0,0,0,-0.0625
3,2,1,0,0,0,0.0625
3,2,1,0,0,0,-0.0625
3,2,1,0,0,0,-0.09375
3,2,1,0,0,0,-0.0625
3,2,1,0,0,0,-0.09375
3,2,1,0,0,0,-0.0625
3,2,1,0,0,0,0.125
3,2,1,0,0,0,0.125
3,2,1,0,0,0,0.125
3,2,0,0,0,0,-0.125
3,2,0,0,0,0,-0.1875
3,2,0,0,0,0,-0.125
3,2,1,0,0,0,0.0625
3,2,1,0,0,0,0.0625
3,2,1,0,0,0,0.0625
3,2,1,0,0,0,0.15625
3,2,1,0,0,0,-0.0625
3,2,1,0,0,0,0.09375
3,2,1,0,0,0,0.03125
3,2,1,0,0,0,-0.03125
3,2,1,0,0,0,0.0625
3,2,1,0,0,0,0.1875
3,2,1,0,0,0,0.15625
3,2,1,0,0,0,0.1875
3,2,1,0,0,0,0.0625
3,2,1,0,0,0,-0.0625
3,2,1,0,0,0,0.125
3,2,1,0,0,0,-0.03125
3,2,1,0,0,0,-0.09375
3,2,1,0,0,0,-0.0625
3,2,1,0,0,0,0.0625
3,2,1,0,0,0,0.0625
3,2,1,0,0,0,0.0625
3,2,1,0,0,0,-0.0625
3,2,1,0,0,0,0.03125
3,2,1,0,0,0,0.09375
3,2,1,0,0,0,0.125
3,2,1,0,0,0,0.1875
3,2,1,0,0,0,0.21875
3,2,0,0,0,0,-0.125
3,2,1,0,0,0,0.0625
3,2,1,0,0,0,0.1875
3,2,0,0,0,0,-0.125
3,2,1,0,0,0,0.09375
3,2,1,0,0,0,0.03125
3,2,0,0,0,0,-0.125
3,2,1,0,0,0,-0.0625
3,2,1,0,0,0,0.0
3,2,1,0,0,0,0.0625
3,2,1,0,0,0,-0.03125
3,2,1,0,0,0,0.0625
3,2,1,0,0,0,0.1875
3,2,1,0,0,0,0.15625
3,2,1,0,0,0,0.1875
3,2,1,0,0,0,0.125
3,2,1,0,0,0,-0.0625
3,2,1,0,0,0,0.125
3,2,1,0,0,0,0.125
3,2,1,0,0,0,0.03125
3,2,1,0,0,0,-0.0625
3,2,1,0,0,0,0.125
3,2,1,0,0,0,-0.0625
3,2,1,0,0,0,0.03125
3,2,1,0,0,0,-0.0625
3,2,1,0,0,0,-0.15625
3,2,1,0,0,0,-0.0625
3,2,1,0,0,0,0.125
3,2,1,0,0,0,0.125
3,2,1,0,0,0,0.125
3,2,1,1,1,2,0.0
3,2,1,1,1,2,0.0
3,2,1,1,1,2,0.0
3,2,1,1,1,2,0.0
3,2,1,1,1,2,0.0
3,2,1,1,1,2,0.0
3,2,1,1,1,2,0.0
3,2,1,1,1,2,0.0
3,2,1,1,1,2,0.0
3,2,1,1,1,2,0.0
3,2,1,1,1,2,0.0
3,2,1,1,1,2,0.0
3,2,1,1,1,2,0.0
3,2,1,1,1,2,0.0
3,2,1,1,1,2,0.0
3,2,0,0,0,0,-0.25
3,2,0,0,0,0,-0.25
3,2,0,0,0,0,-0.25
3,2,0,0,0,0,-0.25
3,2,0,0,0,0,-0.25
3,2,0,0,0,0,-0.25
3,2,0,0,0,0,-0.25
3,2,0,0,0,0,-0.25
3,2,0,0,0,0,-0.25
3,2,0,0,0,0,-0.25
3,2,0,0,0,0,-0.25
3,2,0,0,0,0,-0.25
3,2,0,0,0,0,-0.25
3,2,0,0,0,0,-0.25
3,2,0,0,0,0,-0.25
3,2,0,0,0,0,-0.125
3,2,0,0,0,0,-0.125
3,2,0,0,0,0,-0.125
3,2,0,0,0,0,-0.1875
3,2,0,0,0,0,-0.15625
3,2,0,0,0,0,-0.1875
3,2,0,0,0,0,-0.125
3,2,0,0,0,0,-0.1875
3,2,0,0,0,0,-0.21875
3,2,0,0,0,0,-0.1875
3,2,0,0,0,0,-0.15625
3,2,0,0,0,0,-0.1875
3,2,0,0,0,0,-0.125
3,2,0,0,0,0,-0.125
3,2,0,0,0,0,-0.125
3,2,0,0,0,0,-0.25
3,2,0,0,0,0,-0.25
3,2,0,0,0,0,-0.25
3,2,0,0,0,0,-0.125
3,2,0,0,0,0,-0.125
3,2,0,0,0,0,-0.125
3,2,0,0,0,0,-0.0625
3,2,0,0,0,0,-0.1875
3,2,0,0,0,0,-0.125
3,2,0,0,0,0,-0.09375
3,2,0,0,0,0,-0.15625
3,2,0,0,0,0,-0.125
3,2,0,0,0,0,-0.0625
3,2,0,0,0,0,-0.09375
3,2,0,0,0,0,-0.0625
3,2,0,0,0,0,-0.125
3,2,0,0,0,0,-0.1875
3,2,0,0,0,0,-0.125
3,2,0,0,0,0,-0.1875
3,2,0,0,0,0,-0.21875
3,2,0,0,0,0,-0.1875
3,2,0,0,0,0,-0.125
3,2,0,0,0,0,-0.125
3,2,0,0,0,0,-0.125
3,2,0,0,0,0,-0.1875
3,2,0,0,0,0,-0.125
3,2,0,0,0,0,-0.0625
3,2,0,0,0,0,-0.125
3,2,0,0,0,0,-0.0625
3,2,0,0,0,0,-0.03125
3,2,0,0,0,0,-0.25
3,2,0,0,0,0,-0.125
3,2,0,0,0,0,-0.0625
3,2,0,0,0,0,-0.25
3,2,0,0,0,0,-0.125
3,2,0,0,0,0,-0.09375
3,2,0,0,0,0,-0.25
3,2,0,0,0,0,-0.1875
3,2,0,0,0,0,-0.15625
3,2,0,0,0,0,-0.125
3,2,0,0,0,0,-0.125
3,2,0,0,0,0,-0.125
3,2,0,0,0,0,-0.0625
3,2,0,0,0,0,-0.09375
3,2,0,0,0,0,-0.0625
3,2,0,0,0,0,-0.125
3,2,0,0,0,0,-0.1875
3,2,0,0,0,0,-0.125
3,2,0,0,0,0,-0.125
3,2,0,0,0,0,-0.15625
3,2,0,0,0,0,-0.1875
3,2,0,0,0,0,-0.125
3,2,0,0,0,0,-0.1875
3,2,0,0,0,0,-0.15625
3,2,0,0,0,0,-0.1875
3,2,0,0,0,0,-0.21875
3,2,0,0,0,0,-0.1875
3,2,0,0,0,0,-0.125
3,2,0,0,0,0,-0.125
3,2,0,0,0,0,-0.125
3,2,0,0,0,0,-0.25
3,2,0,0,0,0,-0.25
3,2,0,0,0,0,-0.25
3,2,0,0,0,0,-0.25
3,2,0,0,0,0,-0.25
3,2,0,0,0,0,-0.25
3,2,0,0,0,0,-0.25
3,2,0,0,0,0,-0.25
3,2,0,0,0,0,-0.25
3,2,0,0,0,0,-0.25
3,2,0,0,0,0,-0.25
3,2,0,0,0,0,-0.25
3,2,0,0,0,0,-0.25
3,2,0,0,0,0,-0.25
3,2,0,0,0,0,-0.25
4,1,0,0,1,0,0.0
4,1,0,0,1,0,0.0
4,1,0,0,1,0,0.0
4,1,0,0,1,0,0.0
4,1,0,0,1,0,0.0
4,1,0,0,1,0,0.0
4,1,0,0,1,0,0.0
4,1,0,0,1,0,0.0
4,1,0,0,1,0,0.0
4,1,0,0,1,0,0.0
4,1,0,0,1,0,0.0
4,1,0,0,1,0,0.0
4,1,0,0,1,0,0.0
4,1,0,0,1,0,0.0
4,1,0,0,1,0,0.0
4,1,1,0,1,0,0.25
4,1,1,0,1,0,0.25
4,1,1,0,1,0,0.25
4,1,1,0,1,0,0.125
4,1,1,0,1,0,0.1875
4,1,1,0,1,0,0.125
4,1,1,0,1,0,0.25
4,1,1,0,1,0,0.125
4,1,1,0,1,0,0.0625
4,1,1,0,1,0,0.125
4,1,1,0,1,0,0.1875
4,1,1,0,1,0,0.125
4,1,1,0,1,0,0.25
4,1,1,0,1,0,0.25
4,1,1,0,1,0,0.25
4,1,0,0,1,0,0.0
4,1,0,0,1,0,0.0
4,1,0,0,1,0,0.0
4,1,2,0,1,0,0.25
4,1,2,0,1,0,0.25
4,1,2,0,1,0,0.25
4,1,2,0,1,0,0.375
4,1,2,0,1,0,0.125
4,1,2,0,1,0,0.25
4,1,2,0,1,0,0.3125
4,1,2,0,1,0,0.1875
4,1,2,0,1,0,0.25
4,1,2,0,1,0,0.375
4,1,2,0,1,0,0.3125
4,1,2,0,1,0,0.375
4,1,1,0,1,0,0.25
4,1,1,0,1,0,0.125
4,1,1,0,1,0,0.25
4,1,1,0,1,0,0.125
4,1,1,0,1,0,0.0625
4,1,1,0,1,0,0.125
4,1,1,0,1,0,0.25
4,1,3,0,1,0,0.25
4,1,3,0,1,0,0.25
4,1,1,0,1,0,0.125
4,1,3,0,1,0,0.25
4,1,3,0,1,0,0.375
4,1,1,0,1,0,0.25
4,1,3,0,1,0,0.375
4,1,3,0,1,0,0.4375
4,1,0,0,1,0,0.0
4,1,2,0,1,0,0.25
4,1,2,0,1,0,0.375
4,1,0,0,1,0,0.0
4,1,2,0,1,0,0.25
4,1,2,0,1,0,0.3125
4,1,0,0,1,0,0.0
4,1,2,0,1,0,0.125
4,1,2,0,1,0,0.1875
4,1,2,0,1,0,0.25
4,1,2,0,1,0,0.25
4,1,2,0,1,0,0.25
4,1,2,0,1,0,0.375
4,1,2,0,1,0,0.3125
4,1,2,0,1,0,0.375
4,1,1,0,1,0,0.25
4,1,1,0,1,0,0.125
4,1,1,0,1,0,0.25
4,1,1,0,1,0,0.25
4,1,1,0,1,0,0.1875
4,1,1,0,1,0,0.125
4,1,1,0,1,0,0.25
4,1,1,0,1,0,0.125
4,1,1,0,1,0,0.1875
4,1,1,0,1,0,0.125
4,1,1,0,1,0,0.0625
4,1,1,0,1,0,0.125
4,1,1,0,1,0,0.25
4,1,1,0,1,0,0.25
4,1,1,0,1,0,0.25
4,1,0,0,1,0,0.0
4,1,0,0,1,0,0.0
4,1,0,0,1,0,0.0
4,1,0,0,1,0,0.0
4,1,0,0,1,0,0.0
4,1,0,0,1,0,0.0
4,1,0,0,1,0,0.0
4,1,0,0,1,0,0.0
4,1,0,0,1,0,0.0
4,1,0,0,1,0,0.0
4,1,0,0,1,0,0.0
4,1,0,0,1,0,0.0
4,1,0,0,1,0,0.0
4,1,0,0,1,0,0.0
4,1,0,0,1,0,0.0
4,1,1,0,1,0,0.25
4,1,1,0,1,0,0.25
4,1,1,0,1,0,0.25
4,1,1,0,1,0,0.25
4,1,1,0,1,0,0.25
4,1,1,0,1,0,0.25
4,1,1,0,1,0,0.25
4,1,1,0,1,0,0.25
4,1,1,0,1,0,0.25
4,1,1,0,1,0,0.25
4,1,1,0,1,0,0.25
4,1,1,0,1,0,0.25
4,1,1,0,1,0,0.25
4,1,1,0,1,0,0.25
4,1,1,0,1,0,0.25
4,1,2,0,1,0,0.375
4,1,2,0,1,0,0.375
4,1,2,0,1,0,0.375
4,1,2,0,1,0,0.3125
4,1,2,0,1,0,0.34375
4,1,2,0,1,0,0.3125
4,1,2,0,1,0,0.375
4,1,2,0,1,0,0.3125
4,1,2,0,1,0,0.28125
4,1,2,0,1,0,0.3125
4,1,2,0,1,0,0.34375
4,1,2,0,1,0,0.3125
4,1,2,0,1,0,0.375
4,1,2,0,1,0,0.375
4,1,2,0,1,0,0.375
4,1,1,0,1,0,0.25
4,1,1,0,1,0,0.25
4,1,1,0,1,0,0.25
4,1,3,0,1,0,0.375
4,1,3,0,1,0,0.375
4,1,3,0,1,0,0.375
4,1,3,0,1,0,0.4375
4,1,3,0,1,0,0.3125
4,1,3,0,1,0,0.375
4,1,3,0,1,0,0.40625
4,1,3,0,1,0,0.34375
4,1,3,0,1,0,0.375
4,1,3,0,1,0,0.4375
4,1,3,0,1,0,0.40625
4,1,3,0,1,0,0.4375
4,1,2,0,1,0,0.375
4,1,2,0,1,0,0.3125
4,1,2,0,1,0,0.375
4,1,2,0,1,0,0.3125
4,1,2,0,1,0,0.28125
4,1,2,0,1,0,0.3125
4,1,2,0,1,0,0.375
4,1,4,0,1,0,0.375
4,1,4,0,1,0,0.375
4,1,2,0,1,0,0.3125
4,1,4,0,1,0,0.375
4,1,4,0,1,0,0.4375
4,1,2,0,1,0,0.375
4,1,4,0,1,0,0.4375
4,1,4,0,1,0,0.46875
4,1,1,0,1,0,0.25
4,1,3,0,1,0,0.375
4,1,3,0,1,0,0.4375
4,1,1,0,1,0,0.25
4,1,3,0,1,0,0.375
4,1,3,0,1,0,0.40625
4,1,1,0,1,0,0.25
4,1,3,0,1,0,0.3125
4,1,3,0,1,0,0.34375
4,1,3,0,1,0,0.375
4,1,3,0,1,0,0.375
4,1,3,0,1,0,0.375
4,1,3,0,1,0,0.4375
4,1,3,0,1,0,0.40625
4,1,3,0,1,0,0.4375
4,1,2,0,1,0,0.375
4,1,2,0,1,0,0.3125
4,1,2,0,1,0,0.375
4,1,2,0,1,0,0.375
4,1,2,0,1,0,0.34375
4,1,2,0,1,0,0.3125
4,1,2,0,1,0,0.375
4,1,2,0,1,0,0.3125
4,1,2,0,1,0,0.34375
4,1,2,0,1,0,0.3125
4,1,2,0,1,0,0.28125
4,1,2,0,1,0,0.3125
4,1,2,0,1,0,0.375
4,1,2,0,1,0,0.375
4,1,2,0,1,0,0.375
4,1,1,0,1,0,0.25
4,1,1,0,1,0,0.25
4,1,1,0,1,0,0.25
4,1,1,0,1,0,0.25
4,1,1,0,1,0,0.25
4,1,1,0,1,0,0.25
4,1,1,0,1,0,0.25
4,1,1,0,1,0,0.25
4,1,1,0,1,0,0.25
4,1,1,0,1,0,0.25
4,1,1,0,1,0,0.25
4,1,1,0,1,0,0.25
4,1,1,0,1,0,0.25
4,1,1,0,1,0,0.25
4,1,1,0,1,0,0.25
4,1,0,0,1,0,0.0
4,1,0,0,1,0,0.0
4,1,0,0,1,0,0.0
4,1,0,0,1,0,0.0
4,1,0,0,1,0,0.0
4,1,0,0,1,0,0.0
4,1,0,0,1,0,0.0
4,1,0,0,1,0,0.0
4,1,0,0,1,0,0.0
4,1,0,0,1,0,0.0
4,1,0,0,1,0,0.0
4,1,0,0,1,0,0.0
4,1,0,0,1,0,0.0
4,1,0,0,1,0,0.0
4,1,0,0,1,0,0.0
4,3,2,2,1,2,0.0
4,3,2,2,1,2,0.0
4,3,2,2,1,2,0.0
4,3,2,2,1,2,0.0
4,3,2,2,1,2,0.0
4,3,2,2,1,2,0.0
4,3,2,2,1,2,0.0
4,3,2,2,1,2,0.0
4,3,2,2,1,2,0.0
4,3,2,2,1,2,0.0
4,3,2,2,1,2,0.0
4,3,2,2,1,2,0.0
4,3,2,2,1,2,0.0
4,3,2,2,1,2,0.0
4,3,2,2,1,2,0.0
4,3,1,1,1,2,0.0
4,3,1,1,1,2,0.0
4,3,1,1,1,2,0.0
4,3,2,2,1,2,0.0
4,3,2,2,1,2,0.0
4,3,2,2,1,2,0.0
4,3,2,2,1,2,0.0
4,3,2,2,1,2,0.0
4,3,2,2,1,2,0.0
4,3,2,2,1,2,0.0
4,3,2,2,1,2,0.0
4,3,2,2,1,2,0.0
4,3,2,2,1,2,0.0
4,3,2,2,1,2,0.0
4,3,2,2,1,2,0.0
4,3,1,1,1,2,0.0
4,3,1,1,1,2,0.0
4,3,1,1,1,2,0.0
4,3,2,1,1,2,0.0
4,3,2,1,1,2,0.0
4,3,2,1,1,2,0.0
4,3,2,2,1,2,0.0
4,3,2,2,1,2,0.0
4,3,2,2,1,2,0.0
4,3,2,2,1,2,0.0
4,3,2,2,1,2,0.0
4,3,2,2,1,2,0.0
4,3,2,2,1,2,0.0
4,3,2,2,1,2,0.0
4,3,2,2,1,2,0.0
4,3,1,1,1,2,0.0
4,3,1,1,1,2,0.0
4,3,1,1,1,2,0.0
4,3,1,1,1,2,0.0
4,3,2,1,1,2,0.0
4,3,2,1,1,2,0.0
4,3,1,1,1,2,0.0
4,3,2,1,1,2,0.0
4,3,2,1,1,2,0.0
4,3,2,2,1,2,0.0
4,3,2,2,1,2,0.0
4,3,2,2,1,2,0.0
4,3,2,2,1,2,0.0
4,3,2,2,1,2,0.0
4,3,2,2,1,2,0.0
4,3,1,1,1,2,0.0
4,3,1,1,1,2,0.0
4,3,1,1,1,2,0.0
4,3,2,1,1,2,0.0
4,3,2,1,1,2,0.0
4,3,2,1,1,2,0.0
4,3,1,1,1,2,0.0
4,3,2,1,1,2,0.0
4,3,2,1,1,2,0.0
4,3,2,1,1,2,0.0
4,3,2,1,1,2,0.0
4,3,2,1,1,2,0.0
4,3,2,2,1,2,0.0
4,3,2,2,1,2,0.0
4,3,2,2,1,2,0.0
4,3,1,1,1,2,0.0
4,3,1,1,1,2,0.0
4,3,1,1,1,2,0.0
4,3,1,1,1,2,0.0
4,3,1,1,1,2,0.0
4,3,1,1,1,2,0.0
4,3,1,1,1,2,0.0
4,3,1,1,1,2,0.0
4,3,1,1,1,2,0.0
4,3,1,1,1,2,0.0
4,3,1,1,1,2,0.0
4,3,1,1,1,2,0.0
4,3,1,1,1,2,0.0
4,3,1,1,1,2,0.0
4,3,1,1,1,2,0.0
4,1,1,0,1,0,0.25
4,1,1,0,1,0,0.25
4,1,1,0,1,0,0.25
4,1,1,0,1,0,0.125
4,1,1,0,1,0,0.1875
4,1,1,0,1,0,0.125
4,1,1,0,1,0,0.25
4,1,1,0,1,0,0.125
4,1,1,0,1,0,0.0625
4,1,1,0,1,0,0.125
4,1,1,0,1,0,0.1875
4,1,1,0,1,0,0.125
4,1,1,0,1,0,0.25
4,1,1,0,1,0,0.25
4,1,1,0,1,0,0.25
4,3,1,1,1,2,0.0
4,3,1,1,1,2,0.0
4,3,1,1,1,2,0.0
4,3,1,1,1,2,-0.125
4,3,1,1,1,2,-0.0625
4,3,1,1,1,2,-0.125
4,3,1,1,1,2,0.0
4,3,1,1,1,2,-0.125
4,3,1,1,1,2,-0.1875
4,3,1,1,1,2,-0.125
4,3,1,1,1,2,-0.0625
4,3,1,1,1,2,-0.125
4,3,1,1,1,2,0.0
4,3,1,1,1,2,0.0
4,3,1,1,1,2,0.0
4,3,0,0,0,2,-0.25
4,3,0,0,0,2,-0.25
4,3,0,0,0,2,-0.25
4,3,3,2,1,2,0.25
4,3,3,2,1,2,0.125
4,3,3,2,1,2,0.25
4,3,2,2,1,2,0.0
4,3,3,2,1,2,0.0625
4,3,3,2,1,2,0.25
4,3,3,2,1,2,0.125
4,3,3,2,1,2,-0.0625
4,3,3,2,1,2,0.25
4,3,2,2,1,2,0.0
4,3,2,2,1,2,0.0
4,3,2,2,1,2,0.0
4,3,0,0,0,2,-0.25
4,3,0,0,0,2,-0.25
4,3,0,0,0,2,-0.25
4,3,2,1,1,2,0.25
4,3,2,1,1,2,0.125
4,3,2,1,1,2,0.25
4,3,2,2,1,2,0.0
4,3,3,2,1,2,0.0625
4,3,3,2,1,2,0.25
4,3,2,2,1,2,0.0
4,3,3,2,1,2,-0.09375
4,3,3,2,1,2,0.25
4,3,2,2,1,2,0.0
4,3,2,2,1,2,0.0
4,3,2,2,1,2,0.0
4,3,0,0,0,2,-0.25
4,3,0,0,0,2,-0.25
4,3,0,0,0,2,-0.25
4,3,1,1,1,2,0.0625
4,3,2,1,1,2,0.125
4,3,2,1,1,2,0.25
4,3,1,1,1,2,-0.125
4,3,3,1,1,2,0.03125
4,3,3,1,1,2,0.25
4,3,3,2,1,2,0.125
4,3,3,2,1,2,-0.0625
4,3,3,2,1,2,0.25
4,3,2,2,1,2,0.0
4,3,2,2,1,2,0.0
4,3,2,2,1,2,0.0
4,3,0,0,0,2,-0.25
4,3,0,0,0,2,-0.25
4,3,0,0,0,2,-0.25
4,3,2,1,1,2,0.15625
4,3,2,1,1,2,0.03125
4,3,2,1,1,2,0.25
4,3,1,1,1,2,-0.0625
4,3,2,1,1,2,-0.03125
4,3,2,1,1,2,0.25
4,3,2,1,1,2,0.0625
4,3,2,1,1,2,-0.15625
4,3,2,1,1,2,0.25
4,3,2,2,1,2,0.0
4,3,2,2,1,2,0.0
4,3,2,2,1,2,0.0
4,3,0,0,0,2,-0.25
4,3,0,0,0,2,-0.25
4,3,0,0,0,2,-0.25
4,3,1,1,1,2,0.0625
4,3,1,1,1,2,0.03125
4,3,1,1,1,2,0.0625
4,3,1,1,1,2,-0.125
4,3,1,1,1,2,-0.03125
4,3,1,1,1,2,0.03125
4,3,1,1,1,2,-0.0625
4,3,1,1,1,2,-0.125
4,3,1,1,1,2,0.0625
4,3,1,1,1,2,-0.125
4,3,1,1,1,2,-0.0625
4,3,1,1,1,2,-0.125
4,1,0,0,1,0,0.0
4,1,0,0,1,0,0.0
4,1,0,0,1,0,0.0
4,1,2,0,1,0,0.25
4,1,2,0,1,0,0.25
4,1,2,0,1,0,0.25
4,1,2,0,1,0,0.375
4,1,2,0,1,0,0.125
4,1,2,0,1,0,0.25
4,1,2,0,1,0,0.3125
4,1,2,0,1,0,0.1875
4,1,2,0,1,0,0.25
4,1,2,0,1,0,0.375
4,1,2,0,1,0,0.3125
4,1,2,0,1,0,0.375
4,3,0,0,0,2,-0.25
4,3,0,0,0,2,-0.25
4,3,0,0,0,2,-0.25
4,3,1,1,1,2,0.0625
4,3,1,1,1,2,0.03125
4,3,1,1,1,2,0.0625
4,3,1,1,1,2,0.0
4,3,1,1,1,2,-0.09375
4,3,1,1,1,2,-0.03125
4,3,1,1,1,2,-0.0625
4,3,1,1,1,2,-0.125
4,3,1,1,1,2,0.0625
4,3,1,1,1,2,0.0
4,3,1,1,1,2,0.0
4,3,1,1,1,2,0.0
4,3,0,0,0,0,-0.375
4,3,0,0,0,0,-0.375
4,3,0,0,0,0,-0.375
4,3,2,1,1,2,0.25
4,3,2,1,1,2,0.125
4,3,2,1,1,2,0.25
4,3,2,1,1,2,0.0
4,3,2,1,1,2,-0.03125
4,3,2,1,1,2,0.1875
4,3,2,1,1,2,0.0625
4,3,2,1,1,2,-0.15625
4,3,2,1,1,2,0.25
4,3,2,1,1,2,0.0
4,3,2,1,1,2,0.0
4,3,2,1,1,2,0.0
4,3,0,0,0,2,-0.125
4,3,0,0,0,2,-0.1875
4,3,0,0,0,2,-0.125
4,3,1,0,0,2,0.125
4,3,1,0,0,2,-0.0625
4,3,1,0,0,2,0.125
4,3,2,2,1,2,0.0
4,3,4,2,1,2,0.25
4,3,4,2,1,2,0.375
4,3,2,2,1,2,0.0
4,3,3,2,1,2,0.0625
4,3,3,2,1,2,0.25
4,3,2,2,1,2,0.0
4,3,2,2,1,2,0.0
4,3,2,2,1,2,0.0
4,3,0,0,0,2,-0.25
4,3,0,0,0,2,-0.21875
4,3,0,0,0,2,-0.125
4,3,1,0,0,2,-0.0625
4,3,1,0,0,2,-0.0625
4,3,1,0,0,2,0.125
4,3,1,1,1,2,0.0
4,3,3,1,1,2,0.25
4,3,3,1,1,2,0.375
4,3,2,2,1,2,0.0
4,3,3,2,1,2,0.0625
4,3,3,2,1,2,0.25
4,3,2,2,1,2,0.0
4,3,2,2,1,2,0.0
4,3,2,2,1,2,0.0
4,3,0,0,0,2,-0.1875
4,3,0,0,0,2,-0.28125
4,3,0,0,0,2,-0.125
4,3,1,0,0,2,0.03125
4,3,1,0,0,2,-0.15625
4,3,1,0,0,2,0.125
4,3,1,1,1,2,0.0
4,3,2,1,1,2,0.15625
4,3,2,1,1,2,0.28125
4,3,2,1,1,2,0.0
4,3,2,1,1,2,-0.03125
4,3,2,1,1,2,0.1875
4,3,2,2,1,2,0.0
4,3,2,2,1,2,0.0
4,3,2,2,1,2,0.0
4,3,0,0,0,2,-0.25
4,3,0,0,0,2,-0.25
4,3,0,0,0,2,-0.25
4,3,1,0,0,2,-0.0625
4,3,1,0,0,2,-0.15625
4,3,1,0,0,2,-0.0625
4,3,1,1,1,2,0.0
4,3,1,1,1,2,0.0625
4,3,1,1,1,2,0.09375
4,3,1,1,1,2,0.0
4,3,1,1,1,2,-0.09375
4,3,1,1,1,2,-0.03125
4,3,1,1,1,2,0.0
4,3,1,1,1,2,-0.125
4,3,1,1,1,2,-0.1875
4,1,1,0,1,0,0.25
4,1,1,0,1,0,0.125
4,1,1,0,1,0,0.25
4,1,1,0,1,0,0.125
4,1,1,0,1,0,0.0625
4,1,1,0,1,0,0.125
4,1,1,0,1,0,0.25
4,1,3,0,1,0,0.25
4,1,3,0,1,0,0.25
4,1,1,0,1,0,0.125
4,1,3,0,1,0,0.25
4,1,3,0,1,0,0.375
4,1,1,0,1,0,0.25
4,1,3,0,1,0,0.375
4,1,3,0,1,0,0.4375
4,3,1,0,0,2,-0.125
4,3,1,0,0,2,-0.1875
4,3,1,0,0,2,-0.125
4,3,1,0,0,2,-0.0625
4,3,1,0,0,2,-0.15625
4,3,1,0,0,2,-0.0625
4,3,1,1,1,2,0.0
4,3,1,1,1,2,0.0625
4,3,1,1,1,2,0.09375
4,3,1,1,1,2,-0.125
4,3,1,1,1,2,-0.03125
4,3,1,1,1,2,0.03125
4,3,1,1,1,2,0.0
4,3,1,1,1,2,0.0
4,3,1,1,1,2,0.0
4,3,0,0,0,0,-0.3125
4,3,0,0,0,0,-0.34375
4,3,0,0,0,0,-0.3125
4,3,1,0,0,2,0.125
4,3,1,0,0,2,-0.0625
4,3,1,0,0,2,0.125
4,3,1,1,1,2,0.0
4,3,2,1,1,2,0.15625
4,3,2,1,1,2,0.28125
4,3,1,1,1,2,-0.0625
4,3,2,1,1,2,-0.03125
4,3,2,1,1,2,0.25
4,3,1,1,1,2,0.0
4,3,2,1,1,2,0.0
4,3,2,1,1,2,0.0
4,3,0,0,0,0,-0.1875
4,3,0,0,0,0,-0.28125
4,3,0,0,0,0,-0.1875
4,3,1,0,0,0,0.0625
4,3,1,0,0,0,-0.15625
4,3,1,0,0,0,0.0625
4,3,1,1,1,2,0.0
4,3,3,1,1,2,0.25
4,3,3,1,1,2,0.375
4,3,1,1,1,2,-0.125
4,3,3,1,1,2,0.03125
4,3,3,1,1,2,0.25
4,3,1,1,1,2,0.0
4,3,2,1,1,2,0.0
4,3,2,1,1,2,0.0
4,3,0,0,0,2,-0.25
4,3,0,0,0,2,-0.125
4,3,0,0,0,2,-0.0625
4,3,1,0,0,2,-0.125
4,3,1,0,0,2,0.0625
4,3,1,0,0,2,0.1875
4,3,0,0,0,2,-0.25
4,3,2,0,0,2,0.125
4,3,2,0,0,2,0.3125
4,3,3,2,1,2,0.25
4,3,3,2,1,2,0.125
4,3,3,2,1,2,0.25
4,3,2,2,1,2,0.0
4,3,2,2,1,2,0.0
4,3,2,2,1,2,0.0
4,3,0,0,0,2,-0.25
4,3,0,0,0,2,-0.21875
4,3,0,0,0,2,-0.125
4,3,1,0,0,2,-0.125
4,3,1,0,0,2,-0.03125
4,3,1,0,0,2,0.125
4,3,0,0,0,2,-0.25
4,3,2,0,0,2,0.03125
4,3,2,0,0,2,0.21875
4,3,2,1,1,2,0.25
4,3,2,1,1,2,0.125
4,3,2,1,1,2,0.25
4,3,2,2,1,2,0.0
4,3,2,2,1,2,0.0
4,3,2,2,1,2,0.0
4,3,0,0,0,2,-0.25
4,3,0,0,0,2,-0.25
4,3,0,0,0,2,-0.25
4,3,1,0,0,2,-0.125
4,3,1,0,0,2,-0.09375
4,3,1,0,0,2,-0.09375
4,3,0,0,0,2,-0.25
4,3,1,0,0,2,-0.0625
4,3,1,0,0,2,0.03125
4,3,1,1,1,2,0.0625
4,3,1,1,1,2,0.03125
4,3,1,1,1,2,0.0625
4,3,1,1,1,2,-0.125
4,3,1,1,1,2,-0.0625
4,3,1,1,1,2,-0.125
4,1,0,0,1,0,0.0
4,1,2,0,1,0,0.25
4,1,2,0,1,0,0.375
4,1,0,0,1,0,0.0
4,1,2,0,1,0,0.25
4,1,2,0,1,0,0.3125
4,1,0,0,1,0,0.0
4,1,2,0,1,0,0.125
4,1,2,0,1,0,0.1875
4,1,2,0,1,0,0.25
4,1,2,0,1,0,0.25
4,1,2,0,1,0,0.25
4,1,2,0,1,0,0.375
4,1,2,0,1,0,0.3125
4,1,2,0,1,0,0.375
4,3,0,0,0,2,-0.25
4,3,1,0,0,2,-0.125
4,3,1,0,0,2,-0.0625
4,3,0,0,0,2,-0.25
4,3,1,0,0,2,-0.03125
4,3,1,0,0,2,-0.03125
4,3,0,0,0,2,-0.25
4,3,1,0,0,2,-0.0625
4,3,1,0,0,2,0.03125
4,3,1,1,1,2,0.0625
4,3,1,1,1,2,0.03125
4,3,1,1,1,2,0.0625
4,3,1,1,1,2,0.0
4,3,1,1,1,2,0.0
4,3,1,1,1,2,0.0
4,3,0,0,0,0,-0.375
4,3,0,0,0,0,-0.3125
4,3,0,0,0,0,-0.28125
4,3,0,0,0,2,-0.125
4,3,2,0,0,2,0.0625
4,3,2,0,0,2,0.1875
4,3,0,0,0,2,-0.25
4,3,2,0,0,2,0.03125
4,3,2,0,0,2,0.21875
4,3,2,1,1,2,0.15625
4,3,2,1,1,2,0.03125
4,3,2,1,1,2,0.25
4,3,2,1,1,2,0.0
4,3,2,1,1,2,0.0
4,3,2,1,1,2,0.0
4,3,0,0,0,0,-0.3125
4,3,0,0,0,0,-0.21875
4,3,0,0,0,0,-0.15625
4,3,0,0,0,0,-0.1875
4,3,1,0,0,0,-0.03125
4,3,1,0,0,0,0.09375
4,3,0,0,0,2,-0.25
4,3,2,0,0,2,0.125
4,3,2,0,0,2,0.3125
4,3,1,1,1,2,0.0625
4,3,2,1,1,2,0.125
4,3,2,1,1,2,0.25
4,3,1,1,1,2,0.0
4,3,2,1,1,2,0.0
4,3,2,1,1,2,0.0
4,3,0,0,0,0,-0.375
4,3,0,0,0,0,-0.1875
4,3,0,0,0,0,-0.09375
4,3,0,0,0,0,-0.3125
4,3,1,0,0,0,0.03125
4,3,1,0,0,0,0.15625
4,3,0,0,0,0,-0.375
4,3,2,0,0,0,0.0625
4,3,2,0,0,0,0.28125
4,3,2,1,1,2,0.25
4,3,2,1,1,2,0.125
4,3,2,1,1,2,0.25
4,3,2,1,1,2,0.0
4,3,2,1,1,2,0.0
4,3,2,1,1,2,0.0
4,3,0,0,0,2,-0.125
4,3,0,0,0,2,-0.1875
4,3,0,0,0,2,-0.125
4,3,1,0,0,2,0.0625
4,3,1,0,0,2,-0.0625
4,3,1,0,0,2,0.125
4,3,0,0,0,2,-0.125
4,3,2,0,0,2,0.0625
4,3,2,0,0,2,0.1875
4,3,1,0,0,2,0.125
4,3,1,0,0,2,-0.0625
4,3,1,0,0,2,0.125
4,3,2,2,1,2,0.0
4,3,2,2,1,2,0.0
4,3,2,2,1,2,0.0
4,3,0,0,0,2,-0.25
4,3,0,0,0,2,-0.25
4,3,0,0,0,2,-0.25
4,3,1,0,0,2,-0.125
4,3,1,0,0,2,-0.125
4,3,1,0,0,2,-0.0625
4,3,0,0,0,2,-0.25
4,3,1,0,0,2,-0.03125
4,3,1,0,0,2,-0.03125
4,3,1,0,0,2,-0.0625
4,3,1,0,0,2,-0.15625
4,3,1,0,0,2,-0.0625
4,3,1,1,1,2,0.0
4,3,1,1,1,2,0.0
4,3,1,1,1,2,0.0
4,1,1,0,1,0,0.25
4,1,1,0,1,0,0.125
4,1,1,0,1,0,0.25
4,1,1,0,1,0,0.25
4,1,1,0,1,0,0.1875
4,1,1,0,1,0,0.125
4,1,1,0,1,0,0.25
4,1,1,0,1,0,0.125
4,1,1,0,1,0,0.1875
4,1,1,0,1,0,0.125
4,1,1,0,1,0,0.0625
4,1,1,0,1,0,0.125
4,1,1,0,1,0,0.25
4,1,1,0,1,0,0.25
4,1,1,0,1,0,0.25
4,3,1,0,0,2,-0.125
4,3,1,0,0,2,-0.1875
4,3,1,0,0,2,-0.125
4,3,1,0,0,2,-0.125
4,3,1,0,0,2,-0.125
4,3,1,0,0,2,-0.0625
4,3,1,0,0,2,-0.125
4,3,1,0,0,2,-0.09375
4,3,1,0,0,2,-0.09375
4,3,1,0,0,2,-0.0625
4,3,1,0,0,2,-0.15625
4,3,1,0,0,2,-0.0625
4,3,1,1,1,2,0.0
4,3,1,1,1,2,0.0
4,3,1,1,1,2,0.0
4,3,0,0,0,0,-0.3125
4,3,0,0,0,0,-0.34375
4,3,0,0,0,0,-0.3125
4,3,1,0,0,2,0.0625
4,3,1,0,0,2,-0.0625
4,3,1,0,0,2,0.125
4,3,1,0,0,2,-0.125
4,3,1,0,0,2,-0.03125
4,3,1,0,0,2,0.125
4,3,1,0,0,2,0.03125
4,3,1,0,0,2,-0.15625
4,3,1,0,0,2,0.125
4,3,1,1,1,2,0.0
4,3,1,1,1,2,0.0
4,3,1,1,1,2,0.0
4,3,0,0,0,0,-0.21875
4,3,0,0,0,0,-0.28125
4,3,0,0,0,0,-0.1875
4,3,1,0,0,0,-0.03125
4,3,1,0,0,0,-0.15625
4,3,1,0,0,0,0.0625
4,3,1,0,0,2,-0.125
4,3,1,0,0,2,0.0625
4,3,1,0,0,2,0.1875
4,3,1,0,0,2,-0.0625
4,3,1,0,0,2,-0.0625
4,3,1,0,0,2,0.125
4,3,1,1,1,2,0.0
4,3,1,1,1,2,0.0
4,3,1,1,1,2,0.0
4,3,0,0,0,0,-0.3125
4,3,0,0,0,0,-0.21875
4,3,0,0,0,0,-0.15625
4,3,0,0,0,0,-0.21875
4,3,1,0,0,0,-0.09375
4,3,1,0,0,0,0.09375
4,3,0,0,0,0,-0.3125
4,3,1,0,0,0,0.03125
4,3,1,0,0,0,0.15625
4,3,1,0,0,2,0.125
4,3,1,0,0,2,-0.0625
4,3,1,0,0,2,0.125
4,3,1,1,1,2,0.0
4,3,1,1,1,2,0.0
4,3,1,1,1,2,0.0
4,3,0,0,0,0,-0.1875
4,3,0,0,0,0,-0.28125
4,3,0,0,0,0,-0.1875
4,3,1,0,0,0,-0.03125
4,3,1,0,0,0,-0.15625
4,3,1,0,0,0,0.0625
4,3,0,0,0,0,-0.1875
4,3,1,0,0,0,-0.03125
4,3,1,0,0,0,0.09375
4,3,1,0,0,0,0.0625
4,3,1,0,0,0,-0.15625
4,3,1,0,0,0,0.0625
4,3,1,1,1,2,0.0
4,3,1,1,1,2,0.0
4,3,1,1,1,2,0.0
4,3,0,0,0,2,-0.25
4,3,0,0,0,2,-0.25
4,3,0,0,0,2,-0.25
4,3,1,0,0,2,-0.125
4,3,1,0,0,2,-0.1875
4,3,1,0,0,2,-0.125
4,3,0,0,0,2,-0.25
4,3,1,0,0,2,-0.125
4,3,1,0,0,2,-0.0625
4,3,1,0,0,2,-0.125
4,3,1,0,0,2,-0.1875
4,3,1,0,0,2,-0.125
4,3,0,0,0,2,-0.25
4,3,0,0,0,2,-0.25
4,3,0,0,0,2,-0.25
4,1,0,0,1,0,0.0
4,1,0,0,1,0,0.0
4,1,0,0,1,0,0.0
4,1,0,0,1,0,0.0
4,1,0,0,1,0,0.0
4,1,0,0,1,0,0.0
4,1,0,0,1,0,0.0
4,1,0,0,1,0,0.0
4,1,0,0,1,0,0.0
4,1,0,0,1,0,0.0
4,1,0,0,1,0,0.0
4,1,0,0,1,0,0.0
4,1,0,0,1,0,0.0
4,1,0,0,1,0,0.0
4,1,0,0,1,0,0.0
4,3,0,0,0,2,-0.25
4,3,0,0,0,2,-0.25
4,3,0,0,0,2,-0.25
4,3,0,0,0,2,-0.25
4,3,0,0,0,2,-0.25
4,3,0,0,0,2,-0.25
4,3,0,0,0,2,-0.25
4,3,0,0,0,2,-0.25
4,3,0,0,0,2,-0.25
4,3,0,0,0,2,-0.25
4,3,0,0,0,2,-0.25
4,3,0,0,0,2,-0.25
4,3,0,0,0,2,-0.25
4,3,0,0,0,2,-0.25
4,3,0,0,0,2,-0.25
4,3,0,0,0,0,-0.375
4,3,0,0,0,0,-0.375
4,3,0,0,0,0,-0.375
4,3,0,0,0,2,-0.125
4,3,0,0,0,2,-0.1875
4,3,0,0,0,2,-0.125
4,3,0,0,0,2,-0.25
4,3,0,0,0,2,-0.21875
4,3,0,0,0,2,-0.125
4,3,0,0,0,2,-0.1875
4,3,0,0,0,2,-0.28125
4,3,0,0,0,2,-0.125
4,3,0,0,0,2,-0.25
4,3,0,0,0,2,-0.25
4,3,0,0,0,2,-0.25
4,3,0,0,0,0,-0.3125
4,3,0,0,0,0,-0.34375
4,3,0,0,0,0,-0.3125
4,3,0,0,0,0,-0.1875
4,3,0,0,0,0,-0.28125
4,3,0,0,0,0,-0.1875
4,3,0,0,0,2,-0.25
4,3,0,0,0,2,-0.125
4,3,0,0,0,2,-0.0625
4,3,0,0,0,2,-0.25
4,3,0,0,0,2,-0.21875
4,3,0,0,0,2,-0.125
4,3,0,0,0,2,-0.25
4,3,0,0,0,2,-0.25
4,3,0,0,0,2,-0.25
4,3,0,0,0,0,-0.375
4,3,0,0,0,0,-0.3125
4,3,0,0,0,0,-0.28125
4,3,0,0,0,0,-0.3125
4,3,0,0,0,0,-0.21875
4,3,0,0,0,0,-0.15625
4,3,0,0,0,0,-0.375
4,3,0,0,0,0,-0.1875
4,3,0,0,0,0,-0.09375
4,3,0,0,0,2,-0.125
4,3,0,0,0,2,-0.1875
4,3,0,0,0,2,-0.125
4,3,0,0,0,2,-0.25
4,3,0,0,0,2,-0.25
4,3,0,0,0,2,-0.25
4,3,0,0,0,0,-0.3125
4,3,0,0,0,0,-0.34375
4,3,0,0,0,0,-0.3125
4,3,0,0,0,0,-0.21875
4,3,0,0,0,0,-0.28125
4,3,0,0,0,0,-0.1875
4,3,0,0,0,0,-0.3125
4,3,0,0,0,0,-0.21875
4,3,0,0,0,0,-0.15625
4,3,0,0,0,0,-0.1875
4,3,0,0,0,0,-0.28125
4,3,0,0,0,0,-0.1875
4,3,0,0,0,2,-0.25
4,3,0,0,0,2,-0.25
4,3,0,0,0,2,-0.25
4,3,0,0,0,0,-0.375
4,3,0,0,0,0,-0.375
4,3,0,0,0,0,-0.375
4,3,0,0,0,0,-0.3125
4,3,0,0,0,0,-0.34375
4,3,0,0,0,0,-0.3125
4,3,0,0,0,0,-0.375
4,3,0,0,0,0,-0.3125
4,3,0,0,0,0,-0.28125
4,3,0,0,0,0,-0.3125
4,3,0,0,0,0,-0.34375
4,3,0,0,0,0,-0.3125
4,3,0,0,0,0,-0.375
4,3,0,0,0,0,-0.375
4,3,0,0,0,0,-0.375
5,0,-1,-1,1,0,0.5
5,0,-1,-1,1,0,0.5
5,0,-1,-1,1,0,0.5
5,0,-1,-1,1,0,0.5
5,0,-1,-1,1,0,0.5
5,0,-1,-1,1,0,0.5
5,0,-1,-1,1,0,0.5
5,0,-1,-1,1,0,0.5
5,0,-1,-1,1,0,0.5
5,0,-1,-1,1,0,0.5
5,0,-1,-1,1,0,0.5
5,0,-1,-1,1,0,0.5
5,0,-1,-1,1,0,0.5
5,0,-1,-1,1,0,0.5
5,0,-1,-1,1,0,0.5
5,2,1,1,1,2,0.0
5,2,1,1,1,2,0.0
5,2,1,1,1,2,0.0
5,2,1,1,1,2,0.0
5,2,1,1,1,2,0.0
5,2,1,1,1,2,0.0
5,2,1,1,1,2,0.0
5,2,1,1,1,2,0.0
5,2,1,1,1,2,0.0
5,2,1,1,1,2,0.0
5,2,1,1,1,2,0.0
5,2,1,1,1,2,0.0
5,2,1,1,1,2,0.0
5,2,1,1,1,2,0.0
5,2,1,1,1,2,0.0
5,2,0,0,0,0,-0.25
5,2,0,0,0,0,-0.25
5,2,0,0,0,0,-0.25
5,2,2,1,1,2,0.25
5,2,2,1,1,2,0.125
5,2,2,1,1,2,0.25
5,2,1,1,1,2,0.0
5,2,2,1,1,2,0.0625
5,2,2,1,1,2,0.25
5,2,2,1,1,2,0.125
5,2,2,1,1,2,-0.0625
5,2,2,1,1,2,0.25
5,2,1,1,1,2,0.0
5,2,1,1,1,2,0.0
5,2,1,1,1,2,0.0
5,2,0,0,0,0,-0.125
5,2,0,0,0,0,-0.1875
5,2,0,0,0,0,-0.125
5,2,1,0,0,0,0.125
5,2,1,0,0,0,-0.0625
5,2,1,0,0,0,0.125
5,2,1,1,1,2,0.0
5,2,3,1,1,2,0.25
5,2,3,1,1,2,0.375
5,2,1,1,1,2,0.0
5,2,2,1,1,2,0.0625
5,2,2,1,1,2,0.25
5,2,1,1,1,2,0.0
5,2,1,1,1,2,0.0
5,2,1,1,1,2,0.0
5,2,0,0,0,0,-0.25
5,2,0,0,0,0,-0.125
5,2,0,0,0,0,-0.0625
5,2,0,0,0,0,-0.125
5,2,1,0,0,0,0.0625
5,2,1,0,0,0,0.1875
5,2,0,0,0,0,-0.25
5,2,2,0,0,0,0.125
5,2,2,0,0,0,0.3125
5,2,2,1,1,2,0.25
5,2,2,1,1,2,0.125
5,2,2,1,1,2,0.25
5,2,1,1,1,2,0.0
5,2,1,1,1,2,0.0
5,2,1,1,1,2,0.0
5,2,0,0,0,0,-0.125
5,2,0,0,0,0,-0.1875
5,2,0,0,0,0,-0.125
5,2,1,0,0,0,0.0625
5,2,1,0,0,0,-0.0625
5,2,1,0,0,0,0.125
5,2,0,0,0,0,-0.125
5,2,1,0,0,0,0.0625
5,2,1,0,0,0,0.1875
5,2,1,0,0,0,0.125
5,2,1,0,0,0,-0.0625
5,2,1,0,0,0,0.125
5,2,1,1,1,2,0.0
5,2,1,1,1,2,0.0
5,2,1,1,1,2,0.0
5,2,0,0,0,0,-0.25
5,2,0,0,0,0,-0.25
5,2,0,0,0,0,-0.25
5,2,0,0,0,0,-0.125
5,2,0,0,0,0,-0.1875
5,2,0,0,0,0,-0.125
5,2,0,0,0,0,-0.25
5,2,0,0,0,0,-0.125
5,2,0,0,0,0,-0.0625
5,2,0,0,0,0,-0.125
5,2,0,0,0,0,-0.1875
5,2,0,0,0,0,-0.125
5,2,0,0,0,0,-0.25
5,2,0,0,0,0,-0.25
5,2,0,0,0,0,-0.25
5,0,-1,-1,1,0,0.5
5,0,-1,-1,1,0,0.5
5,0,-1,-1,1,0,0.5
5,0,-1,-1,1,0,0.5
5,0,-1,-1,1,0,0.5
5,0,-1,-1,1,0,0.5
5,0,-1,-1,1,0,0.5
5,0,-1,-1,1,0,0.5
5,0,-1,-1,1,0,0.5
5,0,-1,-1,1,0,0.5
5,0,-1,-1,1,0,0.5
5,0,-1,-1,1,0,0.5
5,0,-1,-1,1,0,0.5
5,0,-1,-1,1,0,0.5
5,0,-1,-1,1,0,0.5
5,2,1,1,1,2,0.0
5,2,1,1,1,2,0.0
5,2,1,1,1,2,0.0
5,2,2,1,1,2,0.125
5,2,2,1,1,2,0.0625
5,2,2,1,1,2,0.125
5,2,1,1,1,2,0.0
5,2,2,1,1,2,0.125
5,2,2,1,1,2,0.1875
5,2,2,1,1,2,0.125
5,2,2,1,1,2,0.0625
5,2,2,1,1,2,0.125
5,2,1,1,1,2,0.0
5,2,1,1,1,2,0.0
5,2,1,1,1,2,0.0
5,2,0,0,0,0,-0.125
5,2,0,0,0,0,-0.125
5,2,0,0,0,0,-0.125
5,2,2,1,1,2,0.25
5,2,2,1,1,2,0.125
5,2,2,1,1,2,0.25
5,2,1,1,1,2,0.0
5,2,3,1,1,2,0.15625
5,2,3,1,1,2,0.3125
5,2,2,1,1,2,0.1875
5,2,2,1,1,2,0.03125
5,2,2,1,1,2,0.25
5,2,1,1,1,2,0.0
5,2,1,1,1,2,0.0
5,2,1,1,1,2,0.0
5,2,0,0,0,0,-0.0625
5,2,0,0,0,0,-0.09375
5,2,0,0,0,0,-0.0625
5,2,1,0,0,0,0.1875
5,2,1,0,0,0,0.03125
5,2,1,0,0,0,0.1875
5,2,1,1,1,2,0.0
5,2,3,1,1,2,0.25
5,2,3,1,1,2,0.375
5,2,2,1,1,2,0.125
5,2,2,1,1,2,0.09375
5,2,2,1,1,2,0.25
5,2,1,1,1,2,0.0
5,2,1,1,1,2,0.0
5,2,1,1,1,2,0.0
5,2,0,0,0,0,-0.125
5,2,0,0,0,0,-0.0625
5,2,0,0,0,0,-0.03125
5,2,1,0,0,0,0.0625
5,2,1,0,0,0,0.09375
5,2,1,0,0,0,0.21875
5,2,0,0,0,0,-0.125
5,2,2,0,0,0,0.1875
5,2,2,0,0,0,0.34375
5,2,2,1,1,2,0.25
5,2,2,1,1,2,0.125
5,2,2,1,1,2,0.25
5,2,1,1,1,2,0.0
5,2,1,1,1,2,0.0
5,2,1,1,1,2,0.0
5,2,0,0,0,0,-0.0625
5,2,0,0,0,0,-0.09375
5,2,0,0,0,0,-0.0625
5,2,1,0,0,0,0.15625
5,2,1,0,0,0,0.03125
5,2,1,0,0,0,0.1875
5,2,0,0,0,0,-0.0625
5,2,2,0,0,0,0.15625
5,2,2,0,0,0,0.28125
5,2,1,0,0,0,0.1875
5,2,1,0,0,0,0.03125
5,2,1,0,0,0,0.1875
5,2,1,1,1,2,0.0
5,2,1,1,1,2,0.0
5,2,1,1,1,2,0.0
5,2,0,0,0,0,-0.125
5,2,0,0,0,0,-0.125
5,2,0,0,0,0,-0.125
5,2,1,0,0,0,0.0625
5,2,1,0,0,0,-0.03125
5,2,1,0,0,0,0.0625
5,2,0,0,0,0,-0.125
5,2,1,0,0,0,0.0625
5,2,1,0,0,0,0.15625
5,2,1,0,0,0,0.0625
5,2,1,0,0,0,-0.03125
5,2,1,0,0,0,0.0625
5,2,0,0,0,0,-0.125
5,2,0,0,0,0,-0.125
5,2,0,0,0,0,-0.125
5,0,-1,-1,1,0,0.5
5,0,-1,-1,1,0,0.5
5,0,-1,-1,1,0,0.5
5,0,-1,-1,1,0,0.5
5,0,-1,-1,1,0,0.5
5,0,-1,-1,1,0,0.5
5,0,-1,-1,1,0,0.5
5,0,-1,-1,1,0,0.5
5,0,-1,-1,1,0,0.5
5,0,-1,-1,1,0,0.5
5,0,-1,-1,1,0,0.5
5,0,-1,-1,1,0,0.5
5,0,-1,-1,1,0,0.5
5,0,-1,-1,1,0,0.5
5,0,-1,-1,1,0,0.5
5,2,2,1,1,2,0.25
5,2,2,1,1,2,0.25
5,2,2,1,1,2,0.25
5,2,2,1,1,2,0.25
5,2,2,1,1,2,0.25
5,2,2,1,1,2,0.25
5,2,2,1,1,2,0.25
5,2,2,1,1,2,0.25
5,2,2,1,1,2,0.25
5,2,2,1,1,2,0.25
5,2,2,1,1,2,0.25
5,2,2,1,1,2,0.25
5,2,2,1,1,2,0.25
5,2,2,1,1,2,0.25
5,2,2,1,1,2,0.25
5,2,1,0,0,0,0.125
5,2,1,0,0,0,0.125
5,2,1,0,0,0,0.125
5,2,3,1,1,2,0.375
5,2,3,1,1,2,0.3125
5,2,3,1,1,2,0.375
5,2,2,1,1,2,0.25
5,2,3,1,1,2,0.28125
5,2,3,1,1,2,0.375
5,2,3,1,1,2,0.3125
5,2,3,1,1,2,0.21875
5,2,3,1,1,2,0.375
5,2,2,1,1,2,0.25
5,2,2,1,1,2,0.25
5,2,2,1,1,2,0.25
5,2,1,0,0,0,0.1875
5,2,1,0,0,0,0.15625
5,2,1,0,0,0,0.1875
5,2,2,0,0,0,0.3125
5,2,2,0,0,0,0.21875
5,2,2,0,0,0,0.3125
5,2,2,1,1,2,0.25
5,2,4,1,1,2,0.375
5,2,4,1,1,2,0.4375
5,2,2,1,1,2,0.25
5,2,3,1,1,2,0.28125
5,2,3,1,1,2,0.375
5,2,2,1,1,2,0.25
5,2,2,1,1,2,0.25
5,2,2,1,1,2,0.25
5,2,1,0,0,0,0.125
5,2,1,0,0,0,0.1875
5,2,1,0,0,0,0.21875
5,2,1,0,0,0,0.1875
5,2,2,0,0,0,0.28125
5,2,2,0,0,0,0.34375
5,2,1,0,0,0,0.125
5,2,3,0,0,0,0.3125
5,2,3,0,0,0,0.40625
5,2,3,1,1,2,0.375
5,2,3,1,1,2,0.3125
5,2,3,1,1,2,0.375
5,2,2,1,1,2,0.25
5,2,2,1,1,2,0.25
5,2,2,1,1,2,0.25
5,2,1,0,0,0,0.1875
5,2,1,0,0,0,0.15625
5,2,1,0,0,0,0.1875
5,2,2,0,0,0,0.28125
5,2,2,0,0,0,0.21875
5,2,2,0,0,0,0.3125
5,2,1,0,0,0,0.1875
5,2,2,0,0,0,0.28125
5,2,2,0,0,0,0.34375
5,2,2,0,0,0,0.3125
5,2,2,0,0,0,0.21875
5,2,2,0,0,0,0.3125
5,2,2,1,1,2,0.25
5,2,2,1,1,2,0.25
5,2,2,1,1,2,0.25
5,2,1,0,0,0,0.125
5,2,1,0,0,0,0.125
5,2,1,0,0,0,0.125
5,2,1,0,0,0,0.1875
5,2,1,0,0,0,0.15625
5,2,1,0,0,0,0.1875
5,2,1,0,0,0,0.125
5,2,1,0,0,0,0.1875
5,2,1,0,0,0,0.21875
5,2,1,0,0,0,0.1875
5,2,1,0,0,0,0.15625
5,2,1,0,0,0,0.1875
5,2,1,0,0,0,0.125
5,2,1,0,0,0,0.125
5,2,1,0,0,0,0.125
5,2,1,1,1,2,0.0
5,2,1,1,1,2,0.0
5,2,1,1,1,2,0.0
5,2,1,1,1,2,0.0
5,2,1,1,1,2,0.0
5,2,1,1,1,2,0.0
5,2,1,1,1,2,0.0
5,2,1,1,1,2,0.0
5,2,1,1,1,2,0.0
5,2,1,1,1,2,0.0
5,2,1,1,1,2,0.0
5,2,1,1,1,2,0.0
5,2,1,1,1,2,0.0
5,2,1,1,1,2,0.0
5,2,1,1,1,2,0.0
5,2,1,1,1,2,0.0
5,2,1,1,1,2,0.0
5,2,1,1,1,2,0.0
5,2,1,1,1,2,0.0
5,2,1,1,1,2,0.0
5,2,1,1,1,2,0.0
5,2,1,1,1,2,0.0
5,2,1,1,1,2,0.0
5,2,1,1,1,2,0.0
5,2,1,1,1,2,0.0
5,2,1,1,1,2,0.0
5,2,1,1,1,2,0.0
5,2,1,1,1,2,0.0
5,2,1,1,1,2,0.0
5,2,1,1,1,2,0.0
5,2,1,1,1,2,0.0
5,2,1,1,1,2,0.0
5,2,1,1,1,2,0.0
5,4,3,3,1,4,0.0
5,4,3,3,1,4,0.0
5,4,3,3,1,4,0.0
5,4,2,2,1,2,0.0
5,4,3,3,1,4,0.0
5,4,3,3,1,4,0.0
5,4,2,2,1,2,0.0
5,4,3,2,1,2,0.0
5,4,3,3,1,4,0.0
5,4,2,2,1,2,0.0
5,4,2,2,1,2,0.0
5,4,2,2,1,2,0.0
5,2,1,1,1,2,0.0
5,2,1,1,1,2,0.0
5,2,1,1,1,2,0.0
5,4,2,2,1,2,0.0
5,4,2,2,1,2,0.0
5,4,2,2,1,2,0.0
5,4,1,1,1,4,0.0
5,4,3,3,1,4,0.0
5,4,3,3,1,4,0.0
5,4,1,1,1,4,0.0
5,4,3,2,1,2,0.0
5,4,3,3,1,4,0.0
5,4,1,1,1,4,0.0
5,4,2,2,1,2,0.0
5,4,2,2,1,2,0.0
5,2,1,1,1,2,0.0
5,2,1,1,1,2,0.0
5,2,1,1,1,2,0.0
5,4,1,1,1,4,0.0
5,4,2,2,1,2,0.0
5,4,2,2,1,2,0.0
5,4,1,1,1,2,0.0
5,4,3,2,1,2,0.0
5,4,3,2,1,2,0.0
5,4,1,1,1,4,0.0
5,4,2,1,1,4,0.0
5,4,3,3,1,4,0.0
5,4,1,1,1,4,0.0
5,4,2,1,1,4,0.0
5,4,2,2,1,2,0.0
5,2,1,1,1,2,0.0
5,2,1,1,1,2,0.0
5,2,1,1,1,2,0.0
5,4,2,1,1,4,0.0
5,4,2,1,1,4,0.0
5,4,2,2,1,2,0.0
5,4,1,1,1,2,0.0
5,4,2,1,1,4,0.0
5,4,2,2,1,2,0.0
5,4,1,1,1,2,0.0
5,4,2,1,1,2,0.0
5,4,2,2,1,2,0.0
5,4,1,1,1,4,0.0
5,4,2,1,1,4,0.0
5,4,1,1,1,4,0.0
5,2,1,1,1,2,0.0
5,2,1,1,1,2,0.0
5,2,1,1,1,2,0.0
5,4,1,1,1,4,0.0
5,4,1,1,1,4,0.0
5,4,1,1,1,4,0.0
5,4,1,1,1,2,0.0
5,4,1,1,1,4,0.0
5,4,1,1,1,4,0.0
5,4,1,1,1,2,0.0
5,4,1,1,1,2,0.0
5,4,1,1,1,4,0.0
5,4,1,1,1,2,0.0
5,4,1,1,1,2,0.0
5,4,1,1,1,2,0.0
5,2,0,0,0,0,-0.25
5,2,0,0,0,0,-0.25
5,2,0,0,0,0,-0.25
5,2,2,1,1,2,0.25
5,2,2,1,1,2,0.125
5,2,2,1,1,2,0.25
5,2,1,1,1,2,0.0
5,2,2,1,1,2,0.0625
5,2,2,1,1,2,0.25
5,2,2,1,1,2,0.125
5,2,2,1,1,2,-0.0625
5,2,2,1,1,2,0.25
5,2,1,1,1,2,0.0
5,2,1,1,1,2,0.0
5,2,1,1,1,2,0.0
5,2,0,0,0,0,-0.125
5,2,0,0,0,0,-0.125
5,2,0,0,0,0,-0.125
5,2,2,1,1,2,0.25
5,2,2,1,1,2,0.125
5,2,2,1,1,2,0.25
5,2,2,1,1,2,0.125
5,2,2,1,1,2,0.09375
5,2,2,1,1,2,0.25
5,2,2,1,1,2,0.1875
5,2,2,1,1,2,0.03125
5,2,2,1,1,2,0.25
5,2,2,1,1,2,0.125
5,2,2,1,1,2,0.0625
5,2,2,1,1,2,0.125
5,2,0,0,0,0,-0.25
5,2,0,0,0,0,-0.25
5,2,0,0,0,0,-0.25
5,4,2,2,1,2,0.0
5,4,2,2,1,2,0.0
5,4,2,2,1,2,0.0
5,4,2,2,1,2,0.125
5,4,2,2,1,2,-0.125
5,4,2,2,1,2,0.0
5,4,2,2,1,2,0.0625
5,4,2,2,1,2,-0.0625
5,4,2,2,1,2,0.0
5,4,2,2,1,2,0.125
5,4,2,2,1,2,0.0625
5,4,2,2,1,2,0.125
5,2,2,1,1,2,0.25
5,2,2,1,1,2,0.125
5,2,2,1,1,2,0.25
5,4,1,1,1,4,0.0
5,4,1,1,1,4,-0.125
5,4,1,1,1,4,0.0
5,4,0,0,0,2,-0.25
5,4,4,3,1,4,0.25
5,4,3,3,1,4,0.0
5,4,0,0,0,2,-0.25
5,4,3,2,1,2,0.25
5,4,3,3,1,4,0.0
5,4,0,0,0,2,-0.25
5,4,2,2,1,2,0.0625
5,4,2,2,1,2,-0.125
5,2,1,1,1,2,0.0
5,2,2,1,1,2,0.0625
5,2,2,1,1,2,0.25
5,4,1,1,1,4,-0.0625
5,4,1,1,1,4,-0.09375
5,4,1,1,1,4,0.0
5,4,0,0,0,2,-0.25
5,4,3,2,1,2,0.25
5,4,3,2,1,2,0.0
5,4,0,0,0,2,-0.25
5,4,2,1,1,4,0.25
5,4,3,3,1,4,0.0
5,4,0,0,0,2,-0.25
5,4,2,1,1,4,0.09375
5,4,2,2,1,2,0.0
5,2,2,1,1,2,0.125
5,2,2,1,1,2,-0.0625
5,2,2,1,1,2,0.25
5,4,1,1,1,4,-0.03125
5,4,1,1,1,4,-0.125
5,4,1,1,1,4,0.0
5,4,0,0,0,2,-0.25
5,4,2,1,1,4,0.25
5,4,2,2,1,2,0.0
5,4,0,0,0,2,-0.25
5,4,2,1,1,2,0.25
5,4,2,2,1,2,0.0
5,4,0,0,0,2,-0.25
5,4,2,1,1,4,0.0625
5,4,1,1,1,4,-0.125
5,2,1,1,1,2,0.0
5,2,1,1,1,2,0.0
5,2,1,1,1,2,0.0
5,4,1,1,1,4,-0.0625
5,4,1,1,1,4,-0.15625
5,4,1,1,1,4,-0.0625
5,4,0,0,0,2,-0.25
5,4,1,1,1,4,0.0625
5,4,1,1,1,4,-0.09375
5,4,0,0,0,2,-0.25
5,4,1,1,1,2,0.09375
5,4,1,1,1,4,-0.125
5,4,0,0,0,2,-0.25
5,4,1,1,1,2,-0.03125
5,4,1,1,1,2,-0.1875
5,2,0,0,0,0,-0.125
5,2,0,0,0,0,-0.1875
5,2,0,0,0,0,-0.125
5,2,1,0,0,0,0.125
5,2,1,0,0,0,-0.0625
5,2,1,0,0,0,0.125
5,2,1,1,1,2,0.0
5,2,3,1,1,2,0.25
5,2,3,1,1,2,0.375
5,2,1,1,1,2,0.0
5,2,2,1,1,2,0.0625
5,2,2,1,1,2,0.25
5,2,1,1,1,2,0.0
5,2,1,1,1,2,0.0
5,2,1,1,1,2,0.0
5,2,1,0,0,0,0.0625
5,2,1,0,0,0,-0.03125
5,2,1,0,0,0,0.0625
5,2,1,0,0,0,0.1875
5,2,1,0,0,0,0.03125
5,2,1,0,0,0,0.1875
5,2,1,1,1,2,0.0
5,2,3,1,1,2,0.25
5,2,3,1,1,2,0.375
5,2,1,1,1,2,0.0
5,2,3,1,1,2,0.15625
5,2,3,1,1,2,0.3125
5,2,1,1,1,2,0.0
5,2,2,1,1,2,0.125
5,2,2,1,1,2,0.1875
5,2,0,0,0,0,-0.125
5,2,0,0,0,0,-0.1875
5,2,0,0,0,0,-0.125
5,4,1,1,1,4,0.0
5,4,1,1,1,4,-0.125
5,4,1,1,1,4,0.0
5,4,1,1,1,4,-0.0625
5,4,2,2,1,2,0.0625
5,4,2,2,1,2,0.0
5,4,1,1,1,4,-0.15625
5,4,2,2,1,2,0.15625
5,4,2,2,1,2,0.0
5,4,1,1,1,4,-0.0625
5,4,2,2,1,2,0.125
5,4,2,2,1,2,0.0625
5,2,1,0,0,0,0.125
5,2,1,0,0,0,-0.0625
5,2,1,0,0,0,0.125
5,4,1,1,1,2,0.0
5,4,1,1,1,2,-0.1875
5,4,1,1,1,2,0.0
5,4,0,0,0,2,-0.25
5,4,3,2,1,2,0.25
5,4,3,2,1,2,0.0
5,4,0,0,0,2,-0.3125
5,4,3,2,1,2,0.3125
5,4,3,2,1,2,0.0
5,4,0,0,0,2,-0.25
5,4,2,2,1,2,0.15625
5,4,2,2,1,2,-0.0625
5,2,1,1,1,2,0.0
5,2,3,1,1,2,0.25
5,2,3,1,1,2,0.375
5,4,1,1,0,4,-0.25
5,4,1,1,1,4,0.0625
5,4,1,1,1,4,0.0
5,4,0,0,0,2,-0.375
5,4,2,1,1,4,0.25
5,4,2,1,1,4,0.0
5,4,0,0,0,2,-0.125
5,4,1,0,0,2,0.125
5,4,3,3,1,4,0.0
5,4,0,0,0,2,-0.25
5,4,1,0,0,2,-0.0625
5,4,2,2,1,2,0.0
5,2,1,1,1,2,0.0
5,2,2,1,1,2,0.0625
5,2,2,1,1,2,0.25
5,4,1,1,0,4,-0.25
5,4,1,1,1,4,0.0625
5,4,1,1,1,4,0.0
5,4,0,0,0,2,-0.375
5,4,2,1,1,4,0.21875
5,4,2,1,1,4,0.0
5,4,0,0,0,2,-0.125
5,4,1,0,0,2,0.125
5,4,2,2,1,2,0.0
5,4,0,0,0,2,-0.25
5,4,1,0,0,2,-0.0625
5,4,1,1,1,4,0.0
5,2,1,1,1,2,0.0
5,2,1,1,1,2,0.0
5,2,1,1,1,2,0.0
5,4,1,1,0,4,-0.25
5,4,1,1,1,4,-0.0625
5,4,1,1,1,4,-0.15625
5,4,0,0,0,2,-0.375
5,4,1,1,1,4,0.0625
5,4,1,1,1,4,-0.125
5,4,0,0,0,2,-0.21875
5,4,1,0,0,2,-0.0625
5,4,1,1,1,4,0.0
5,4,0,0,0,2,-0.3125
5,4,1,0,0,2,-0.15625
5,4,1,1,1,2,0.0
5,2,0,0,0,0,-0.25
5,2,0,0,0,0,-0.125
5,2,0,0,0,0,-0.0625
5,2,0,0,0,0,-0.125
5,2,1,0,0,0,0.0625
5,2,1,0,0,0,0.1875
5,2,0,0,0,0,-0.25
5,2,2,0,0,0,0.125
5,2,2,0,0,0,0.3125
5,2,2,1,1,2,0.25
5,2,2,1,1,2,0.125
5,2,2,1,1,2,0.25
5,2,1,1,1,2,0.0
5,2,1,1,1,2,0.0
5,2,1,1,1,2,0.0
5,2,0,0,0,0,-0.125
5,2,1,0,0,0,0.0625
5,2,1,0,0,0,0.15625
5,2,0,0,0,0,-0.0625
5,2,2,0,0,0,0.15625
5,2,2,0,0,0,0.28125
5,2,0,0,0,0,-0.125
5,2,2,0,0,0,0.1875
5,2,2,0,0,0,0.34375
5,2,2,1,1,2,0.25
5,2,2,1,1,2,0.125
5,2,2,1,1,2,0.25
5,2,2,1,1,2,0.125
5,2,2,1,1,2,0.0625
5,2,2,1,1,2,0.125
5,2,0,0,0,0,-0.25
5,2,0,0,0,0,-0.125
5,2,0,0,0,0,-0.0625
5,4,0,0,0,2,-0.25
5,4,2,1,1,4,0.0625
5,4,2,1,1,4,0.0
5,4,0,0,0,2,-0.25
5,4,2,1,1,4,0.09375
5,4,2,1,1,4,0.0
5,4,1,1,1,4,-0.03125
5,4,2,1,1,4,0.03125
5,4,2,2,1,2,0.0
5,4,1,1,1,4,-0.03125
5,4,2,1,1,4,0.03125
5,4,2,2,1,2,0.125
5,2,0,0,0,0,-0.125
5,2,1,0,0,0,0.0625
5,2,1,0,0,0,0.1875
5,4,0,0,0,2,-0.25
5,4,1,1,1,2,-0.03125
5,4,1,1,1,2,0.0
5,4,0,0,0,2,-0.375
5,4,2,1,1,4,0.25
5,4,2,1,1,4,0.0
5,4,0,0,0,2,-0.21875
5,4,2,1,1,4,0.21875
5,4,2,2,1,2,0.0
5,4,0,0,0,2,-0.25
5,4,2,1,1,4,0.03125
5,4,2,2,1,2,0.0625
5,2,0,0,0,0,-0.25
5,2,2,0,0,0,0.125
5,2,2,0,0,0,0.3125
5,4,0,0,0,2,-0.375
5,4,1,1,1,2,0.09375
5,4,1,1,1,2,0.0
5,4,0,0,0,0,-0.4375
5,4,2,1,1,2,0.25
5,4,2,1,1,2,0.0
5,4,0,0,0,2,-0.125
5,4,1,0,0,2,0.125
5,4,2,2,1,2,0.0
5,4,0,0,0,2,-0.25
5,4,1,0,0,2,-0.03125
5,4,2,2,1,2,0.125
5,2,2,1,1,2,0.25
5,2,2,1,1,2,0.125
5,2,2,1,1,2,0.25
5,4,1,1,0,4,-0.125
5,4,1,1,0,4,-0.0625
5,4,1,1,1,4,0.0
5,4,0,0,0,2,-0.3125
5,4,2,1,0,4,0.125
5,4,2,1,1,4,0.0
5,4,0,0,0,2,-0.1875
5,4,1,0,0,2,0.0625
5,4,1,1,1,4,0.0
5,4,0,0,0,2,-0.25
5,4,1,0,0,2,-0.125
5,4,0,0,0,2,-0.25
5,2,1,1,1,2,0.0
5,2,1,1,1,2,0.0
5,2,1,1,1,2,0.0
5,4,1,1,0,4,-0.25
5,4,1,1,0,4,-0.15625
5,4,1,1,1,4,-0.0625
5,4,0,0,0,2,-0.375
5,4,1,1,0,4,-0.0625
5,4,1,1,1,4,-0.03125
5,4,0,0,0,2,-0.28125
5,4,1,0,0,2,-0.09375
5,4,1,1,1,4,-0.0625
5,4,0,0,0,2,-0.25
5,4,1,0,0,2,-0.125
5,4,0,0,0,2,-0.25
5,2,0,0,0,0,-0.125
5,2,0,0,0,0,-0.1875
5,2,0,0,0,0,-0.125
5,2,1,0,0,0,0.0625
5,2,1,0,0,0,-0.0625
5,2,1,0,0,0,0.125
5,2,0,0,0,0,-0.125
5,2,1,0,0,0,0.0625
5,2,1,0,0,0,0.1875
5,2,1,0,0,0,0.125
5,2,1,0,0,0,-0.0625
5,2,1,0,0,0,0.125
5,2,1,1,1,2,0.0
5,2,1,1,1,2,0.0
5,2,1,1,1,2,0.0
5,2,1,0,0,0,0.0625
5,2,1,0,0,0,-0.03125
5,2,1,0,0,0,0.0625
5,2,1,0,0,0,0.15625
5,2,1,0,0,0,0.03125
5,2,1,0,0,0,0.1875
5,2,1,0,0,0,0.0625
5,2,1,0,0,0,0.09375
5,2,1,0,0,0,0.21875
5,2,1,0,0,0,0.1875
5,2,1,0,0,0,0.03125
5,2,1,0,0,0,0.1875
5,2,1,1,1,2,0.0
5,2,1,1,1,2,0.0
5,2,1,1,1,2,0.0
5,2,0,0,0,0,-0.125
5,2,0,0,0,0,-0.1875
5,2,0,0,0,0,-0.125
5,4,1,0,0,2,-0.125
5,4,1,0,0,2,-0.0625
5,4,1,1,1,4,0.0
5,4,1,0,0,2,-0.125
5,4,1,0,0,2,-0.0625
5,4,1,1,1,4,0.0
5,4,1,0,0,2,-0.125
5,4,1,0,0,2,-0.03125
5,4,1,1,1,4,0.0
5,4,1,1,1,4,-0.0625
5,4,1,1,1,4,-0.03125
5,4,1,1,1,4,-0.0625
5,2,1,0,0,0,0.0625
5,2,1,0,0,0,-0.0625
5,2,1,0,0,0,0.125
5,4,1,0,0,2,-0.125
5,4,1,0,0,2,-0.15625
5,4,1,1,1,2,0.0
5,4,0,0,0,2,-0.3125
5,4,1,0,0,2,0.125
5,4,1,1,1,4,0.0
5,4,0,0,0,2,-0.28125
5,4,1,0,0,2,0.125
5,4,1,1,1,4,0.0
5,4,0,0,0,2,-0.25
5,4,1,1,1,4,-0.03125
5,4,1,1,1,4,-0.15625
5,2,0,0,0,0,-0.125
5,2,1,0,0,0,0.0625
5,2,1,0,0,0,0.1875
5,4,0,0,0,2,-0.3125
5,4,1,0,0,2,-0.0625
5,4,1,1,1,2,0.0
5,4,0,0,0,0,-0.40625
5,4,1,0,0,2,0.125
5,4,1,1,1,2,0.0
5,4,0,0,0,2,-0.1875
5,4,1,0,0,2,0.0625
5,4,1,1,1,4,0.0
5,4,0,0,0,2,-0.25
5,4,1,0,0,2,-0.125
5,4,1,1,1,4,-0.0625
5,2,1,0,0,0,0.125
5,2,1,0,0,0,-0.0625
5,2,1,0,0,0,0.125
5,4,1,0,0,2,-0.1875
5,4,1,0,0,2,-0.09375
5,4,1,1,1,2,0.0
5,4,0,0,0,0,-0.34375
5,4,1,0,0,2,0.0625
5,4,1,1,1,2,0.0
5,4,0,0,0,0,-0.21875
5,4,1,0,0,0,0.03125
5,4,1,1,1,2,0.0
5,4,0,0,0,2,-0.25
5,4,1,0,0,2,-0.125
5,4,0,0,0,2,-0.25
5,2,1,1,1,2,0.0
5,2,1,1,1,2,0.0
5,2,1,1,1,2,0.0
5,4,1,1,0,4,-0.25
5,4,1,1,0,4,-0.25
5,4,1,1,0,4,-0.25
5,4,0,0,0,2,-0.375
5,4,1,1,0,4,-0.125
5,4,1,1,0,4,-0.25
5,4,0,0,0,2,-0.3125
5,4,1,0,0,2,-0.1875
5,4,1,1,0,4,-0.25
5,4,0,0,0,2,-0.375
5,4,0,0,0,2,-0.3125
5,4,0,0,0,2,-0.375
5,2,0,0,0,0,-0.25
5,2,0,0,0,0,-0.25
5,2,0,0,0,0,-0.25
5,2,0,0,0,0,-0.125
5,2,0,0,0,0,-0.1875
5,2,0,0,0,0,-0.125
5,2,0,0,0,0,-0.25
5,2,0,0,0,0,-0.125
5,2,0,0,0,0,-0.0625
5,2,0,0,0,0,-0.125
5,2,0,0,0,0,-0.1875
5,2,0,0,0,0,-0.125
5,2,0,0,0,0,-0.25
5,2,0,0,0,0,-0.25
5,2,0,0,0,0,-0.25
5,2,0,0,0,0,-0.125
5,2,0,0,0,0,-0.125
5,2,0,0,0,0,-0.125
5,2,0,0,0,0,-0.0625
5,2,0,0,0,0,-0.09375
5,2,0,0,0,0,-0.0625
5,2,0,0,0,0,-0.125
5,2,0,0,0,0,-0.0625
5,2,0,0,0,0,-0.03125
5,2,0,0,0,0,-0.0625
5,2,0,0,0,0,-0.09375
5,2,0,0,0,0,-0.0625
5,2,0,0,0,0,-0.125
5,2,0,0,0,0,-0.125
5,2,0,0,0,0,-0.125
5,2,0,0,0,0,-0.25
5,2,0,0,0,0,-0.25
5,2,0,0,0,0,-0.25
5,4,0,0,0,2,-0.25
5,4,0,0,0,2,-0.25
5,4,0,0,0,2,-0.25
5,4,0,0,0,2,-0.25
5,4,0,0,0,2,-0.25
5,4,0,0,0,2,-0.25
5,4,0,0,0,2,-0.25
5,4,0,0,0,2,-0.25
5,4,0,0,0,2,-0.25
5,4,0,0,0,2,-0.25
5,4,0,0,0,2,-0.25
5,4,0,0,0,2,-0.25
5,2,0,0,0,0,-0.125
5,2,0,0,0,0,-0.1875
5,2,0,0,0,0,-0.125
5,4,0,0,0,2,-0.25
5,4,0,0,0,2,-0.3125
5,4,0,0,0,2,-0.25
5,4,0,0,0,2,-0.375
5,4,0,0,0,2,-0.125
5,4,0,0,0,2,-0.25
5,4,0,0,0,2,-0.375
5,4,0,0,0,2,-0.125
5,4,0,0,0,2,-0.25
5,4,0,0,0,2,-0.375
5,4,0,0,0,2,-0.21875
5,4,0,0,0,2,-0.3125
5,2,0,0,0,0,-0.25
5,2,0,0,0,0,-0.125
5,2,0,0,0,0,-0.0625
5,4,0,0,0,2,-0.375
5,4,0,0,0,2,-0.21875
5,4,0,0,0,2,-0.25
5,4,0,0,0,0,-0.4375
5,4,0,0,0,2,-0.125
5,4,0,0,0,2,-0.25
5,4,0,0,0,2,-0.3125
5,4,0,0,0,2,-0.1875
5,4,0,0,0,2,-0.25
5,4,0,0,0,2,-0.375
5,4,0,0,0,2,-0.28125
5,4,0,0,0,2,-0.25
5,2,0,0,0,0,-0.125
5,2,0,0,0,0,-0.1875
5,2,0,0,0,0,-0.125
5,4,0,0,0,2,-0.3125
5,4,0,0,0,2,-0.28125
5,4,0,0,0,2,-0.25
5,4,0,0,0,0,-0.40625
5,4,0,0,0,2,-0.1875
5,4,0,0,0,2,-0.25
5,4,0,0,0,0,-0.34375
5,4,0,0,0,0,-0.21875
5,4,0,0,0,2,-0.25
5,4,0,0,0,2,-0.375
5,4,0,0,0,2,-0.3125
5,4,0,0,0,2,-0.375
5,2,0,0,0,0,-0.25
5,2,0,0,0,0,-0.25
5,2,0,0,0,0,-0.25
5,4,0,0,0,2,-0.375
5,4,0,0,0,2,-0.375
5,4,0,0,0,2,-0.375
5,4,0,0,0,0,-0.4375
5,4,0,0,0,2,-0.3125
5,4,0,0,0,2,-0.375
5,4,0,0,0,0,-0.40625
5,4,0,0,0,0,-0.34375
5,4,0,0,0,2,-0.375
5,4,0,0,0,0,-0.4375
5,4,0,0,0,0,-0.40625
5,4,0,0,0,0,-0.4375
6,1,0,0,1,0,0.0
6,1,0,0,1,0,0.0
6,1,0,0,1,0,0.0
6,1,1,0,1,0,0.25
6,1,1,0,1,0,0.125
6,1,1,0,1,0,0.25
6,1,0,0,1,0,0.0
6,1,2,0,1,0,0.25
6,1,2,0,1,0,0.375
6,1,1,0,1,0,0.25
6,1,1,0,1,0,0.125
6,1,1,0,1,0,0.25
6,1,0,0,1,0,0.0
6,1,0,0,1,0,0.0
6,1,0,0,1,0,0.0
6,1,1,0,1,0,0.25
6,1,1,0,1,0,0.25
6,1,1,0,1,0,0.25
6,1,2,0,1,0,0.375
6,1,2,0,1,0,0.3125
6,1,2,0,1,0,0.375
6,1,1,0,1,0,0.25
6,1,3,0,1,0,0.375
6,1,3,0,1,0,0.4375
6,1,2,0,1,0,0.375
6,1,2,0,1,0,0.3125
6,1,2,0,1,0,0.375
6,1,1,0,1,0,0.25
6,1,1,0,1,0,0.25
6,1,1,0,1,0,0.25
6,1,0,0,1,0,0.0
6,1,0,0,1,0,0.0
6,1,0,0,1,0,0.0
6,3,2,2,1,2,0.0
6,3,2,2,1,2,0.0
6,3,2,2,1,2,0.0
6,3,1,1,1,2,0.0
6,3,2,2,1,2,0.0
6,3,2,2,1,2,0.0
6,3,1,1,1,2,0.0
6,3,2,1,1,2,0.0
6,3,2,2,1,2,0.0
6,3,1,1,1,2,0.0
6,3,1,1,1,2,0.0
6,3,1,1,1,2,0.0
6,1,1,0,1,0,0.25
6,1,1,0,1,0,0.125
6,1,1,0,1,0,0.25
6,3,1,1,1,2,0.0
6,3,1,1,1,2,-0.125
6,3,1,1,1,2,0.0
6,3,0,0,0,2,-0.25
6,3,3,2,1,2,0.25
6,3,2,2,1,2,0.0
6,3,0,0,0,2,-0.25
6,3,2,1,1,2,0.25
6,3,2,2,1,2,0.0
6,3,0,0,0,2,-0.25
6,3,1,1,1,2,0.0625
6,3,1,1,1,2,-0.125
6,1,0,0,1,0,0.0
6,1,2,0,1,0,0.25
6,1,2,0,1,0,0.375
6,3,0,0,0,2,-0.25
6,3,1,1,1,2,0.0625
6,3,1,1,1,2,0.0
6,3,0,0,0,0,-0.375
6,3,2,1,1,2,0.25
6,3,2,1,1,2,0.0
6,3,0,0,0,2,-0.125
6,3,1,0,0,2,0.125
6,3,2,2,1,2,0.0
6,3,0,0,0,2,-0.25
6,3,1,0,0,2,-0.0625
6,3,1,1,1,2,0.0
6,1,1,0,1,0,0.25
6,1,1,0,1,0,0.125
6,1,1,0,1,0,0.25
6,3,1,0,0,2,-0.125
6,3,1,0,0,2,-0.0625
6,3,1,1,1,2,0.0
6,3,0,0,0,0,-0.3125
6,3,1,0,0,2,0.125
6,3,1,1,1,2,0.0
6,3,0,0,0,0,-0.1875
6,3,1,0,0,0,0.0625
6,3,1,1,1,2,0.0
6,3,0,0,0,2,-0.25
6,3,1,0,0,2,-0.125
6,3,0,0,0,2,-0.25
6,1,0,0,1,0,0.0
6,1,0,0,1,0,0.0
6,1,0,0,1,0,0.0
6,3,0,0,0,2,-0.25
6,3,0,0,0,2,-0.25
6,3,0,0,0,2,-0.25
6,3,0,0,0,0,-0.375
6,3,0,0,0,2,-0.125
6,3,0,0,0,2,-0.25
6,3,0,0,0,0,-0.3125
6,3,0,0,0,0,-0.1875
6,3,0,0,0,2,-0.25
6,3,0,0,0,0,-0.375
6,3,0,0,0,0,-0.3125
6,3,0,0,0,0,-0.375
6,1,0,0,1,0,0.0
6,1,0,0,1,0,0.0
6,1,0,0,1,0,0.0
6,1,1,0,1,0,0.25
6,1,1,0,1,0,0.125
6,1,1,0,1,0,0.25
6,1,0,0,1,0,0.0
6,1,2,0,1,0,0.25
6,1,2,0,1,0,0.375
6,1,1,0,1,0,0.25
6,1,1,0,1,0,0.125
6,1,1,0,1,0,0.25
6,1,0,0,1,0,0.0
6,1,0,0,1,0,0.0
6,1,0,0,1,0,0.0
6,1,1,0,1,0,0.125
6,1,1,0,1,0,0.125
6,1,1,0,1,0,0.125
6,1,2,0,1,0,0.3125
6,1,2,0,1,0,0.21875
6,1,2,0,1,0,0.3125
6,1,1,0,1,0,0.125
6,1,3,0,1,0,0.3125
6,1,3,0,1,0,0.40625
6,1,2,0,1,0,0.3125
6,1,2,0,1,0,0.21875
6,1,2,0,1,0,0.3125
6,1,1,0,1,0,0.125
6,1,1,0,1,0,0.125
6,1,1,0,1,0,0.125
6,1,1,0,1,0,0.25
6,1,1,0,1,0,0.25
6,1,1,0,1,0,0.25
6,3,2,2,1,2,0.0
6,3,2,2,1,2,0.0
6,3,2,2,1,2,0.0
6,3,1,1,1,2,-0.125
6,3,3,2,1,2,0.125
6,3,2,2,1,2,0.0
6,3,1,1,1,2,-0.0625
6,3,2,1,1,2,0.0625
6,3,2,2,1,2,0.0
6,3,1,1,1,2,-0.125
6,3,1,1,1,2,-0.0625
6,3,1,1,1,2,-0.125
6,1,2,0,1,0,0.375
6,1,2,0,1,0,0.3125
6,1,2,0,1,0,0.375
6,3,1,1,1,2,0.0
6,3,1,1,1,2,-0.0625
6,3,1,1,1,2,0.0
6,3,0,0,0,2,-0.25
6,3,3,2,1,2,0.25
6,3,2,2,1,2,0.0
6,3,0,0,0,2,-0.1875
6,3,2,1,1,2,0.1875
6,3,2,2,1,2,0.0
6,3,0,0,0,2,-0.25
6,3,1,1,1,2,-0.03125
6,3,1,1,1,2,-0.1875
6,1,1,0,1,0,0.25
6,1,3,0,1,0,0.375
6,1,3,0,1,0,0.4375
6,3,1,0,0,2,-0.125
6,3,1,1,1,2,0.03125
6,3,1,1,1,2,0.0
6,3,0,0,0,0,-0.3125
6,3,2,1,1,2,0.25
6,3,2,1,1,2,0.0
6,3,0,0,0,2,-0.125
6,3,1,0,0,2,0.125
6,3,2,2,1,2,0.0
6,3,0,0,0,2,-0.25
6,3,1,0,0,2,-0.09375
6,3,1,1,1,2,-0.125
6,1,2,0,1,0,0.375
6,1,2,0,1,0,0.3125
6,1,2,0,1,0,0.375
6,3,1,0,0,2,-0.0625
6,3,1,0,0,2,-0.03125
6,3,1,1,1,2,0.0
6,3,0,0,0,0,-0.28125
6,3,2,0,0,2,0.1875
6,3,2,1,1,2,0.0
6,3,0,0,0,0,-0.15625
6,3,1,0,0,0,0.09375
6,3,1,1,1,2,0.0
6,3,0,0,0,2,-0.25
6,3,1,0,0,2,-0.125
6,3,0,0,0,2,-0.25
6,1,1,0,1,0,0.25
6,1,1,0,1,0,0.25
6,1,1,0,1,0,0.25
6,3,1,0,0,2,-0.125
6,3,1,0,0,2,-0.125
6,3,1,0,0,2,-0.125
6,3,0,0,0,0,-0.3125
6,3,1,0,0,2,0.0625
6,3,1,0,0,2,-0.125
6,3,0,0,0,0,-0.21875
6,3,1,0,0,0,-0.03125
6,3,1,0,0,2,-0.125
6,3,0,0,0,0,-0.3125
6,3,0,0,0,0,-0.21875
6,3,0,0,0,0,-0.3125
6,1,0,0,1,0,0.0
6,1,0,0,1,0,0.0
6,1,0,0,1,0,0.0
6,1,1,0,1,0,0.25
6,1,1,0,1,0,0.125
6,1,1,0,1,0,0.25
6,1,0,0,1,0,0.0
6,1,2,0,1,0,0.25
6,1,2,0,1,0,0.375
6,1,1,0,1,0,0.25
6,1,1,0,1,0,0.125
6,1,1,0,1,0,0.25
6,1,0,0,1,0,0.0
6,1,0,0,1,0,0.0
6,1,0,0,1,0,0.0
6,1,2,0,1,0,0.25
6,1,2,0,1,0,0.25
6,1,2,0,1,0,0.25
6,1,3,0,1,0,0.375
6,1,3,0,1,0,0.3125
6,1,3,0,1,0,0.375
6,1,2,0,1,0,0.25
6,1,4,0,1,0,0.375
6,1,4,0,1,0,0.4375
6,1,3,0,1,0,0.375
6,1,3,0,1,0,0.3125
6,1,3,0,1,0,0.375
6,1,2,0,1,0,0.25
6,1,2,0,1,0,0.25
6,1,2,0,1,0,0.25
6,1,1,0,1,0,0.125
6,1,1,0,1,0,0.125
6,1,1,0,1,0,0.125
6,3,2,2,1,2,0.0
6,3,3,2,1,2,0.125
6,3,2,2,1,2,0.0
6,3,1,1,1,2,0.0625
6,3,3,2,1,2,0.09375
6,3,2,2,1,2,0.0
6,3,1,1,1,2,0.03125
6,3,2,1,1,2,0.125
6,3,2,2,1,2,0.0
6,3,1,1,1,2,0.0625
6,3,2,1,1,2,0.15625
6,3,1,1,1,2,0.0625
6,1,2,0,1,0,0.3125
6,1,2,0,1,0,0.21875
6,1,2,0,1,0,0.3125
6,3,2,1,1,2,0.0
6,3,2,1,1,2,0.0625
6,3,2,1,1,2,0.0
6,3,0,0,0,2,-0.125
6,3,3,2,1,2,0.25
6,3,2,2,1,2,0.0
6,3,0,0,0,2,-0.125
6,3,2,1,1,2,0.28125
6,3,2,2,1,2,0.0
6,3,0,0,0,2,-0.125
6,3,2,1,1,2,0.15625
6,3,1,1,1,2,-0.03125
6,1,1,0,1,0,0.125
6,1,3,0,1,0,0.3125
6,1,3,0,1,0,0.40625
6,3,1,0,0,2,-0.0625
6,3,2,1,1,2,0.125
6,3,2,1,1,2,0.0
6,3,0,0,0,0,-0.1875
6,3,3,1,1,2,0.25
6,3,2,1,1,2,0.0
6,3,0,0,0,2,-0.0625
6,3,1,0,0,2,0.1875
6,3,2,2,1,2,0.0
6,3,0,0,0,2,-0.125
6,3,1,0,0,2,0.0625
6,3,1,1,1,2,0.0625
6,1,2,0,1,0,0.3125
6,1,2,0,1,0,0.21875
6,1,2,0,1,0,0.3125
6,3,1,0,0,2,-0.03125
6,3,2,0,0,2,0.09375
6,3,2,1,1,2,0.0
6,3,0,0,0,0,-0.15625
6,3,2,0,0,2,0.21875
6,3,2,1,1,2,0.0
6,3,0,0,0,0,-0.09375
6,3,1,0,0,0,0.15625
6,3,2,1,1,2,0.0
6,3,0,0,0,2,-0.125
6,3,1,0,0,2,0.0625
6,3,0,0,0,2,-0.125
6,1,1,0,1,0,0.125
6,1,1,0,1,0,0.125
6,1,1,0,1,0,0.125
6,3,1,0,0,2,-0.0625
6,3,1,0,0,2,0.03125
6,3,1,0,0,2,-0.0625
6,3,0,0,0,0,-0.1875
6,3,1,0,0,2,0.0625
6,3,1,0,0,2,-0.09375
6,3,0,0,0,0,-0.15625
6,3,1,0,0,0,0.0
6,3,1,0,0,2,-0.0625
6,3,0,0,0,0,-0.1875
6,3,1,0,0,0,-0.03125
6,3,0,0,0,0,-0.1875
6,1,1,0,1,0,0.25
6,1,1,0,1,0,0.25
6,1,1,0,1,0,0.25
6,1,2,0,1,0,0.375
6,1,2,0,1,0,0.3125
6,1,2,0,1,0,0.375
6,1,1,0,1,0,0.25
6,1,3,0,1,0,0.375
6,1,3,0,1,0,0.4375
6,1,2,0,1,0,0.375
6,1,2,0,1,0,0.3125
6,1,2,0,1,0,0.375
6,1,1,0,1,0,0.25
6,1,1,0,1,0,0.25
6,1,1,0,1,0,0.25
6,1,2,0,1,0,0.375
6,1,2,0,1,0,0.375
6,1,2,0,1,0,0.375
6,1,3,0,1,0,0.4375
6,1,3,0,1,0,0.40625
6,1,3,0,1,0,0.4375
6,1,2,0,1,0,0.375
6,1,4,0,1,0,0.4375
6,1,4,0,1,0,0.46875
6,1,3,0,1,0,0.4375
6,1,3,0,1,0,0.40625
6,1,3,0,1,0,0.4375
6,1,2,0,1,0,0.375
6,1,2,0,1,0,0.375
6,1,2,0,1,0,0.375
6,1,1,0,1,0,0.25
6,1,1,0,1,0,0.25
6,1,1,0,1,0,0.25
6,3,3,2,1,2,0.25
6,3,3,2,1,2,0.25
6,3,3,2,1,2,0.25
6,3,2,1,1,2,0.25
6,3,3,2,1,2,0.25
6,3,3,2,1,2,0.25
6,3,2,1,1,2,0.25
6,3,3,1,1,2,0.25
6,3,3,2,1,2,0.25
6,3,2,1,1,2,0.25
6,3,2,1,1,2,0.25
6,3,2,1,1,2,0.25
6,1,2,0,1,0,0.375
6,1,2,0,1,0,0.3125
6,1,2,0,1,0,0.375
6,3,2,1,1,2,0.25
6,3,2,1,1,2,0.1875
6,3,2,1,1,2,0.25
6,3,1,0,0,2,0.125
6,3,4,2,1,2,0.375
6,3,3,2,1,2,0.25
6,3,1,0,0,2,0.125
6,3,3,1,1,2,0.375
6,3,3,2,1,2,0.25
6,3,1,0,0,2,0.125
6,3,2,1,1,2,0.28125
6,3,2,1,1,2,0.1875
6,1,1,0,1,0,0.25
6,1,3,0,1,0,0.375
6,1,3,0,1,0,0.4375
6,3,1,0,0,2,0.125
6,3,2,1,1,2,0.28125
6,3,2,1,1,2,0.25
6,3,1,0,0,0,0.0625
6,3,3,1,1,2,0.375
6,3,3,1,1,2,0.25
6,3,1,0,0,2,0.1875
6,3,2,0,0,2,0.3125
6,3,3,2,1,2,0.25
6,3,1,0,0,2,0.125
6,3,2,0,0,2,0.21875
6,3,2,1,1,2,0.25
6,1,2,0,1,0,0.375
6,1,2,0,1,0,0.3125
6,1,2,0,1,0,0.375
6,3,2,0,0,2,0.1875
6,3,2,0,0,2,0.21875
6,3,2,1,1,2,0.25
6,3,1,0,0,0,0.09375
6,3,2,0,0,2,0.3125
6,3,2,1,1,2,0.25
6,3,1,0,0,0,0.15625
6,3,2,0,0,0,0.28125
6,3,2,1,1,2,0.25
6,3,1,0,0,2,0.125
6,3,2,0,0,2,0.1875
6,3,1,0,0,2,0.125
6,1,1,0,1,0,0.25
6,1,1,0,1,0,0.25
6,1,1,0,1,0,0.25
6,3,1,0,0,2,0.125
6,3,1,0,0,2,0.125
6,3,1,0,0,2,0.125
6,3,1,0,0,0,0.0625
6,3,1,0,0,2,0.1875
6,3,1,0,0,2,0.125
6,3,1,0,0,0,0.09375
6,3,1,0,0,0,0.15625
6,3,1,0,0,2,0.125
6,3,1,0,0,0,0.0625
6,3,1,0,0,0,0.09375
6,3,1,0,0,0,0.0625
6,1,0,0,1,0,0.0
6,1,0,0,1,0,0.0
6,1,0,0,1,0,0.0
6,3,2,2,1,2,0.0
6,3,2,2,1,2,0.0
6,3,2,2,1,2,0.0
6,3,1,1,1,2,0.0
6,3,2,2,1,2,0.0
6,3,2,2,1,2,0.0
6,3,1,1,1,2,0.0
6,3,2,1,1,2,0.0
6,3,2,2,1,2,0.0
6,3,1,1,1,2,0.0
6,3,1,1,1,2,0.0
6,3,1,1,1,2,0.0
6,1,0,0,1,0,0.0
6,1,0,0,1,0,0.0
6,1,0,0,1,0,0.0
6,3,2,2,1,2,0.0
6,3,2,2,1,2,0.0
6,3,2,2,1,2,0.0
6,3,1,1,1,2,0.0
6,3,2,2,1,2,0.0
6,3,2,2,1,2,0.0
6,3,1,1,1,2,0.0
6,3,2,1,1,2,0.0
6,3,2,2,1,2,0.0
6,3,1,1,1,2,0.0
6,3,2,1,1,2,0.0
6,3,1,1,1,2,0.0
6,1,0,0,1,0,0.0
6,1,0,0,1,0,0.0
6,1,0,0,1,0,0.0
6,3,2,2,1,2,0.0
6,3,2,2,1,2,0.0
6,3,2,2,1,2,0.0
6,3,2,1,1,2,0.0
6,3,2,2,1,2,0.0
6,3,2,2,1,2,0.0
6,3,2,1,1,2,0.0
6,3,2,1,1,2,0.0
6,3,2,2,1,2,0.0
6,3,2,1,1,2,0.0
6,3,2,1,1,2,0.0
6,3,2,1,1,2,0.0
6,3,2,2,1,2,0.0
6,3,2,2,1,2,0.0
6,3,2,2,1,2,0.0
6,3,2,2,1,2,0.0
6,3,2,2,1,2,0.0
6,3,2,2,1,2,0.0
6,3,2,2,1,2,0.0
6,5,4,4,1,4,0.0
6,5,3,3,1,4,0.0
6,3,2,2,1,2,0.0
6,5,3,3,1,4,0.0
6,5,2,2,1,4,0.0
6,3,2,2,1,2,0.0
6,5,2,2,1,4,0.0
6,5,2,2,1,2,0.0
6,3,1,1,1,2,0.0
6,3,2,2,1,2,0.0
6,3,2,2,1,2,0.0
6,3,1,1,1,2,0.0
6,3,2,2,1,2,0.0
6,3,2,2,1,2,0.0
6,3,1,1,1,2,0.0
6,5,3,3,1,4,0.0
6,5,3,3,1,2,0.0
6,3,2,2,1,2,0.0
6,5,2,2,1,4,0.0
6,5,1,1,1,4,0.0
6,3,2,2,1,2,0.0
6,5,2,2,1,4,0.0
6,5,1,1,1,4,0.0
6,3,1,1,1,2,0.0
6,3,2,1,1,2,0.0
6,3,2,2,1,2,0.0
6,3,2,1,1,2,0.0
6,3,2,1,1,2,0.0
6,3,2,2,1,2,0.0
6,3,1,1,1,2,0.0
6,5,2,2,1,4,0.0
6,5,2,2,1,4,0.0
6,3,2,1,1,2,0.0
6,5,2,2,1,2,0.0
6,5,1,1,1,4,0.0
6,3,2,2,1,2,0.0
6,5,2,2,1,4,0.0
6,5,1,1,1,4,0.0
6,3,1,1,1,2,0.0
6,3,1,1,1,2,0.0
6,3,1,1,1,2,0.0
6,3,1,1,1,2,0.0
6,3,1,1,1,2,0.0
6,3,1,1,1,2,0.0
6,3,1,1,1,2,0.0
6,5,1,1,1,4,0.0
6,5,1,1,1,4,0.0
6,3,1,1,1,2,0.0
6,5,1,1,1,4,0.0
6,5,1,1,1,4,0.0
6,3,1,1,1,2,0.0
6,5,1,1,1,4,0.0
6,5,1,1,1,2,0.0
6,1,1,0,1,0,0.25
6,1,1,0,1,0,0.125
6,1,1,0,1,0,0.25
6,3,1,1,1,2,0.0
6,3,1,1,1,2,-0.125
6,3,1,1,1,2,0.0
6,3,0,0,0,2,-0.25
6,3,3,2,1,2,0.25
6,3,2,2,1,2,0.0
6,3,0,0,0,2,-0.25
6,3,2,1,1,2,0.25
6,3,2,2,1,2,0.0
6,3,0,0,0,2,-0.25
6,3,1,1,1,2,0.0625
6,3,1,1,1,2,-0.125
6,1,1,0,1,0,0.25
6,1,1,0,1,0,0.125
6,1,1,0,1,0,0.25
6,3,1,1,1,2,0.0
6,3,1,1,1,2,-0.0625
6,3,1,1,1,2,0.0
6,3,0,0,0,2,-0.25
6,3,3,2,1,2,0.25
6,3,2,2,1,2,0.0
6,3,0,0,0,2,-0.25
6,3,2,1,1,2,0.25
6,3,2,2,1,2,0.0
6,3,0,0,0,2,-0.25
6,3,2,1,1,2,0.15625
6,3,1,1,1,2,-0.0625
6,1,1,0,1,0,0.25
6,1,1,0,1,0,0.125
6,1,1,0,1,0,0.25
6,3,1,1,1,2,0.0625
6,3,1,1,1,2,-0.03125
6,3,1,1,1,2,0.0625
6,3,1,0,0,2,-0.0625
6,3,3,2,1,2,0.25
6,3,3,2,1,2,0.09375
6,3,1,0,0,2,-0.09375
6,3,3,1,1,2,0.25
6,3,3,2,1,2,0.125
6,3,1,0,0,2,-0.0625
6,3,2,1,1,2,0.125
6,3,2,1,1,2,0.0625
6,3,1,1,1,2,0.0
6,3,1,1,1,2,-0.125
6,3,1,1,1,2,0.0
6,3,1,1,1,2,-0.125
6,3,1,1,1,2,-0.1875
6,3,1,1,1,2,-0.125
6,3,1,1,1,2,0.0
6,5,3,3,1,4,0.0
6,5,3,3,1,2,0.0
6,3,1,1,1,2,-0.125
6,5,3,3,1,2,0.0
6,5,2,2,1,4,0.125
6,3,1,1,1,2,0.0
6,5,2,2,1,4,0.125
6,5,2,2,1,2,0.1875
6,3,0,0,0,2,-0.25
6,3,3,2,1,2,0.25
6,3,2,2,1,2,0.0
6,3,1,0,0,2,-0.125
6,3,3,2,1,2,0.25
6,3,3,2,1,2,0.125
6,3,0,0,0,2,-0.25
6,5,2,2,1,4,0.0
6,5,2,2,1,4,0.125
6,3,3,2,1,2,0.25
6,5,1,1,1,4,0.0
6,5,0,0,0,4,-0.25
6,3,2,2,1,2,0.0
6,5,1,1,1,4,-0.0625
6,5,0,0,0,2,-0.25
6,3,0,0,0,2,-0.25
6,3,2,1,1,2,0.25
6,3,2,2,1,2,0.0
6,3,1,0,0,2,-0.125
6,3,2,1,1,2,0.25
6,3,2,2,1,2,0.0
6,3,0,0,0,2,-0.25
6,5,2,2,1,4,0.0
6,5,2,2,1,4,0.09375
6,3,2,1,1,2,0.25
6,5,1,1,1,4,0.0
6,5,0,0,0,2,-0.25
6,3,2,2,1,2,0.0
6,5,1,1,1,4,-0.0625
6,5,0,0,0,4,-0.25
6,3,0,0,0,2,-0.25
6,3,1,1,1,2,0.0625
6,3,1,1,1,2,-0.125
6,3,1,0,0,2,-0.125
6,3,1,1,1,2,0.03125
6,3,1,1,1,2,-0.0625
6,3,0,0,0,2,-0.25
6,5,1,1,1,4,-0.0625
6,5,1,1,1,4,0.03125
6,3,1,1,1,2,0.0625
6,5,1,1,1,4,-0.09375
6,5,0,0,0,4,-0.25
6,3,1,1,1,2,-0.125
6,5,1,1,1,4,-0.09375
6,5,0,0,0,2,-0.25
6,1,0,0,1,0,0.0
6,1,2,0,1,0,0.25
6,1,2,0,1,0,0.375
6,3,0,0,0,2,-0.25
6,3,1,1,1,2,0.0625
6,3,1,1,1,2,0.0
6,3,0,0,0,0,-0.375
6,3,2,1,1,2,0.25
6,3,2,1,1,2,0.0
6,3,0,0,0,2,-0.125
6,3,1,0,0,2,0.125
6,3,2,2,1,2,0.0
6,3,0,0,0,2,-0.25
6,3,1,0,0,2,-0.0625
6,3,1,1,1,2,0.0
6,1,0,0,1,0,0.0
6,1,2,0,1,0,0.25
6,1,2,0,1,0,0.375
6,3,0,0,0,2,-0.25
6,3,2,1,1,2,0.15625
6,3,2,1,1,2,0.0
6,3,0,0,0,0,-0.3125
6,3,2,1,1,2,0.25
6,3,2,1,1,2,0.0
6,3,0,0,0,2,-0.125
6,3,1,0,0,2,0.125
6,3,2,2,1,2,0.0
6,3,0,0,0,2,-0.1875
6,3,1,0,0,2,0.03125
6,3,1,1,1,2,0.0
6,1,0,0,1,0,0.0
6,1,2,0,1,0,0.25
6,1,2,0,1,0,0.375
6,3,0,0,0,2,-0.125
6,3,2,1,1,2,0.15625
6,3,2,1,1,2,0.15625
6,3,0,0,0,0,-0.1875
6,3,2,1,1,2,0.28125
6,3,2,1,1,2,0.125
6,3,1,0,0,2,0.0625
6,3,2,0,0,2,0.21875
6,3,2,2,1,2,0.0
6,3,1,0,0,2,0.03125
6,3,2,0,0,2,0.09375
6,3,2,1,1,2,0.0
6,3,0,0,0,2,-0.25
6,3,1,1,1,2,0.0625
6,3,1,1,1,2,0.0
6,3,0,0,0,2,-0.25
6,3,1,1,1,2,-0.03125
6,3,1,1,1,2,-0.0625
6,3,0,0,0,2,-0.25
6,5,2,2,1,4,0.0
6,5,2,2,1,4,0.125
6,3,1,1,1,2,0.0625
6,5,2,2,1,4,0.0
6,5,1,1,1,4,-0.0625
6,3,1,1,1,2,0.0
6,5,2,2,1,4,0.09375
6,5,1,1,1,4,0.03125
6,3,0,0,0,0,-0.375
6,3,2,1,1,2,0.25
6,3,2,1,1,2,0.0
6,3,0,0,0,0,-0.3125
6,3,2,1,1,2,0.1875
6,3,2,1,1,2,0.0625
6,3,0,0,0,0,-0.375
6,5,2,2,1,2,0.0
6,5,2,2,1,2,0.1875
6,3,2,1,1,2,0.25
6,5,1,1,1,4,0.0
6,5,0,0,0,2,-0.25
6,3,2,1,1,2,0.0
6,5,1,1,1,4,0.03125
6,5,0,0,0,2,-0.1875
6,3,0,0,0,2,-0.125
6,3,1,0,0,2,0.125
6,3,2,2,1,2,0.0
6,3,1,0,0,2,0.0625
6,3,2,0,0,2,0.1875
6,3,2,2,1,2,0.0
6,3,0,0,0,2,-0.125
6,5,2,2,1,4,0.0
6,5,1,1,1,4,-0.0625
6,3,1,0,0,2,0.125
6,5,1,1,1,4,0.0
6,5,0,0,0,4,-0.25
6,3,2,2,1,2,0.0
6,5,1,1,0,4,-0.25
6,5,0,0,0,2,-0.375
6,3,0,0,0,2,-0.25
6,3,1,0,0,2,-0.0625
6,3,1,1,1,2,0.0
6,3,1,0,0,2,-0.125
6,3,1,0,0,2,-0.03125
6,3,1,1,1,2,0.0
6,3,0,0,0,2,-0.25
6,5,1,1,1,4,-0.0625
6,5,1,1,1,4,-0.15625
6,3,1,0,0,2,-0.0625
6,5,1,1,1,4,-0.09375
6,5,0,0,0,4,-0.28125
6,3,1,1,1,2,0.0
6,5,1,1,0,4,-0.25
6,5,0,0,0,2,-0.375
6,1,1,0,1,0,0.25
6,1,1,0,1,0,0.125
6,1,1,0,1,0,0.25
6,3,1,0,0,2,-0.125
6,3,1,0,0,2,-0.0625
6,3,1,1,1,2,0.0
6,3,0,0,0,0,-0.3125
6,3,1,0,0,2,0.125
6,3,1,1,1,2,0.0
6,3,0,0,0,0,-0.1875
6,3,1,0,0,0,0.0625
6,3,1,1,1,2,0.0
6,3,0,0,0,2,-0.25
6,3,1,0,0,2,-0.125
6,3,0,0,0,2,-0.25
6,1,1,0,1,0,0.25
6,1,1,0,1,0,0.125
6,1,1,0,1,0,0.25
6,3,1,0,0,2,-0.125
6,3,1,0,0,2,0.03125
6,3,1,1,1,2,0.0
6,3,0,0,0,0,-0.21875
6,3,1,0,0,2,0.125
6,3,1,1,1,2,0.0
6,3,0,0,0,0,-0.15625
6,3,1,0,0,0,0.09375
6,3,1,1,1,2,0.0
6,3,0,0,0,2,-0.25
6,3,1,0,0,2,-0.125
6,3,0,0,0,2,-0.25
6,1,1,0,1,0,0.25
6,1,1,0,1,0,0.125
6,1,1,0,1,0,0.25
6,3,1,0,0,2,0.0625
6,3,1,0,0,2,0.0625
6,3,1,1,1,2,0.0625
6,3,1,0,0,0,-0.03125
6,3,1,0,0,2,0.1875
6,3,1,1,1,2,0.03125
6,3,1,0,0,0,0.0
6,3,1,0,0,0,0.15625
6,3,1,1,1,2,0.0625
6,3,1,0,0,2,-0.0625
6,3,1,0,0,2,-0.03125
6,3,1,0,0,2,-0.0625
6,3,1,0,0,2,-0.125
6,3,1,0,0,2,-0.0625
6,3,1,1,1,2,0.0
6,3,1,0,0,2,-0.125
6,3,1,0,0,2,-0.09375
6,3,1,1,1,2,-0.125
6,3,1,0,0,2,-0.125
6,5,1,1,1,4,0.0
6,5,1,1,1,4,-0.0625
6,3,1,0,0,2,-0.0625
6,5,1,1,1,4,0.0
6,5,1,1,1,4,-0.09375
6,3,1,1,1,2,0.0
6,5,1,1,1,4,-0.0625
6,5,1,1,1,4,-0.09375
6,3,0,0,0,0,-0.3125
6,3,1,0,0,2,0.125
6,3,1,1,1,2,0.0
6,3,0,0,0,0,-0.21875
6,3,1,0,0,2,0.125
6,3,1,1,1,2,-0.0625
6,3,0,0,0,0,-0.3125
6,5,1,1,1,4,0.0
6,5,1,1,1,4,0.03125
6,3,1,0,0,2,0.125
6,5,1,1,1,4,0.0
6,5,0,0,0,4,-0.25
6,3,1,1,1,2,0.0
6,5,1,1,1,4,-0.15625
6,5,0,0,0,4,-0.28125
6,3,0,0,0,0,-0.1875
6,3,1,0,0,0,0.0625
6,3,1,1,1,2,0.0
6,3,1,0,0,0,-0.03125
6,3,1,0,0,0,0.09375
6,3,1,1,1,2,-0.125
6,3,0,0,0,0,-0.1875
6,5,1,1,1,4,0.0
6,5,1,1,1,4,-0.09375
6,3,1,0,0,0,0.0625
6,5,1,1,1,2,0.0
6,5,0,0,0,2,-0.25
6,3,1,1,1,2,0.0
6,5,1,1,0,4,-0.25
6,5,0,0,0,2,-0.375
6,3,0,0,0,2,-0.25
6,3,1,0,0,2,-0.125
6,3,0,0,0,2,-0.25
6,3,1,0,0,2,-0.125
6,3,1,0,0,2,-0.0625
6,3,1,0,0,2,-0.125
6,3,0,0,0,2,-0.25
6,5,1,1,0,4,-0.25
6,5,1,1,0,4,-0.25
6,3,1,0,0,2,-0.125
6,5,1,1,0,4,-0.25
6,5,0,0,0,4,-0.375
6,3,0,0,0,2,-0.25
6,5,0,0,0,4,-0.375
6,5,0,0,0,2,-0.4375
6,1,0,0,1,0,0.0
6,1,0,0,1,0,0.0
6,1,0,0,1,0,0.0
6,3,0,0,0,2,-0.25
6,3,0,0,0,2,-0.25
6,3,0,0,0,2,-0.25
6,3,0,0,0,0,-0.375
6,3,0,0,0,2,-0.125
6,3,0,0,0,2,-0.25
6,3,0,0,0,0,-0.3125
6,3,0,0,0,0,-0.1875
6,3,0,0,0,2,-0.25
6,3,0,0,0,0,-0.375
6,3,0,0,0,0,-0.3125
6,3,0,0,0,0,-0.375
6,1,0,0,1,0,0.0
6,1,0,0,1,0,0.0
6,1,0,0,1,0,0.0
6,3,0,0,0,2,-0.25
6,3,0,0,0,2,-0.1875
6,3,0,0,0,2,-0.25
6,3,0,0,0,0,-0.3125
6,3,0,0,0,2,-0.125
6,3,0,0,0,2,-0.25
6,3,0,0,0,0,-0.28125
6,3,0,0,0,0,-0.15625
6,3,0,0,0,2,-0.25
6,3,0,0,0,0,-0.3125
6,3,0,0,0,0,-0.21875
6,3,0,0,0,0,-0.3125
6,1,0,0,1,0,0.0
6,1,0,0,1,0,0.0
6,1,0,0,1,0,0.0
6,3,0,0,0,2,-0.125
6,3,0,0,0,2,-0.125
6,3,0,0,0,2,-0.125
6,3,0,0,0,0,-0.1875
6,3,0,0,0,2,-0.0625
6,3,0,0,0,2,-0.125
6,3,0,0,0,0,-0.15625
6,3,0,0,0,0,-0.09375
6,3,0,0,0,2,-0.125
6,3,0,0,0,0,-0.1875
6,3,0,0,0,0,-0.15625
6,3,0,0,0,0,-0.1875
6,3,0,0,0,2,-0.25
6,3,0,0,0,2,-0.25
6,3,0,0,0,2,-0.25
6,3,0,0,0,2,-0.25
6,3,0,0,0,2,-0.25
6,3,0,0,0,2,-0.25
6,3,0,0,0,2,-0.25
6,5,0,0,0,4,-0.25
6,5,0,0,0,2,-0.25
6,3,0,0,0,2,-0.25
6,5,0,0,0,2,-0.25
6,5,0,0,0,4,-0.25
6,3,0,0,0,2,-0.25
6,5,0,0,0,4,-0.25
6,5,0,0,0,2,-0.25
6,3,0,0,0,0,-0.375
6,3,0,0,0,2,-0.125
6,3,0,0,0,2,-0.25
6,3,0,0,0,0,-0.3125
6,3,0,0,0,2,-0.125
6,3,0,0,0,2,-0.1875
6,3,0,0,0,0,-0.375
6,5,0,0,0,2,-0.25
6,5,0,0,0,2,-0.1875
6,3,0,0,0,2,-0.125
6,5,0,0,0,4,-0.25
6,5,0,0,0,2,-0.375
6,3,0,0,0,2,-0.25
6,5,0,0,0,4,-0.28125
6,5,0,0,0,2,-0.375
6,3,0,0,0,0,-0.3125
6,3,0,0,0,0,-0.1875
6,3,0,0,0,2,-0.25
6,3,0,0,0,0,-0.21875
6,3,0,0,0,0,-0.15625
6,3,0,0,0,2,-0.25
6,3,0,0,0,0,-0.3125
6,5,0,0,0,4,-0.25
6,5,0,0,0,4,-0.28125
6,3,0,0,0,0,-0.1875
6,5,0,0,0,2,-0.25
6,5,0,0,0,2,-0.375
6,3,0,0,0,2,-0.25
6,5,0,0,0,4,-0.375
6,5,0,0,0,2,-0.4375
6,3,0,0,0,0,-0.375
6,3,0,0,0,0,-0.3125
6,3,0,0,0,0,-0.375
6,3,0,0,0,0,-0.3125
6,3,0,0,0,0,-0.28125
6,3,0,0,0,0,-0.3125
6,3,0,0,0,0,-0.375
6,5,0,0,0,2,-0.375
6,5,0,0,0,2,-0.375
6,3,0,0,0,0,-0.3125
6,5,0,0,0,2,-0.375
6,5,0,0,0,2,-0.4375
6,3,0,0,0,0,-0.375
6,5,0,0,0,2,-0.4375
6,5,0,0,0,0,-0.46875
7,0,-1,-1,1,0,0.5
7,0,-1,-1,1,0,0.5
7,0,-1,-1,1,0,0.5
7,2,1,1,1,2,0.0
7,2,1,1,1,2,0.0
7,2,1,1,1,2,0.0
7,2,0,0,0,0,-0.25
7,2,2,1,1,2,0.25
7,2,1,1,1,2,0.0
7,2,0,0,0,0,-0.125
7,2,1,0,0,0,0.125
7,2,1,1,1,2,0.0
7,2,0,0,0,0,-0.25
7,2,0,0,0,0,-0.125
7,2,0,0,0,0,-0.25
7,0,-1,-1,1,0,0.5
7,0,-1,-1,1,0,0.5
7,0,-1,-1,1,0,0.5
7,2,1,1,1,2,0.0
7,2,2,1,1,2,0.125
7,2,1,1,1,2,0.0
7,2,0,0,0,0,-0.125
7,2,2,1,1,2,0.25
7,2,1,1,1,2,0.0
7,2,0,0,0,0,-0.0625
7,2,1,0,0,0,0.1875
7,2,1,1,1,2,0.0
7,2,0,0,0,0,-0.125
7,2,1,0,0,0,0.0625
7,2,0,0,0,0,-0.125
7,0,-1,-1,1,0,0.5
7,0,-1,-1,1,0,0.5
7,0,-1,-1,1,0,0.5
7,2,2,1,1,2,0.25
7,2,2,1,1,2,0.25
7,2,2,1,1,2,0.25
7,2,1,0,0,0,0.125
7,2,3,1,1,2,0.375
7,2,2,1,1,2,0.25
7,2,1,0,0,0,0.1875
7,2,2,0,0,0,0.3125
7,2,2,1,1,2,0.25
7,2,1,0,0,0,0.125
7,2,1,0,0,0,0.1875
7,2,1,0,0,0,0.125
7,2,1,1,1,2,0.0
7,2,1,1,1,2,0.0
7,2,1,1,1,2,0.0
7,2,1,1,1,2,0.0
7,2,1,1,1,2,0.0
7,2,1,1,1,2,0.0
7,2,1,1,1,2,0.0
7,4,3,3,1,4,0.0
7,4,2,2,1,2,0.0
7,2,1,1,1,2,0.0
7,4,2,2,1,2,0.0
7,4,1,1,1,4,0.0
7,2,1,1,1,2,0.0
7,4,1,1,1,4,0.0
7,4,1,1,1,2,0.0
7,2,0,0,0,0,-0.25
7,2,2,1,1,2,0.25
7,2,1,1,1,2,0.0
7,2,0,0,0,0,-0.125
7,2,2,1,1,2,0.25
7,2,2,1,1,2,0.125
7,2,0,0,0,0,-0.25
7,4,2,2,1,2,0.0
7,4,2,2,1,2,0.125
7,2,2,1,1,2,0.25
7,4,1,1,1,4,0.0
7,4,0,0,0,2,-0.25
7,2,1,1,1,2,0.0
7,4,1,1,1,4,-0.0625
7,4,0,0,0,2,-0.25
7,2,0,0,0,0,-0.125
7,2,1,0,0,0,0.125
7,2,1,1,1,2,0.0
7,2,1,0,0,0,0.0625
7,2,1,0,0,0,0.1875
7,2,1,1,1,2,0.0
7,2,0,0,0,0,-0.125
7,4,1,1,1,4,0.0
7,4,1,1,1,4,-0.0625
7,2,1,0,0,0,0.125
7,4,1,1,1,2,0.0
7,4,0,0,0,2,-0.25
7,2,1,1,1,2,0.0
7,4,1,1,0,4,-0.25
7,4,0,0,0,2,-0.375
7,2,0,0,0,0,-0.25
7,2,0,0,0,0,-0.125
7,2,0,0,0,0,-0.25
7,2,0,0,0,0,-0.125
7,2,0,0,0,0,-0.0625
7,2,0,0,0,0,-0.125
7,2,0,0,0,0,-0.25
7,4,0,0,0,2,-0.25
7,4,0,0,0,2,-0.25
7,2,0,0,0,0,-0.125
7,4,0,0,0,2,-0.25
7,4,0,0,0,2,-0.375
7,2,0,0,0,0,-0.25
7,4,0,0,0,2,-0.375
7,4,0,0,0,0,-0.4375
7,0,-1,-1,1,0,0.5
7,0,-1,-1,1,0,0.5
7,0,-1,-1,1,0,0.5
7,2,1,1,1,2,0.0
7,2,1,1,1,2,0.0
7,2,1,1,1,2,0.0
7,2,0,0,0,0,-0.25
7,2,2,1,1,2,0.25
7,2,1,1,1,2,0.0
7,2,0,0,0,0,-0.125
7,2,1,0,0,0,0.125
7,2,1,1,1,2,0.0
7,2,0,0,0,0,-0.25
7,2,0,0,0,0,-0.125
7,2,0,0,0,0,-0.25
7,0,-1,-1,1,0,0.5
7,0,-1,-1,1,0,0.5
7,0,-1,-1,1,0,0.5
7,2,1,1,1,2,0.0
7,2,2,1,1,2,0.0625
7,2,1,1,1,2,0.0
7,2,0,0,0,0,-0.1875
7,2,2,1,1,2,0.25
7,2,1,1,1,2,0.0
7,2,0,0,0,0,-0.09375
7,2,1,0,0,0,0.15625
7,2,1,1,1,2,0.0
7,2,0,0,0,0,-0.1875
7,2,1,0,0,0,-0.03125
7,2,0,0,0,0,-0.1875
7,0,-1,-1,1,0,0.5
7,0,-1,-1,1,0,0.5
7,0,-1,-1,1,0,0.5
7,2,2,1,1,2,0.125
7,2,2,1,1,2,0.125
7,2,2,1,1,2,0.125
7,2,1,0,0,0,-0.0625
7,2,3,1,1,2,0.3125
7,2,2,1,1,2,0.125
7,2,1,0,0,0,0.03125
7,2,2,0,0,0,0.21875
7,2,2,1,1,2,0.125
7,2,1,0,0,0,-0.0625
7,2,1,0,0,0,0.03125
7,2,1,0,0,0,-0.0625
7,2,1,1,1,2,0.0
7,2,2,1,1,2,0.125
7,2,1,1,1,2,0.0
7,2,2,1,1,2,0.125
7,2,2,1,1,2,0.1875
7,2,2,1,1,2,0.125
7,2,1,1,1,2,0.0
7,4,3,3,1,4,0.0
7,4,2,2,1,2,0.0
7,2,2,1,1,2,0.125
7,4,2,2,1,2,0.0
7,4,1,1,1,4,-0.125
7,2,1,1,1,2,0.0
7,4,1,1,1,4,-0.125
7,4,1,1,1,2,-0.1875
7,2,0,0,0,0,-0.125
7,2,2,1,1,2,0.25
7,2,1,1,1,2,0.0
7,2,1,0,0,0,0.0625
7,2,3,1,1,2,0.3125
7,2,2,1,1,2,0.1875
7,2,0,0,0,0,-0.125
7,4,2,2,1,2,0.0
7,4,2,2,1,2,0.0625
7,2,2,1,1,2,0.25
7,4,1,1,1,4,0.0
7,4,0,0,0,2,-0.25
7,2,1,1,1,2,0.0
7,4,1,1,1,4,-0.15625
7,4,0,0,0,2,-0.3125
7,2,0,0,0,0,-0.0625
7,2,1,0,0,0,0.1875
7,2,1,1,1,2,0.0
7,2,1,0,0,0,0.15625
7,2,2,0,0,0,0.28125
7,2,2,1,1,2,0.125
7,2,0,0,0,0,-0.0625
7,4,2,1,1,4,0.0
7,4,1,1,1,4,-0.03125
7,2,1,0,0,0,0.1875
7,4,1,1,1,2,0.0
7,4,0,0,0,2,-0.25
7,2,1,1,1,2,0.0
7,4,1,1,0,4,-0.25
7,4,0,0,0,2,-0.375
7,2,0,0,0,0,-0.125
7,2,1,0,0,0,0.0625
7,2,0,0,0,0,-0.125
7,2,1,0,0,0,0.0625
7,2,1,0,0,0,0.15625
7,2,1,0,0,0,0.0625
7,2,0,0,0,0,-0.125
7,4,1,0,0,2,-0.125
7,4,1,0,0,2,-0.125
7,2,1,0,0,0,0.0625
7,4,1,0,0,2,-0.125
7,4,0,0,0,2,-0.3125
7,2,0,0,0,0,-0.125
7,4,0,0,0,2,-0.3125
7,4,0,0,0,0,-0.40625
7,0,-1,-1,1,0,0.5
7,0,-1,-1,1,0,0.5
7,0,-1,-1,1,0,0.5
7,2,1,1,1,2,0.0
7,2,1,1,1,2,0.0
7,2,1,1,1,2,0.0
7,2,0,0,0,0,-0.25
7,2,2,1,1,2,0.25
7,2,1,1,1,2,0.0
7,2,0,0,0,0,-0.125
7,2,1,0,0,0,0.125
7,2,1,1,1,2,0.0
7,2,0,0,0,0,-0.25
7,2,0,0,0,0,-0.125
7,2,0,0,0,0,-0.25
7,0,-1,-1,1,0,0.5
7,0,-1,-1,1,0,0.5
7,0,-1,-1,1,0,0.5
7,2,1,1,1,2,0.0
7,2,2,1,1,2,0.125
7,2,1,1,1,2,0.0
7,2,0,0,0,0,-0.125
7,2,2,1,1,2,0.25
7,2,1,1,1,2,0.0
7,2,0,0,0,0,-0.0625
7,2,1,0,0,0,0.1875
7,2,1,1,1,2,0.0
7,2,0,0,0,0,-0.125
7,2,1,0,0,0,0.0625
7,2,0,0,0,0,-0.125
7,0,-1,-1,1,0,0.5
7,0,-1,-1,1,0,0.5
7,0,-1,-1,1,0,0.5
7,2,2,1,1,2,0.0625
7,2,3,1,1,2,0.15625
7,2,2,1,1,2,0.0625
7,2,1,0,0,0,0.0625
7,2,3,1,1,2,0.28125
7,2,2,1,1,2,0.09375
7,2,1,0,0,0,0.09375
7,2,2,0,0,0,0.28125
7,2,2,1,1,2,0.0625
7,2,1,0,0,0,0.0625
7,2,2,0,0,0,0.15625
7,2,1,0,0,0,0.0625
7,2,1,1,1,2,0.0
7,2,2,1,1,2,0.0625
7,2,1,1,1,2,0.0
7,2,2,1,1,2,-0.0625
7,2,2,1,1,2,0.03125
7,2,2,1,1,2,-0.0625
7,2,2,1,1,2,0.25
7,4,3,3,1,4,0.0
7,4,2,2,1,2,-0.125
7,2,2,1,1,2,0.25
7,4,2,2,1,2,0.0
7,4,1,1,1,4,-0.09375
7,2,2,1,1,2,0.25
7,4,2,1,1,4,0.0625
7,4,1,1,1,2,-0.03125
7,2,0,0,0,0,-0.1875
7,2,2,1,1,2,0.25
7,2,1,1,1,2,0.0
7,2,1,0,0,0,-0.0625
7,2,3,1,1,2,0.21875
7,2,2,1,1,2,0.03125
7,2,1,0,0,0,0.125
7,4,3,2,1,2,0.0
7,4,2,2,1,2,-0.0625
7,2,3,1,1,2,0.375
7,4,1,1,1,4,0.0
7,4,0,0,0,2,-0.25
7,2,2,1,1,2,0.25
7,4,1,1,1,4,-0.03125
7,4,0,0,0,2,-0.21875
7,2,0,0,0,0,-0.09375
7,2,1,0,0,0,0.15625
7,2,1,1,1,2,0.0
7,2,1,0,0,0,0.03125
7,2,2,0,0,0,0.21875
7,2,2,1,1,2,-0.0625
7,2,1,0,0,0,0.1875
7,4,2,1,1,4,0.0
7,4,1,1,1,4,-0.125
7,2,2,0,0,0,0.3125
7,4,1,1,1,2,0.0
7,4,0,0,0,2,-0.25
7,2,2,1,1,2,0.25
7,4,1,1,0,4,-0.125
7,4,0,0,0,2,-0.3125
7,2,0,0,0,0,-0.1875
7,2,1,0,0,0,-0.03125
7,2,0,0,0,0,-0.1875
7,2,1,0,0,0,-0.0625
7,2,1,0,0,0,0.03125
7,2,1,0,0,0,-0.0625
7,2,1,0,0,0,0.125
7,4,1,0,0,2,-0.0625
7,4,1,0,0,2,-0.15625
7,2,1,0,0,0,0.1875
7,4,1,0,0,2,-0.125
7,4,0,0,0,2,-0.28125
7,2,1,0,0,0,0.125
7,4,1,0,0,2,-0.1875
7,4,0,0,0,0,-0.34375
7,0,-1,-1,1,0,0.5
7,0,-1,-1,1,0,0.5
7,0,-1,-1,1,0,0.5
7,2,1,1,1,2,0.0
7,2,2,1,1,2,0.125
7,2,1,1,1,2,0.0
7,2,0,0,0,0,-0.125
7,2,2,1,1,2,0.25
7,2,1,1,1,2,0.0
7,2,0,0,0,0,-0.0625
7,2,1,0,0,0,0.1875
7,2,1,1,1,2,0.0
7,2,0,0,0,0,-0.125
7,2,1,0,0,0,0.0625
7,2,0,0,0,0,-0.125
7,0,-1,-1,1,0,0.5
7,0,-1,-1,1,0,0.5
7,0,-1,-1,1,0,0.5
7,2,1,1,1,2,0.0
7,2,2,1,1,2,0.1875
7,2,1,1,1,2,0.0
7,2,0,0,0,0,-0.0625
7,2,2,1,1,2,0.25
7,2,1,1,1,2,0.0
7,2,0,0,0,0,-0.03125
7,2,1,0,0,0,0.21875
7,2,1,1,1,2,0.0
7,2,0,0,0,0,-0.0625
7,2,1,0,0,0,0.15625
7,2,0,0,0,0,-0.0625
7,0,-1,-1,1,0,0.5
7,0,-1,-1,1,0,0.5
7,0,-1,-1,1,0,0.5
7,2,3,1,1,2,0.25
7,2,3,1,1,2,0.25
7,2,3,1,1,2,0.25
7,2,2,0,0,0,0.125
7,2,4,1,1,2,0.375
7,2,3,1,1,2,0.25
7,2,2,0,0,0,0.1875
7,2,3,0,0,0,0.3125
7,2,3,1,1,2,0.25
7,2,2,0,0,0,0.125
7,2,2,0,0,0,0.1875
7,2,2,0,0,0,0.125
7,2,1,1,1,2,0.0
7,2,2,1,1,2,0.125
7,2,1,1,1,2,0.0
7,2,2,1,1,2,0.0625
7,2,2,1,1,2,0.09375
7,2,2,1,1,2,0.0625
7,2,2,1,1,2,0.125
7,4,3,3,1,4,0.0
7,4,2,2,1,2,0.0625
7,2,2,1,1,2,0.125
7,4,3,2,1,2,0.0
7,4,1,1,1,4,0.0625
7,2,2,1,1,2,0.125
7,4,2,1,1,4,0.09375
7,4,1,1,1,2,0.09375
7,2,0,0,0,0,-0.125
7,2,2,1,1,2,0.25
7,2,1,1,1,2,0.0
7,2,1,0,0,0,0.0625
7,2,3,1,1,2,0.28125
7,2,3,1,1,2,0.15625
7,2,1,0,0,0,-0.0625
7,4,3,2,1,2,0.0
7,4,2,2,1,2,0.15625
7,2,3,1,1,2,0.3125
7,4,2,1,1,4,0.0
7,4,0,0,0,2,-0.125
7,2,2,1,1,2,0.125
7,4,2,1,1,4,0.03125
7,4,0,0,0,2,-0.125
7,2,0,0,0,0,-0.0625
7,2,1,0,0,0,0.1875
7,2,1,1,1,2,0.0
7,2,2,0,0,0,0.15625
7,2,2,0,0,0,0.28125
7,2,2,1,1,2,0.0625
7,2,1,0,0,0,0.03125
7,4,2,1,1,4,0.0
7,4,1,1,1,4,0.0625
7,2,2,0,0,0,0.21875
7,4,2,1,1,2,0.0
7,4,0,0,0,2,-0.125
7,2,2,1,1,2,0.125
7,4,1,1,0,4,-0.0625
7,4,0,0,0,2,-0.1875
7,2,0,0,0,0,-0.125
7,2,1,0,0,0,0.0625
7,2,0,0,0,0,-0.125
7,2,1,0,0,0,0.0625
7,2,1,0,0,0,0.09375
7,2,1,0,0,0,0.0625
7,2,1,0,0,0,-0.0625
7,4,1,0,0,2,-0.0625
7,4,1,0,0,2,-0.0625
7,2,1,0,0,0,0.03125
7,4,1,0,0,2,-0.03125
7,4,0,0,0,2,-0.1875
7,2,1,0,0,0,-0.0625
7,4,1,0,0,2,-0.09375
7,4,0,0,0,0,-0.21875
7,0,-1,-1,1,0,0.5
7,0,-1,-1,1,0,0.5
7,0,-1,-1,1,0,0.5
7,2,2,1,1,2,0.25
7,2,2,1,1,2,0.25
7,2,2,1,1,2,0.25
7,2,1,0,0,0,0.125
7,2,3,1,1,2,0.375
7,2,2,1,1,2,0.25
7,2,1,0,0,0,0.1875
7,2,2,0,0,0,0.3125
7,2,2,1,1,2,0.25
7,2,1,0,0,0,0.125
7,2,1,0,0,0,0.1875
7,2,1,0,0,0,0.125
7,0,-1,-1,1,0,0.5
7,0,-1,-1,1,0,0.5
7,0,-1,-1,1,0,0.5
7,2,2,1,1,2,0.25
7,2,3,1,1,2,0.3125
7,2,2,1,1,2,0.25
7,2,1,0,0,0,0.1875
7,2,3,1,1,2,0.375
7,2,2,1,1,2,0.25
7,2,1,0,0,0,0.21875
7,2,2,0,0,0,0.34375
7,2,2,1,1,2,0.25
7,2,1,0,0,0,0.1875
7,2,2,0,0,0,0.28125
7,2,1,0,0,0,0.1875
7,0,-1,-1,1,0,0.5
7,0,-1,-1,1,0,0.5
7,0,-1,-1,1,0,0.5
7,2,3,1,1,2,0.375
7,2,3,1,1,2,0.375
7,2,3,1,1,2,0.375
7,2,2,0,0,0,0.3125
7,2,4,1,1,2,0.4375
7,2,3,1,1,2,0.375
7,2,2,0,0,0,0.34375
7,2,3,0,0,0,0.40625
7,2,3,1,1,2,0.375
7,2,2,0,0,0,0.3125
7,2,2,0,0,0,0.34375
7,2,2,0,0,0,0.3125
7,2,2,1,1,2,0.25
7,2,2,1,1,2,0.25
7,2,2,1,1,2,0.25
7,2,2,1,1,2,0.25
7,2,2,1,1,2,0.25
7,2,2,1,1,2,0.25
7,2,2,1,1,2,0.25
7,4,4,3,1,4,0.25
7,4,3,2,1,2,0.25
7,2,2,1,1,2,0.25
7,4,3,2,1,2,0.25
7,4,2,1,1,4,0.25
7,2,2,1,1,2,0.25
7,4,2,1,1,4,0.25
7,4,2,1,1,2,0.25
7,2,1,0,0,0,0.125
7,2,3,1,1,2,0.375
7,2,2,1,1,2,0.25
7,2,1,0,0,0,0.1875
7,2,3,1,1,2,0.375
7,2,3,1,1,2,0.3125
7,2,1,0,0,0,0.125
7,4,3,2,1,2,0.25
7,4,3,2,1,2,0.3125
7,2,3,1,1,2,0.375
7,4,2,1,1,4,0.25
7,4,1,0,0,2,0.125
7,2,2,1,1,2,0.25
7,4,2,1,1,4,0.21875
7,4,1,0,0,2,0.125
7,2,1,0,0,0,0.1875
7,2,2,0,0,0,0.3125
7,2,2,1,1,2,0.25
7,2,2,0,0,0,0.28125
7,2,2,0,0,0,0.34375
7,2,2,1,1,2,0.25
7,2,1,0,0,0,0.1875
7,4,2,1,1,4,0.25
7,4,2,1,1,4,0.21875
7,2,2,0,0,0,0.3125
7,4,2,1,1,2,0.25
7,4,1,0,0,2,0.125
7,2,2,1,1,2,0.25
7,4,2,1,0,4,0.125
7,4,1,0,0,2,0.0625
7,2,1,0,0,0,0.125
7,2,1,0,0,0,0.1875
7,2,1,0,0,0,0.125
7,2,1,0,0,0,0.1875
7,2,1,0,0,0,0.21875
7,2,1,0,0,0,0.1875
7,2,1,0,0,0,0.125
7,4,1,0,0,2,0.125
7,4,1,0,0,2,0.125
7,2,1,0,0,0,0.1875
7,4,1,0,0,2,0.125
7,4,1,0,0,2,0.0625
7,2,1,0,0,0,0.125
7,4,1,0,0,2,0.0625
7,4,1,0,0,0,0.03125
7,2,1,1,1,2,0.0
7,2,1,1,1,2,0.0
7,2,1,1,1,2,0.0
7,2,1,1,1,2,0.0
7,2,1,1,1,2,0.0
7,2,1,1,1,2,0.0
7,2,1,1,1,2,0.0
7,4,3,3,1,4,0.0
7,4,2,2,1,2,0.0
7,2,1,1,1,2,0.0
7,4,2,2,1,2,0.0
7,4,1,1,1,4,0.0
7,2,1,1,1,2,0.0
7,4,1,1,1,4,0.0
7,4,1,1,1,2,0.0
7,2,1,1,1,2,0.0
7,2,1,1,1,2,0.0
7,2,1,1,1,2,0.0
7,2,1,1,1,2,0.0
7,2,1,1,1,2,0.0
7,2,1,1,1,2,0.0
7,2,1,1,1,2,0.0
7,4,3,3,1,4,0.0
7,4,2,2,1,2,0.0
7,2,1,1,1,2,0.0
7,4,2,2,1,2,0.0
7,4,1,1,1,4,0.0
7,2,1,1,1,2,0.0
7,4,2,1,1,4,0.0
7,4,1,1,1,2,0.0
7,2,1,1,1,2,0.0
7,2,1,1,1,2,0.0
7,2,1,1,1,2,0.0
7,2,1,1,1,2,0.0
7,2,1,1,1,2,0.0
7,2,1,1,1,2,0.0
7,2,1,1,1,2,0.0
7,4,3,3,1,4,0.0
7,4,2,2,1,2,0.0
7,2,1,1,1,2,0.0
7,4,3,2,1,2,0.0
7,4,1,1,1,4,0.0
7,2,1,1,1,2,0.0
7,4,2,1,1,4,0.0
7,4,1,1,1,2,0.0
7,2,1,1,1,2,0.0
7,2,1,1,1,2,0.0
7,2,1,1,1,2,0.0
7,2,1,1,1,2,0.0
7,2,1,1,1,2,0.0
7,2,1,1,1,2,0.0
7,2,1,1,1,2,0.0
7,4,3,3,1,4,0.0
7,4,3,2,1,2,0.0
7,2,1,1,1,2,0.0
7,4,3,2,1,2,0.0
7,4,2,1,1,4,0.0
7,2,1,1,1,2,0.0
7,4,2,1,1,4,0.0
7,4,2,1,1,2,0.0
7,2,1,1,1,2,0.0
7,4,3,3,1,4,0.0
7,4,2,2,1,2,0.0
7,2,1,1,1,2,0.0
7,4,3,3,1,4,0.0
7,4,2,2,1,2,0.0
7,2,1,1,1,2,0.0
7,4,3,3,1,4,0.0
7,4,3,2,1,2,0.0
7,4,3,3,1,4,0.0
7,4,3,3,1,4,0.0
7,4,3,3,1,4,0.0
7,4,2,2,1,2,0.0
7,4,2,2,1,2,0.0
7,4,2,2,1,2,0.0
7,2,1,1,1,2,0.0
7,4,2,2,1,2,0.0
7,4,1,1,1,4,0.0
7,2,1,1,1,2,0.0
7,4,2,2,1,2,0.0
7,4,1,1,1,4,0.0
7,2,1,1,1,2,0.0
7,4,2,2,1,2,0.0
7,4,2,1,1,4,0.0
7,4,2,2,1,2,0.0
7,4,2,2,1,2,0.0
7,4,2,2,1,2,0.0
7,4,1,1,1,4,0.0
7,4,2,1,1,4,0.0
7,4,1,1,1,4,0.0
7,2,1,1,1,2,0.0
7,4,1,1,1,4,0.0
7,4,1,1,1,2,0.0
7,2,1,1,1,2,0.0
7,4,1,1,1,4,0.0
7,4,1,1,1,2,0.0
7,2,1,1,1,2,0.0
7,4,1,1,1,4,0.0
7,4,1,1,1,2,0.0
7,4,1,1,1,4,0.0
7,4,1,1,1,4,0.0
7,4,1,1,1,4,0.0
7,4,1,1,1,2,0.0
7,4,1,1,1,2,0.0
7,4,1,1,1,2,0.0
7,2,0,0,0,0,-0.25
7,2,2,1,1,2,0.25
7,2,1,1,1,2,0.0
7,2,0,0,0,0,-0.125
7,2,2,1,1,2,0.25
7,2,2,1,1,2,0.125
7,2,0,0,0,0,-0.25
7,4,2,2,1,2,0.0
7,4,2,2,1,2,0.125
7,2,2,1,1,2,0.25
7,4,1,1,1,4,0.0
7,4,0,0,0,2,-0.25
7,2,1,1,1,2,0.0
7,4,1,1,1,4,-0.0625
7,4,0,0,0,2,-0.25
7,2,0,0,0,0,-0.25
7,2,2,1,1,2,0.25
7,2,1,1,1,2,0.0
7,2,0,0,0,0,-0.1875
7,2,2,1,1,2,0.25
7,2,2,1,1,2,0.0625
7,2,0,0,0,0,-0.125
7,4,2,2,1,2,0.0
7,4,2,2,1,2,0.0625
7,2,2,1,1,2,0.25
7,4,1,1,1,4,0.0
7,4,0,0,0,2,-0.25
7,2,2,1,1,2,0.125
7,4,1,1,1,4,-0.03125
7,4,0,0,0,2,-0.25
7,2,0,0,0,0,-0.25
7,2,2,1,1,2,0.25
7,2,1,1,1,2,0.0
7,2,0,0,0,0,-0.125
7,2,2,1,1,2,0.25
7,2,2,1,1,2,0.125
7,2,0,0,0,0,-0.1875
7,4,2,2,1,2,0.0
7,4,2,2,1,2,0.125
7,2,2,1,1,2,0.25
7,4,2,1,1,4,0.0
7,4,0,0,0,2,-0.25
7,2,2,1,1,2,0.0625
7,4,2,1,1,4,0.03125
7,4,0,0,0,2,-0.25
7,2,0,0,0,0,-0.125
7,2,2,1,1,2,0.25
7,2,2,1,1,2,0.125
7,2,0,0,0,0,-0.0625
7,2,2,1,1,2,0.25
7,2,2,1,1,2,0.1875
7,2,0,0,0,0,-0.125
7,4,2,2,1,2,0.0625
7,4,2,2,1,2,0.15625
7,2,2,1,1,2,0.25
7,4,2,1,1,4,0.09375
7,4,1,0,0,2,-0.0625
7,2,2,1,1,2,0.125
7,4,2,1,1,4,0.03125
7,4,1,0,0,2,-0.03125
7,2,0,0,0,0,-0.25
7,4,2,2,1,2,0.0
7,4,2,2,1,2,0.125
7,2,0,0,0,0,-0.25
7,4,2,2,1,2,0.0
7,4,2,2,1,2,0.0625
7,2,0,0,0,0,-0.25
7,4,2,2,1,2,-0.125
7,4,2,2,1,2,-0.0625
7,4,2,2,1,2,0.0
7,4,2,2,1,2,0.0
7,4,2,2,1,2,0.0
7,4,2,2,1,2,0.125
7,4,2,2,1,2,0.0625
7,4,2,2,1,2,0.125
7,2,2,1,1,2,0.25
7,4,1,1,1,4,0.0
7,4,0,0,0,2,-0.25
7,2,2,1,1,2,0.25
7,4,2,1,1,4,0.0
7,4,0,0,0,2,-0.25
7,2,2,1,1,2,0.25
7,4,2,1,1,4,0.0625
7,4,1,0,0,2,-0.0625
7,4,1,1,1,4,0.0
7,4,1,1,1,4,-0.125
7,4,1,1,1,4,0.0
7,4,0,0,0,2,-0.25
7,4,1,0,0,2,-0.125
7,4,0,0,0,2,-0.25
7,2,1,1,1,2,0.0
7,4,1,1,1,4,-0.0625
7,4,0,0,0,2,-0.25
7,2,1,1,1,2,0.0
7,4,1,1,1,4,-0.03125
7,4,0,0,0,2,-0.25
7,2,1,1,1,2,0.0
7,4,1,1,1,4,-0.03125
7,4,1,0,0,2,-0.125
7,4,1,1,1,4,-0.0625
7,4,1,1,1,4,-0.15625
7,4,1,1,1,4,-0.0625
7,4,0,0,0,2,-0.25
7,4,1,0,0,2,-0.125
7,4,0,0,0,2,-0.25
7,2,0,0,0,0,-0.125
7,2,1,0,0,0,0.125
7,2,1,1,1,2,0.0
7,2,1,0,0,0,0.0625
7,2,1,0,0,0,0.1875
7,2,1,1,1,2,0.0
7,2,0,0,0,0,-0.125
7,4,1,1,1,4,0.0
7,4,1,1,1,4,-0.0625
7,2,1,0,0,0,0.125
7,4,1,1,1,2,0.0
7,4,0,0,0,2,-0.25
7,2,1,1,1,2,0.0
7,4,1,1,0,4,-0.25
7,4,0,0,0,2,-0.375
7,2,0,0,0,0,-0.125
7,2,1,0,0,0,0.125
7,2,1,1,1,2,0.0
7,2,1,0,0,0,-0.03125
7,2,1,0,0,0,0.15625
7,2,1,1,1,2,0.0
7,2,1,0,0,0,0.0625
7,4,1,1,1,4,0.0
7,4,1,1,1,4,-0.15625
7,2,1,0,0,0,0.1875
7,4,1,1,1,2,0.0
7,4,0,0,0,2,-0.25
7,2,1,1,1,2,0.0
7,4,1,1,0,4,-0.25
7,4,0,0,0,2,-0.375
7,2,0,0,0,0,-0.125
7,2,1,0,0,0,0.125
7,2,1,1,1,2,0.0
7,2,1,0,0,0,0.0625
7,2,1,0,0,0,0.1875
7,2,1,1,1,2,0.0
7,2,1,0,0,0,-0.03125
7,4,1,1,1,4,0.0
7,4,1,1,1,4,-0.0625
7,2,1,0,0,0,0.15625
7,4,1,1,1,2,0.0
7,4,0,0,0,2,-0.21875
7,2,1,1,1,2,0.0
7,4,1,1,0,4,-0.15625
7,4,0,0,0,2,-0.28125
7,2,1,0,0,0,0.0625
7,2,1,0,0,0,0.1875
7,2,1,1,1,2,0.0
7,2,1,0,0,0,0.15625
7,2,1,0,0,0,0.21875
7,2,1,1,1,2,0.0
7,2,1,0,0,0,0.0625
7,4,1,1,1,4,0.0625
7,4,1,1,1,4,0.0625
7,2,1,0,0,0,0.1875
7,4,1,1,1,2,0.09375
7,4,1,0,0,2,-0.0625
7,2,1,1,1,2,0.0
7,4,1,1,0,4,-0.0625
7,4,1,0,0,2,-0.09375
7,2,0,0,0,0,-0.125
7,4,1,1,1,4,0.0
7,4,1,1,1,4,-0.0625
7,2,0,0,0,0,-0.125
7,4,1,1,1,4,0.0
7,4,1,1,1,4,-0.15625
7,2,0,0,0,0,-0.125
7,4,1,1,1,4,-0.09375
7,4,1,1,1,4,-0.125
7,4,1,1,1,4,0.0
7,4,1,1,1,4,-0.125
7,4,1,1,1,4,0.0
7,4,1,1,1,4,-0.0625
7,4,1,1,1,4,-0.03125
7,4,1,1,1,4,-0.0625
7,2,1,0,0,0,0.125
7,4,1,1,1,2,0.0
7,4,0,0,0,2,-0.25
7,2,1,0,0,0,0.125
7,4,1,1,1,2,0.0
7,4,0,0,0,2,-0.3125
7,2,1,0,0,0,0.125
7,4,1,1,1,2,-0.03125
7,4,1,0,0,2,-0.15625
7,4,1,1,1,2,0.0
7,4,1,1,1,2,-0.1875
7,4,1,1,1,2,0.0
7,4,0,0,0,2,-0.25
7,4,1,0,0,2,-0.125
7,4,0,0,0,2,-0.25
7,2,1,1,1,2,0.0
7,4,1,1,0,4,-0.25
7,4,0,0,0,2,-0.375
7,2,1,1,1,2,0.0
7,4,1,1,0,4,-0.25
7,4,0,0,0,2,-0.3125
7,2,1,1,1,2,0.0
7,4,1,1,0,4,-0.125
7,4,1,0,0,2,-0.1875
7,4,1,1,0,4,-0.25
7,4,1,1,0,4,-0.25
7,4,1,1,0,4,-0.25
7,4,0,0,0,2,-0.375
7,4,0,0,0,2,-0.3125
7,4,0,0,0,2,-0.375
7,2,0,0,0,0,-0.25
7,2,0,0,0,0,-0.125
7,2,0,0,0,0,-0.25
7,2,0,0,0,0,-0.125
7,2,0,0,0,0,-0.0625
7,2,0,0,0,0,-0.125
7,2,0,0,0,0,-0.25
7,4,0,0,0,2,-0.25
7,4,0,0,0,2,-0.25
7,2,0,0,0,0,-0.125
7,4,0,0,0,2,-0.25
7,4,0,0,0,2,-0.375
7,2,0,0,0,0,-0.25
7,4,0,0,0,2,-0.375
7,4,0,0,0,0,-0.4375
7,2,0,0,0,0,-0.25
7,2,0,0,0,0,-0.125
7,2,0,0,0,0,-0.25
7,2,0,0,0,0,-0.1875
7,2,0,0,0,0,-0.09375
7,2,0,0,0,0,-0.1875
7,2,0,0,0,0,-0.125
7,4,0,0,0,2,-0.25
7,4,0,0,0,2,-0.3125
7,2,0,0,0,0,-0.0625
7,4,0,0,0,2,-0.25
7,4,0,0,0,2,-0.375
7,2,0,0,0,0,-0.125
7,4,0,0,0,2,-0.3125
7,4,0,0,0,0,-0.40625
7,2,0,0,0,0,-0.25
7,2,0,0,0,0,-0.125
7,2,0,0,0,0,-0.25
7,2,0,0,0,0,-0.125
7,2,0,0,0,0,-0.0625
7,2,0,0,0,0,-0.125
7,2,0,0,0,0,-0.1875
7,4,0,0,0,2,-0.25
7,4,0,0,0,2,-0.21875
7,2,0,0,0,0,-0.09375
7,4,0,0,0,2,-0.25
7,4,0,0,0,2,-0.3125
7,2,0,0,0,0,-0.1875
7,4,0,0,0,2,-0.28125
7,4,0,0,0,0,-0.34375
7,2,0,0,0,0,-0.125
7,2,0,0,0,0,-0.0625
7,2,0,0,0,0,-0.125
7,2,0,0,0,0,-0.0625
7,2,0,0,0,0,-0.03125
7,2,0,0,0,0,-0.0625
7,2,0,0,0,0,-0.125
7,4,0,0,0,2,-0.125
7,4,0,0,0,2,-0.125
7,2,0,0,0,0,-0.0625
7,4,0,0,0,2,-0.125
7,4,0,0,0,2,-0.1875
7,2,0,0,0,0,-0.125
7,4,0,0,0,2,-0.1875
7,4,0,0,0,0,-0.21875
7,2,0,0,0,0,-0.25
7,4,0,0,0,2,-0.25
7,4,0,0,0,2,-0.25
7,2,0,0,0,0,-0.25
7,4,0,0,0,2,-0.25
7,4,0,0,0,2,-0.25
7,2,0,0,0,0,-0.25
7,4,0,0,0,2,-0.25
7,4,0,0,0,2,-0.25
7,4,0,0,0,2,-0.25
7,4,0,0,0,2,-0.25
7,4,0,0,0,2,-0.25
7,4,0,0,0,2,-0.25
7,4,0,0,0,2,-0.25
7,4,0,0,0,2,-0.25
7,2,0,0,0,0,-0.125
7,4,0,0,0,2,-0.25
7,4,0,0,0,2,-0.375
7,2,0,0,0,0,-0.125
7,4,0,0,0,2,-0.25
7,4,0,0,0,2,-0.375
7,2,0,0,0,0,-0.125
7,4,0,0,0,2,-0.21875
7,4,0,0,0,2,-0.28125
7,4,0,0,0,2,-0.25
7,4,0,0,0,2,-0.3125
7,4,0,0,0,2,-0.25
7,4,0,0,0,2,-0.375
7,4,0,0,0,2,-0.3125
7,4,0,0,0,2,-0.375
7,2,0,0,0,0,-0.25
7,4,0,0,0,2,-0.375
7,4,0,0,0,0,-0.4375
7,2,0,0,0,0,-0.25
7,4,0,0,0,2,-0.375
7,4,0,0,0,0,-0.40625
7,2,0,0,0,0,-0.25
7,4,0,0,0,2,-0.3125
7,4,0,0,0,0,-0.34375
7,4,0,0,0,2,-0.375
7,4,0,0,0,2,-0.375
7,4,0,0,0,2,-0.375
7,4,0,0,0,0,-0.4375
7,4,0,0,0,0,-0.40625
7,4,0,0,0,0,-0.4375
8,1,0,0,1,0,0.0
8,1,1,0,1,0,0.25
8,1,0,0,1,0,0.0
8,1,1,0,1,0,0.25
8,1,2,0,1,0,0.375
8,1,1,0,1,0,0.25
8,1,0,0,1,0,0.0
8,3,2,2,1,2,0.0
8,3,1,1,1,2,0.0
8,1,1,0,1,0,0.25
8,3,1,1,1,2,0.0
8,3,0,0,0,2,-0.25
8,1,0,0,1,0,0.0
8,3,0,0,0,2,-0.25
8,3,0,0,0,0,-0.375
8,1,0,0,1,0,0.0
8,1,1,0,1,0,0.25
8,1,0,0,1,0,0.0
8,1,1,0,1,0,0.125
8,1,2,0,1,0,0.3125
8,1,1,0,1,0,0.125
8,1,1,0,1,0,0.25
8,3,2,2,1,2,0.0
8,3,1,1,1,2,-0.125
8,1,2,0,1,0,0.375
8,3,1,1,1,2,0.0
8,3,0,0,0,2,-0.25
8,1,1,0,1,0,0.25
8,3,1,0,0,2,-0.125
8,3,0,0,0,0,-0.3125
8,1,0,0,1,0,0.0
8,1,1,0,1,0,0.25
8,1,0,0,1,0,0.0
8,1,2,0,1,0,0.25
8,1,3,0,1,0,0.375
8,1,2,0,1,0,0.25
8,1,1,0,1,0,0.125
8,3,2,2,1,2,0.0
8,3,1,1,1,2,0.0625
8,1,2,0,1,0,0.3125
8,3,2,1,1,2,0.0
8,3,0,0,0,2,-0.125
8,1,1,0,1,0,0.125
8,3,1,0,0,2,-0.0625
8,3,0,0,0,0,-0.1875
8,1,1,0,1,0,0.25
8,1,2,0,1,0,0.375
8,1,1,0,1,0,0.25
8,1,2,0,1,0,0.375
8,1,3,0,1,0,0.4375
8,1,2,0,1,0,0.375
8,1,1,0,1,0,0.25
8,3,3,2,1,2,0.25
8,3,2,1,1,2,0.25
8,1,2,0,1,0,0.375
8,3,2,1,1,2,0.25
8,3,1,0,0,2,0.125
8,1,1,0,1,0,0.25
8,3,1,0,0,2,0.125
8,3,1,0,0,0,0.0625
8,1,0,0,1,0,0.0
8,3,2,2,1,2,0.0
8,3,1,1,1,2,0.0
8,1,0,0,1,0,0.0
8,3,2,2,1,2,0.0
8,3,1,1,1,2,0.0
8,1,0,0,1,0,0.0
8,3,2,2,1,2,0.0
8,3,2,1,1,2,0.0
8,3,2,2,1,2,0.0
8,3,2,2,1,2,0.0
8,3,2,2,1,2,0.0
8,3,1,1,1,2,0.0
8,3,1,1,1,2,0.0
8,3,1,1,1,2,0.0
8,1,1,0,1,0,0.25
8,3,1,1,1,2,0.0
8,3,0,0,0,2,-0.25
8,1,1,0,1,0,0.25
8,3,1,1,1,2,0.0
8,3,0,0,0,2,-0.25
8,1,1,0,1,0,0.25
8,3,1,1,1,2,0.0625
8,3,1,0,0,2,-0.0625
8,3,1,1,1,2,0.0
8,3,1,1,1,2,-0.125
8,3,1,1,1,2,0.0
8,3,0,0,0,2,-0.25
8,3,1,0,0,2,-0.125
8,3,0,0,0,2,-0.25
8,1,0,0,1,0,0.0
8,3,0,0,0,2,-0.25
8,3,0,0,0,0,-0.375
8,1,0,0,1,0,0.0
8,3,0,0,0,2,-0.25
8,3,0,0,0,0,-0.3125
8,1,0,0,1,0,0.0
8,3,0,0,0,2,-0.125
8,3,0,0,0,0,-0.1875
8,3,0,0,0,2,-0.25
8,3,0,0,0,2,-0.25
8,3,0,0,0,2,-0.25
8,3,0,0,0,0,-0.375
8,3,0,0,0,0,-0.3125
8,3,0,0,0,0,-0.375
8,1,0,0,1,0,0.0
8,1,1,0,1,0,0.25
8,1,0,0,1,0,0.0
8,1,1,0,1,0,0.25
8,1,2,0,1,0,0.375
8,1,1,0,1,0,0.25
8,1,0,0,1,0,0.0
8,3,2,2,1,2,0.0
8,3,1,1,1,2,0.0
8,1,1,0,1,0,0.25
8,3,1,1,1,2,0.0
8,3,0,0,0,2,-0.25
8,1,0,0,1,0,0.0
8,3,0,0,0,2,-0.25
8,3,0,0,0,0,-0.375
8,1,0,0,1,0,0.0
8,1,1,0,1,0,0.25
8,1,0,0,1,0,0.0
8,1,1,0,1,0,0.1875
8,1,2,0,1,0,0.34375
8,1,1,0,1,0,0.1875
8,1,1,0,1,0,0.125
8,3,2,2,1,2,0.0
8,3,1,1,1,2,-0.0625
8,1,2,0,1,0,0.3125
8,3,1,1,1,2,0.0
8,3,0,0,0,2,-0.25
8,1,1,0,1,0,0.125
8,3,1,0,0,2,-0.1875
8,3,0,0,0,0,-0.34375
8,1,0,0,1,0,0.0
8,1,1,0,1,0,0.25
8,1,0,0,1,0,0.0
8,1,2,0,1,0,0.25
8,1,3,0,1,0,0.375
8,1,2,0,1,0,0.25
8,1,1,0,1,0,0.0625
8,3,2,2,1,2,0.0
8,3,1,1,1,2,0.03125
8,1,2,0,1,0,0.28125
8,3,2,1,1,2,0.0
8,3,0,0,0,2,-0.1875
8,1,1,0,1,0,0.0625
8,3,1,0,0,2,-0.15625
8,3,0,0,0,0,-0.28125
8,1,1,0,1,0,0.125
8,1,2,0,1,0,0.3125
8,1,1,0,1,0,0.125
8,1,2,0,1,0,0.3125
8,1,3,0,1,0,0.40625
8,1,2,0,1,0,0.3125
8,1,1,0,1,0,0.125
8,3,3,2,1,2,0.125
8,3,2,1,1,2,0.125
8,1,2,0,1,0,0.3125
8,3,2,1,1,2,0.125
8,3,1,0,0,2,-0.0625
8,1,1,0,1,0,0.125
8,3,1,0,0,2,-0.0625
8,3,1,0,0,0,-0.15625
8,1,1,0,1,0,0.25
8,3,2,2,1,2,0.0
8,3,1,1,1,2,-0.125
8,1,1,0,1,0,0.25
8,3,2,2,1,2,0.0
8,3,1,1,1,2,-0.0625
8,1,1,0,1,0,0.25
8,3,3,2,1,2,0.125
8,3,2,1,1,2,0.0625
8,3,2,2,1,2,0.0
8,3,2,2,1,2,0.0
8,3,2,2,1,2,0.0
8,3,1,1,1,2,-0.125
8,3,1,1,1,2,-0.0625
8,3,1,1,1,2,-0.125
8,1,2,0,1,0,0.375
8,3,1,1,1,2,0.0
8,3,0,0,0,2,-0.25
8,1,2,0,1,0,0.375
8,3,2,1,1,2,0.0
8,3,0,0,0,2,-0.1875
8,1,2,0,1,0,0.375
8,3,2,1,1,2,0.15625
8,3,1,0,0,2,0.03125
8,3,1,1,1,2,0.0
8,3,1,1,1,2,-0.0625
8,3,1,1,1,2,0.0
8,3,0,0,0,2,-0.25
8,3,1,0,0,2,-0.125
8,3,0,0,0,2,-0.25
8,1,1,0,1,0,0.25
8,3,1,0,0,2,-0.125
8,3,0,0,0,0,-0.3125
8,1,1,0,1,0,0.25
8,3,1,0,0,2,-0.125
8,3,0,0,0,0,-0.21875
8,1,1,0,1,0,0.25
8,3,1,0,0,2,0.0625
8,3,1,0,0,0,-0.03125
8,3,1,0,0,2,-0.125
8,3,1,0,0,2,-0.125
8,3,1,0,0,2,-0.125
8,3,0,0,0,0,-0.3125
8,3,0,0,0,0,-0.21875
8,3,0,0,0,0,-0.3125
8,1,0,0,1,0,0.0
8,1,1,0,1,0,0.25
8,1,0,0,1,0,0.0
8,1,1,0,1,0,0.25
8,1,2,0,1,0,0.375
8,1,1,0,1,0,0.25
8,1,0,0,1,0,0.0
8,3,2,2,1,2,0.0
8,3,1,1,1,2,0.0
8,1,1,0,1,0,0.25
8,3,1,1,1,2,0.0
8,3,0,0,0,2,-0.25
8,1,0,0,1,0,0.0
8,3,0,0,0,2,-0.25
8,3,0,0,0,0,-0.375
8,1,0,0,1,0,0.0
8,1,1,0,1,0,0.25
8,1,0,0,1,0,0.0
8,1,1,0,1,0,0.125
8,1,2,0,1,0,0.3125
8,1,1,0,1,0,0.125
8,1,2,0,1,0,0.25
8,3,2,2,1,2,0.0
8,3,1,1,1,2,-0.125
8,1,3,0,1,0,0.375
8,3,1,1,1,2,0.0
8,3,0,0,0,2,-0.25
8,1,2,0,1,0,0.25
8,3,1,0,0,2,-0.125
8,3,0,0,0,0,-0.3125
8,1,0,0,1,0,0.0
8,1,1,0,1,0,0.25
8,1,0,0,1,0,0.0
8,1,2,0,1,0,0.125
8,1,3,0,1,0,0.3125
8,1,2,0,1,0,0.125
8,1,2,0,1,0,0.25
8,3,2,2,1,2,0.0
8,3,1,1,1,2,-0.09375
8,1,3,0,1,0,0.375
8,3,2,1,1,2,0.0
8,3,0,0,0,2,-0.21875
8,1,2,0,1,0,0.25
8,3,1,0,0,2,-0.03125
8,3,0,0,0,0,-0.21875
8,1,1,0,1,0,0.1875
8,1,2,0,1,0,0.34375
8,1,1,0,1,0,0.1875
8,1,2,0,1,0,0.1875
8,1,3,0,1,0,0.34375
8,1,2,0,1,0,0.1875
8,1,2,0,1,0,0.25
8,3,3,2,1,2,0.0625
8,3,2,1,1,2,-0.03125
8,1,3,0,1,0,0.375
8,3,2,1,1,2,0.125
8,3,1,0,0,2,-0.0625
8,1,2,0,1,0,0.25
8,3,2,0,0,2,0.0625
8,3,1,0,0,0,-0.03125
8,1,1,0,1,0,0.125
8,3,2,2,1,2,0.0
8,3,1,1,1,2,-0.0625
8,1,1,0,1,0,0.1875
8,3,2,2,1,2,0.0
8,3,1,1,1,2,-0.125
8,1,1,0,1,0,0.125
8,3,3,2,1,2,-0.0625
8,3,2,1,1,2,-0.15625
8,3,2,2,1,2,0.0
8,3,3,2,1,2,0.125
8,3,2,2,1,2,0.0
8,3,1,1,1,2,0.0625
8,3,2,1,1,2,0.15625
8,3,1,1,1,2,0.0625
8,1,2,0,1,0,0.3125
8,3,1,1,1,2,0.0
8,3,0,0,0,2,-0.25
8,1,2,0,1,0,0.34375
8,3,2,1,1,2,0.0
8,3,0,0,0,2,-0.28125
8,1,2,0,1,0,0.3125
8,3,2,1,1,2,0.03125
8,3,1,0,0,2,-0.15625
8,3,2,1,1,2,0.0
8,3,2,1,1,2,0.0625
8,3,2,1,1,2,0.0
8,3,0,0,0,2,-0.125
8,3,1,0,0,2,0.0625
8,3,0,0,0,2,-0.125
8,1,1,0,1,0,0.125
8,3,1,0,0,2,-0.1875
8,3,0,0,0,0,-0.34375
8,1,1,0,1,0,0.1875
8,3,1,0,0,2,-0.125
8,3,0,0,0,0,-0.28125
8,1,1,0,1,0,0.125
8,3,1,0,0,2,-0.0625
8,3,1,0,0,0,-0.15625
8,3,1,0,0,2,-0.0625
8,3,1,0,0,2,0.03125
8,3,1,0,0,2,-0.0625
8,3,0,0,0,0,-0.1875
8,3,1,0,0,0,-0.03125
8,3,0,0,0,0,-0.1875
8,1,0,0,1,0,0.0
8,1,1,0,1,0,0.25
8,1,0,0,1,0,0.0
8,1,1,0,1,0,0.125
8,1,2,0,1,0,0.3125
8,1,1,0,1,0,0.125
8,1,1,0,1,0,0.25
8,3,2,2,1,2,0.0
8,3,1,1,1,2,-0.125
8,1,2,0,1,0,0.375
8,3,1,1,1,2,0.0
8,3,0,0,0,2,-0.25
8,1,1,0,1,0,0.25
8,3,1,0,0,2,-0.125
8,3,0,0,0,0,-0.3125
8,1,0,0,1,0,0.0
8,1,1,0,1,0,0.25
8,1,0,0,1,0,0.0
8,1,1,0,1,0,0.0625
8,1,2,0,1,0,0.28125
8,1,1,0,1,0,0.0625
8,1,2,0,1,0,0.375
8,3,2,2,1,2,0.0
8,3,1,1,1,2,-0.1875
8,1,3,0,1,0,0.4375
8,3,1,1,1,2,0.0
8,3,0,0,0,2,-0.25
8,1,2,0,1,0,0.375
8,3,1,0,0,2,-0.0625
8,3,0,0,0,0,-0.28125
8,1,0,0,1,0,0.0
8,1,1,0,1,0,0.25
8,1,0,0,1,0,0.0
8,1,3,0,1,0,0.25
8,1,4,0,1,0,0.375
8,1,3,0,1,0,0.25
8,1,2,0,1,0,0.125
8,3,2,2,1,2,0.0
8,3,1,1,1,2,0.0625
8,1,3,0,1,0,0.3125
8,3,2,1,1,2,0.0
8,3,0,0,0,2,-0.125
8,1,2,0,1,0,0.125
8,3,1,0,0,2,-0.0625
8,3,0,0,0,0,-0.1875
8,1,1,0,1,0,0.125
8,1,2,0,1,0,0.3125
8,1,1,0,1,0,0.125
8,1,3,0,1,0,0.25
8,1,4,0,1,0,0.375
8,1,3,0,1,0,0.25
8,1,2,0,1,0,0.25
8,3,3,2,1,2,0.0625
8,3,2,1,1,2,0.15625
8,1,3,0,1,0,0.375
8,3,3,1,1,2,0.03125
8,3,1,0,0,2,0.0625
8,1,2,0,1,0,0.25
8,3,2,0,0,2,0.03125
8,3,1,0,0,0,0.03125
8,1,1,0,1,0,0.25
8,3,2,2,1,2,0.0
8,3,1,1,1,2,-0.125
8,1,1,0,1,0,0.125
8,3,2,2,1,2,0.0
8,3,1,1,1,2,-0.03125
8,1,1,0,1,0,0.0625
8,3,3,2,1,2,-0.09375
8,3,2,1,1,2,-0.03125
8,3,2,2,1,2,0.0
8,3,3,2,1,2,-0.0625
8,3,3,2,1,2,0.25
8,3,1,1,1,2,0.03125
8,3,2,1,1,2,0.03125
8,3,2,1,1,2,0.25
8,1,2,0,1,0,0.375
8,3,1,1,1,2,0.0
8,3,0,0,0,2,-0.25
8,1,2,0,1,0,0.3125
8,3,2,1,1,2,0.0
8,3,0,0,0,2,-0.21875
8,1,2,0,1,0,0.28125
8,3,2,1,1,2,-0.03125
8,3,1,0,0,2,-0.03125
8,3,2,1,1,2,0.0
8,3,2,1,1,2,-0.15625
8,3,2,1,1,2,0.25
8,3,0,0,0,2,-0.1875
8,3,1,0,0,2,-0.0625
8,3,1,0,0,2,0.125
8,1,1,0,1,0,0.25
8,3,1,0,0,2,-0.125
8,3,0,0,0,0,-0.3125
8,1,1,0,1,0,0.125
8,3,1,0,0,2,-0.09375
8,3,0,0,0,0,-0.21875
8,1,1,0,1,0,0.0625
8,3,1,0,0,2,-0.03125
8,3,1,0,0,0,-0.09375
8,3,1,0,0,2,-0.15625
8,3,1,0,0,2,-0.15625
8,3,1,0,0,2,0.125
8,3,0,0,0,0,-0.28125
8,3,1,0,0,0,-0.15625
8,3,1,0,0,0,0.0625
8,1,0,0,1,0,0.0
8,1,1,0,1,0,0.25
8,1,0,0,1,0,0.0
8,1,2,0,1,0,0.25
8,1,3,0,1,0,0.375
8,1,2,0,1,0,0.25
8,1,1,0,1,0,0.125
8,3,2,2,1,2,0.0
8,3,1,1,1,2,0.0625
8,1,2,0,1,0,0.3125
8,3,2,1,1,2,0.0
8,3,0,0,0,2,-0.125
8,1,1,0,1,0,0.125
8,3,1,0,0,2,-0.0625
8,3,0,0,0,0,-0.1875
8,1,0,0,1,0,0.0
8,1,1,0,1,0,0.25
8,1,0,0,1,0,0.0
8,1,2,0,1,0,0.25
8,1,3,0,1,0,0.375
8,1,2,0,1,0,0.25
8,1,2,0,1,0,0.3125
8,3,2,2,1,2,0.0
8,3,1,1,1,2,-0.03125
8,1,3,0,1,0,0.40625
8,3,2,1,1,2,0.0
8,3,0,0,0,2,-0.125
8,1,2,0,1,0,0.3125
8,3,1,0,0,2,-0.03125
8,3,0,0,0,0,-0.15625
8,1,0,0,1,0,0.0
8,1,1,0,1,0,0.25
8,1,0,0,1,0,0.0
8,1,3,0,1,0,0.25
8,1,4,0,1,0,0.375
8,1,3,0,1,0,0.25
8,1,2,0,1,0,0.1875
8,3,2,2,1,2,0.0
8,3,1,1,1,2,0.09375
8,1,3,0,1,0,0.34375
8,3,2,1,1,2,0.0
8,3,0,0,0,2,-0.0625
8,1,2,0,1,0,0.1875
8,3,1,0,0,2,0.03125
8,3,0,0,0,0,-0.09375
8,1,2,0,1,0,0.25
8,1,3,0,1,0,0.375
8,1,2,0,1,0,0.25
8,1,3,0,1,0,0.375
8,1,4,0,1,0,0.4375
8,1,3,0,1,0,0.375
8,1,2,0,1,0,0.25
8,3,4,2,1,2,0.25
8,3,3,1,1,2,0.25
8,1,3,0,1,0,0.375
8,3,3,1,1,2,0.25
8,3,2,0,0,2,0.125
8,1,2,0,1,0,0.25
8,3,2,0,0,2,0.125
8,3,2,0,0,0,0.0625
8,1,1,0,1,0,0.125
8,3,2,2,1,2,0.0
8,3,1,1,1,2,0.0625
8,1,1,0,1,0,0.1875
8,3,2,2,1,2,0.0
8,3,1,1,1,2,0.03125
8,1,1,0,1,0,0.125
8,3,3,2,1,2,0.0625
8,3,3,1,1,2,0.03125
8,3,2,2,1,2,0.0
8,3,3,2,1,2,0.0625
8,3,3,2,1,2,0.125
8,3,1,1,1,2,0.0625
8,3,2,1,1,2,0.125
8,3,2,1,1,2,0.125
8,1,2,0,1,0,0.3125
8,3,2,1,1,2,0.0
8,3,0,0,0,2,-0.125
8,1,2,0,1,0,0.34375
8,3,2,1,1,2,0.0
8,3,0,0,0,2,-0.125
8,1,2,0,1,0,0.3125
8,3,2,1,1,2,0.15625
8,3,2,0,0,2,0.03125
8,3,2,1,1,2,0.0
8,3,2,1,1,2,-0.03125
8,3,2,1,1,2,0.125
8,3,0,0,0,2,-0.125
8,3,2,0,0,2,0.0625
8,3,1,0,0,2,-0.0625
8,1,1,0,1,0,0.125
8,3,1,0,0,2,-0.0625
8,3,0,0,0,0,-0.1875
8,1,1,0,1,0,0.1875
8,3,1,0,0,2,-0.09375
8,3,0,0,0,0,-0.15625
8,1,1,0,1,0,0.125
8,3,1,0,0,2,0.0625
8,3,1,0,0,0,0.03125
8,3,1,0,0,2,-0.0625
8,3,1,0,0,2,-0.0625
8,3,1,0,0,2,-0.0625
8,3,0,0,0,0,-0.1875
8,3,1,0,0,0,-0.03125
8,3,1,0,0,0,-0.15625
8,1,1,0,1,0,0.25
8,1,2,0,1,0,0.375
8,1,1,0,1,0,0.25
8,1,2,0,1,0,0.375
8,1,3,0,1,0,0.4375
8,1,2,0,1,0,0.375
8,1,1,0,1,0,0.25
8,3,3,2,1,2,0.25
8,3,2,1,1,2,0.25
8,1,2,0,1,0,0.375
8,3,2,1,1,2,0.25
8,3,1,0,0,2,0.125
8,1,1,0,1,0,0.25
8,3,1,0,0,2,0.125
8,3,1,0,0,0,0.0625
8,1,1,0,1,0,0.25
8,1,2,0,1,0,0.375
8,1,1,0,1,0,0.25
8,1,2,0,1,0,0.3125
8,1,3,0,1,0,0.40625
8,1,2,0,1,0,0.3125
8,1,2,0,1,0,0.375
8,3,3,2,1,2,0.25
8,3,2,1,1,2,0.1875
8,1,3,0,1,0,0.4375
8,3,2,1,1,2,0.25
8,3,1,0,0,2,0.125
8,1,2,0,1,0,0.375
8,3,2,0,0,2,0.1875
8,3,1,0,0,0,0.09375
8,1,1,0,1,0,0.25
8,1,2,0,1,0,0.375
8,1,1,0,1,0,0.25
8,1,3,0,1,0,0.375
8,1,4,0,1,0,0.4375
8,1,3,0,1,0,0.375
8,1,2,0,1,0,0.3125
8,3,3,2,1,2,0.25
8,3,2,1,1,2,0.28125
8,1,3,0,1,0,0.40625
8,3,3,1,1,2,0.25
8,3,1,0,0,2,0.1875
8,1,2,0,1,0,0.3125
8,3,2,0,0,2,0.21875
8,3,1,0,0,0,0.15625
8,1,2,0,1,0,0.375
8,1,3,0,1,0,0.4375
8,1,2,0,1,0,0.375
8,1,3,0,1,0,0.4375
8,1,4,0,1,0,0.46875
8,1,3,0,1,0,0.4375
8,1,2,0,1,0,0.375
8,3,4,2,1,2,0.375
8,3,3,1,1,2,0.375
8,1,3,0,1,0,0.4375
8,3,3,1,1,2,0.375
8,3,2,0,0,2,0.3125
8,1,2,0,1,0,0.375
8,3,2,0,0,2,0.3125
8,3,2,0,0,0,0.28125
8,1,1,0,1,0,0.25
8,3,3,2,1,2,0.25
8,3,2,1,1,2,0.25
8,1,1,0,1,0,0.25
8,3,3,2,1,2,0.25
8,3,2,1,1,2,0.25
8,1,1,0,1,0,0.25
8,3,3,2,1,2,0.25
8,3,3,1,1,2,0.25
8,3,3,2,1,2,0.25
8,3,3,2,1,2,0.25
8,3,3,2,1,2,0.25
8,3,2,1,1,2,0.25
8,3,2,1,1,2,0.25
8,3,2,1,1,2,0.25
8,1,2,0,1,0,0.375
8,3,2,1,1,2,0.25
8,3,1,0,0,2,0.125
8,1,2,0,1,0,0.375
8,3,2,1,1,2,0.25
8,3,1,0,0,2,0.125
8,1,2,0,1,0,0.375
8,3,2,1,1,2,0.28125
8,3,2,0,0,2,0.21875
8,3,2,1,1,2,0.25
8,3,2,1,1,2,0.1875
8,3,2,1,1,2,0.25
8,3,1,0,0,2,0.125
8,3,2,0,0,2,0.1875
8,3,1,0,0,2,0.125
8,1,1,0,1,0,0.25
8,3,1,0,0,2,0.125
8,3,1,0,0,0,0.0625
8,1,1,0,1,0,0.25
8,3,1,0,0,2,0.125
8,3,1,0,0,0,0.09375
8,1,1,0,1,0,0.25
8,3,1,0,0,2,0.1875
8,3,1,0,0,0,0.15625
8,3,1,0,0,2,0.125
8,3,1,0,0,2,0.125
8,3,1,0,0,2,0.125
8,3,1,0,0,0,0.0625
8,3,1,0,0,0,0.09375
8,3,1,0,0,0,0.0625
8,1,0,0,1,0,0.0
8,3,2,2,1,2,0.0
8,3,1,1,1,2,0.0
8,1,0,0,1,0,0.0
8,3,2,2,1,2,0.0
8,3,1,1,1,2,0.0
8,1,0,0,1,0,0.0
8,3,2,2,1,2,0.0
8,3,2,1,1,2,0.0
8,3,2,2,1,2,0.0
8,3,2,2,1,2,0.0
8,3,2,2,1,2,0.0
8,3,1,1,1,2,0.0
8,3,1,1,1,2,0.0
8,3,1,1,1,2,0.0
8,1,0,0,1,0,0.0
8,3,2,2,1,2,0.0
8,3,1,1,1,2,0.0
8,1,0,0,1,0,0.0
8,3,2,2,1,2,0.0
8,3,1,1,1,2,0.0
8,1,0,0,1,0,0.0
8,3,2,2,1,2,0.0
8,3,2,1,1,2,0.0
8,3,2,2,1,2,0.0
8,3,2,2,1,2,0.0
8,3,2,2,1,2,0.0
8,3,1,1,1,2,0.0
8,3,2,1,1,2,0.0
8,3,1,1,1,2,0.0
8,1,0,0,1,0,0.0
8,3,2,2,1,2,0.0
8,3,1,1,1,2,0.0
8,1,0,0,1,0,0.0
8,3,2,2,1,2,0.0
8,3,1,1,1,2,0.0
8,1,0,0,1,0,0.0
8,3,2,2,1,2,0.0
8,3,2,1,1,2,0.0
8,3,2,2,1,2,0.0
8,3,2,2,1,2,0.0
8,3,2,2,1,2,0.0
8,3,1,1,1,2,0.0
8,3,2,1,1,2,0.0
8,3,2,1,1,2,0.0
8,1,0,0,1,0,0.0
8,3,2,2,1,2,0.0
8,3,1,1,1,2,0.0
8,1,0,0,1,0,0.0
8,3,2,2,1,2,0.0
8,3,1,1,1,2,0.0
8,1,0,0,1,0,0.0
8,3,2,2,1,2,0.0
8,3,2,1,1,2,0.0
8,3,2,2,1,2,0.0
8,3,2,2,1,2,0.0
8,3,2,2,1,2,0.0
8,3,1,1,1,2,0.0
8,3,2,1,1,2,0.0
8,3,2,1,1,2,0.0
8,1,0,0,1,0,0.0
8,3,2,2,1,2,0.0
8,3,2,1,1,2,0.0
8,1,0,0,1,0,0.0
8,3,2,2,1,2,0.0
8,3,2,1,1,2,0.0
8,1,0,0,1,0,0.0
8,3,2,2,1,2,0.0
8,3,2,1,1,2,0.0
8,3,2,2,1,2,0.0
8,3,2,2,1,2,0.0
8,3,2,2,1,2,0.0
8,3,2,1,1,2,0.0
8,3,2,1,1,2,0.0
8,3,2,1,1,2,0.0
8,3,2,2,1,2,0.0
8,3,2,2,1,2,0.0
8,3,2,2,1,2,0.0
8,3,2,2,1,2,0.0
8,3,2,2,1,2,0.0
8,3,2,2,1,2,0.0
8,3,2,2,1,2,0.0
8,3,2,2,1,2,0.0
8,3,2,2,1,2,0.0
8,3,2,2,1,2,0.0
8,3,2,2,1,2,0.0
8,3,2,2,1,2,0.0
8,3,2,2,1,2,0.0
8,3,2,2,1,2,0.0
8,3,2,2,1,2,0.0
8,3,1,1,1,2,0.0
8,3,1,1,1,2,0.0
8,3,1,1,1,2,0.0
8,3,1,1,1,2,0.0
8,3,1,1,1,2,0.0
8,3,1,1,1,2,0.0
8,3,1,1,1,2,0.0
8,3,1,1,1,2,0.0
8,3,1,1,1,2,0.0
8,3,1,1,1,2,0.0
8,3,1,1,1,2,0.0
8,3,1,1,1,2,0.0
8,3,1,1,1,2,0.0
8,3,1,1,1,2,0.0
8,3,1,1,1,2,0.0
8,1,1,0,1,0,0.25
8,3,1,1,1,2,0.0
8,3,0,0,0,2,-0.25
8,1,1,0,1,0,0.25
8,3,1,1,1,2,0.0
8,3,0,0,0,2,-0.25
8,1,1,0,1,0,0.25
8,3,1,1,1,2,0.0625
8,3,1,0,0,2,-0.0625
8,3,1,1,1,2,0.0
8,3,1,1,1,2,-0.125
8,3,1,1,1,2,0.0
8,3,0,0,0,2,-0.25
8,3,1,0,0,2,-0.125
8,3,0,0,0,2,-0.25
8,1,1,0,1,0,0.25
8,3,1,1,1,2,0.0
8,3,0,0,0,2,-0.25
8,1,1,0,1,0,0.25
8,3,1,1,1,2,0.0
8,3,0,0,0,2,-0.25
8,1,1,0,1,0,0.25
8,3,1,1,1,2,0.03125
8,3,1,0,0,2,-0.15625
8,3,1,1,1,2,0.0
8,3,1,1,1,2,-0.0625
8,3,1,1,1,2,0.0
8,3,0,0,0,2,-0.25
8,3,1,0,0,2,-0.125
8,3,0,0,0,2,-0.25
8,1,1,0,1,0,0.25
8,3,1,1,1,2,0.0
8,3,0,0,0,2,-0.25
8,1,1,0,1,0,0.25
8,3,1,1,1,2,0.0
8,3,0,0,0,2,-0.25
8,1,1,0,1,0,0.25
8,3,1,1,1,2,-0.03125
8,3,1,0,0,2,-0.09375
8,3,1,1,1,2,0.0
8,3,1,1,1,2,-0.125
8,3,1,1,1,2,0.0625
8,3,0,0,0,2,-0.25
8,3,1,0,0,2,-0.125
8,3,1,0,0,2,-0.0625
8,1,1,0,1,0,0.25
8,3,1,1,1,2,0.0
8,3,0,0,0,2,-0.25
8,1,1,0,1,0,0.25
8,3,1,1,1,2,0.0
8,3,0,0,0,2,-0.25
8,1,1,0,1,0,0.25
8,3,1,1,1,2,0.0625
8,3,1,0,0,2,-0.0625
8,3,1,1,1,2,0.0
8,3,1,1,1,2,-0.09375
8,3,1,1,1,2,0.03125
8,3,0,0,0,2,-0.25
8,3,1,0,0,2,-0.03125
8,3,1,0,0,2,-0.15625
8,1,1,0,1,0,0.25
8,3,1,1,1,2,0.0625
8,3,1,0,0,2,-0.0625
8,1,1,0,1,0,0.25
8,3,1,1,1,2,0.03125
8,3,1,0,0,2,-0.09375
8,1,1,0,1,0,0.25
8,3,1,1,1,2,0.09375
8,3,1,0,0,2,0.03125
8,3,1,1,1,2,0.0625
8,3,1,1,1,2,-0.03125
8,3,1,1,1,2,0.0625
8,3,1,0,0,2,-0.0625
8,3,1,0,0,2,-0.03125
8,3,1,0,0,2,-0.0625
8,3,1,1,1,2,0.0
8,3,1,1,1,2,-0.125
8,3,1,1,1,2,0.0
8,3,1,1,1,2,0.0
8,3,1,1,1,2,-0.0625
8,3,1,1,1,2,-0.125
8,3,1,1,1,2,0.0
8,3,1,1,1,2,-0.125
8,3,1,1,1,2,-0.0625
8,3,1,1,1,2,-0.125
8,3,1,1,1,2,-0.1875
8,3,1,1,1,2,-0.125
8,3,1,1,1,2,0.0
8,3,1,1,1,2,0.0
8,3,1,1,1,2,0.0
8,3,0,0,0,2,-0.25
8,3,1,0,0,2,-0.125
8,3,0,0,0,2,-0.25
8,3,0,0,0,2,-0.25
8,3,1,0,0,2,-0.1875
8,3,1,0,0,2,-0.125
8,3,0,0,0,2,-0.25
8,3,1,0,0,2,-0.125
8,3,1,0,0,2,-0.1875
8,3,1,0,0,2,-0.125
8,3,1,0,0,2,-0.0625
8,3,1,0,0,2,-0.125
8,3,0,0,0,2,-0.25
8,3,0,0,0,2,-0.25
8,3,0,0,0,2,-0.25
8,1,0,0,1,0,0.0
8,3,0,0,0,2,-0.25
8,3,0,0,0,0,-0.375
8,1,0,0,1,0,0.0
8,3,0,0,0,2,-0.25
8,3,0,0,0,0,-0.3125
8,1,0,0,1,0,0.0
8,3,0,0,0,2,-0.125
8,3,0,0,0,0,-0.1875
8,3,0,0,0,2,-0.25
8,3,0,0,0,2,-0.25
8,3,0,0,0,2,-0.25
8,3,0,0,0,0,-0.375
8,3,0,0,0,0,-0.3125
8,3,0,0,0,0,-0.375
8,1,0,0,1,0,0.0
8,3,0,0,0,2,-0.25
8,3,0,0,0,0,-0.375
8,1,0,0,1,0,0.0
8,3,0,0,0,2,-0.25
8,3,0,0,0,0,-0.34375
8,1,0,0,1,0,0.0
8,3,0,0,0,2,-0.1875
8,3,0,0,0,0,-0.28125
8,3,0,0,0,2,-0.25
8,3,0,0,0,2,-0.1875
8,3,0,0,0,2,-0.25
8,3,0,0,0,0,-0.3125
8,3,0,0,0,0,-0.21875
8,3,0,0,0,0,-0.3125
8,1,0,0,1,0,0.0
8,3,0,0,0,2,-0.25
8,3,0,0,0,0,-0.375
8,1,0,0,1,0,0.0
8,3,0,0,0,2,-0.25
8,3,0,0,0,0,-0.3125
8,1,0,0,1,0,0.0
8,3,0,0,0,2,-0.21875
8,3,0,0,0,0,-0.21875
8,3,0,0,0,2,-0.25
8,3,0,0,0,2,-0.28125
8,3,0,0,0,2,-0.125
8,3,0,0,0,0,-0.34375
8,3,0,0,0,0,-0.28125
8,3,0,0,0,0,-0.1875
8,1,0,0,1,0,0.0
8,3,0,0,0,2,-0.25
8,3,0,0,0,0,-0.3125
8,1,0,0,1,0,0.0
8,3,0,0,0,2,-0.25
8,3,0,0,0,0,-0.28125
8,1,0,0,1,0,0.0
8,3,0,0,0,2,-0.125
8,3,0,0,0,0,-0.1875
8,3,0,0,0,2,-0.25
8,3,0,0,0,2,-0.21875
8,3,0,0,0,2,-0.1875
8,3,0,0,0,0,-0.3125
8,3,0,0,0,0,-0.21875
8,3,0,0,0,0,-0.28125
8,1,0,0,1,0,0.0
8,3,0,0,0,2,-0.125
8,3,0,0,0,0,-0.1875
8,1,0,0,1,0,0.0
8,3,0,0,0,2,-0.125
8,3,0,0,0,0,-0.15625
8,1,0,0,1,0,0.0
8,3,0,0,0,2,-0.0625
8,3,0,0,0,0,-0.09375
8,3,0,0,0,2,-0.125
8,3,0,0,0,2,-0.125
8,3,0,0,0,2,-0.125
8,3,0,0,0,0,-0.1875
8,3,0,0,0,0,-0.15625
8,3,0,0,0,0,-0.1875
8,3,0,0,0,2,-0.25
8,3,0,0,0,2,-0.25
8,3,0,0,0,2,-0.25
8,3,0,0,0,2,-0.25
8,3,0,0,0,2,-0.25
8,3,0,0,0,2,-0.25
8,3,0,0,0,2,-0.25
8,3,0,0,0,2,-0.25
8,3,0,0,0,2,-0.25
8,3,0,0,0,2,-0.25
8,3,0,0,0,2,-0.25
8,3,0,0,0,2,-0.25
8,3,0,0,0,2,-0.25
8,3,0,0,0,2,-0.25
8,3,0,0,0,2,-0.25
8,3,0,0,0,0,-0.375
8,3,0,0,0,0,-0.3125
8,3,0,0,0,0,-0.375
8,3,0,0,0,0,-0.375
8,3,0,0,0,0,-0.34375
8,3,0,0,0,0,-0.3125
8,3,0,0,0,0,-0.375
8,3,0,0,0,0,-0.3125
8,3,0,0,0,0,-0.34375
8,3,0,0,0,0,-0.3125
8,3,0,0,0,0,-0.28125
8,3,0,0,0,0,-0.3125
8,3,0,0,0,0,-0.375
8,3,0,0,0,0,-0.375
8,3,0,0,0,0,-0.375
9,0,-1,-1,1,0,0.5
9,2,1,1,1,2,0.0
9,2,0,0,0,0,-0.25
9,0,-1,-1,1,0,0.5
9,2,1,1,1,2,0.0
9,2,0,0,0,0,-0.125
9,0,-1,-1,1,0,0.5
9,2,2,1,1,2,0.25
9,2,1,0,0,0,0.125
9,2,1,1,1,2,0.0
9,2,1,1,1,2,0.0
9,2,1,1,1,2,0.0
9,2,0,0,0,0,-0.25
9,2,0,0,0,0,-0.125
9,2,0,0,0,0,-0.25
9,0,-1,-1,1,0,0.5
9,2,1,1,1,2,0.0
9,2,0,0,0,0,-0.25
9,0,-1,-1,1,0,0.5
9,2,1,1,1,2,0.0
9,2,0,0,0,0,-0.1875
9,0,-1,-1,1,0,0.5
9,2,2,1,1,2,0.125
9,2,1,0,0,0,-0.0625
9,2,1,1,1,2,0.0
9,2,2,1,1,2,0.125
9,2,1,1,1,2,0.0
9,2,0,0,0,0,-0.125
9,2,1,0,0,0,0.0625
9,2,0,0,0,0,-0.125
9,0,-1,-1,1,0,0.5
9,2,1,1,1,2,0.0
9,2,0,0,0,0,-0.25
9,0,-1,-1,1,0,0.5
9,2,1,1,1,2,0.0
9,2,0,0,0,0,-0.125
9,0,-1,-1,1,0,0.5
9,2,2,1,1,2,0.0625
9,2,1,0,0,0,0.0625
9,2,1,1,1,2,0.0
9,2,2,1,1,2,-0.0625
9,2,2,1,1,2,0.25
9,2,0,0,0,0,-0.1875
9,2,1,0,0,0,-0.0625
9,2,1,0,0,0,0.125
9,0,-1,-1,1,0,0.5
9,2,1,1,1,2,0.0
9,2,0,0,0,0,-0.125
9,0,-1,-1,1,0,0.5
9,2,1,1,1,2,0.0
9,2,0,0,0,0,-0.0625
9,0,-1,-1,1,0,0.5
9,2,3,1,1,2,0.25
9,2,2,0,0,0,0.125
9,2,1,1,1,2,0.0
9,2,2,1,1,2,0.0625
9,2,2,1,1,2,0.125
9,2,0,0,0,0,-0.125
9,2,1,0,0,0,0.0625
9,2,1,0,0,0,-0.0625
9,0,-1,-1,1,0,0.5
9,2,2,1,1,2,0.25
9,2,1,0,0,0,0.125
9,0,-1,-1,1,0,0.5
9,2,2,1,1,2,0.25
9,2,1,0,0,0,0.1875
9,0,-1,-1,1,0,0.5
9,2,3,1,1,2,0.375
9,2,2,0,0,0,0.3125
9,2,2,1,1,2,0.25
9,2,2,1,1,2,0.25
9,2,2,1,1,2,0.25
9,2,1,0,0,0,0.125
9,2,1,0,0,0,0.1875
9,2,1,0,0,0,0.125
9,2,1,1,1,2,0.0
9,2,1,1,1,2,0.0
9,2,1,1,1,2,0.0
9,2,1,1,1,2,0.0
9,2,1,1,1,2,0.0
9,2,1,1,1,2,0.0
9,2,1,1,1,2,0.0
9,2,1,1,1,2,0.0
9,2,1,1,1,2,0.0
9,2,1,1,1,2,0.0
9,2,1,1,1,2,0.0
9,2,1,1,1,2,0.0
9,2,1,1,1,2,0.0
9,2,1,1,1,2,0.0
9,2,1,1,1,2,0.0
9,2,0,0,0,0,-0.25
9,2,0,0,0,0,-0.125
9,2,0,0,0,0,-0.25
9,2,0,0,0,0,-0.25
9,2,0,0,0,0,-0.1875
9,2,0,0,0,0,-0.125
9,2,0,0,0,0,-0.25
9,2,0,0,0,0,-0.125
9,2,0,0,0,0,-0.1875
9,2,0,0,0,0,-0.125
9,2,0,0,0,0,-0.0625
9,2,0,0,0,0,-0.125
9,2,0,0,0,0,-0.25
9,2,0,0,0,0,-0.25
9,2,0,0,0,0,-0.25
9,0,-1,-1,1,0,0.5
9,2,1,1,1,2,0.0
9,2,0,0,0,0,-0.25
9,0,-1,-1,1,0,0.5
9,2,1,1,1,2,0.0
9,2,0,0,0,0,-0.125
9,0,-1,-1,1,0,0.5
9,2,2,1,1,2,0.25
9,2,1,0,0,0,0.125
9,2,1,1,1,2,0.0
9,2,1,1,1,2,0.0
9,2,1,1,1,2,0.0
9,2,0,0,0,0,-0.25
9,2,0,0,0,0,-0.125
9,2,0,0,0,0,-0.25
9,0,-1,-1,1,0,0.5
9,2,1,1,1,2,0.0
9,2,0,0,0,0,-0.25
9,0,-1,-1,1,0,0.5
9,2,1,1,1,2,0.0
9,2,0,0,0,0,-0.15625
9,0,-1,-1,1,0,0.5
9,2,2,1,1,2,0.1875
9,2,1,0,0,0,0.03125
9,2,1,1,1,2,0.0
9,2,2,1,1,2,0.0625
9,2,1,1,1,2,0.0
9,2,0,0,0,0,-0.1875
9,2,1,0,0,0,-0.03125
9,2,0,0,0,0,-0.1875
9,0,-1,-1,1,0,0.5
9,2,1,1,1,2,0.0
9,2,0,0,0,0,-0.25
9,0,-1,-1,1,0,0.5
9,2,1,1,1,2,0.0
9,2,0,0,0,0,-0.125
9,0,-1,-1,1,0,0.5
9,2,2,1,1,2,0.15625
9,2,1,0,0,0,0.09375
9,2,1,1,1,2,0.0
9,2,2,1,1,2,-0.03125
9,2,2,1,1,2,0.125
9,2,0,0,0,0,-0.21875
9,2,1,0,0,0,-0.09375
9,2,1,0,0,0,-0.0625
9,0,-1,-1,1,0,0.5
9,2,1,1,1,2,0.0
9,2,0,0,0,0,-0.1875
9,0,-1,-1,1,0,0.5
9,2,1,1,1,2,0.0
9,2,0,0,0,0,-0.09375
9,0,-1,-1,1,0,0.5
9,2,3,1,1,2,0.25
9,2,2,0,0,0,0.125
9,2,1,1,1,2,0.0
9,2,2,1,1,2,0.03125
9,2,2,1,1,2,0.0625
9,2,0,0,0,0,-0.1875
9,2,1,0,0,0,-0.03125
9,2,1,0,0,0,-0.15625
9,0,-1,-1,1,0,0.5
9,2,2,1,1,2,0.125
9,2,1,0,0,0,-0.0625
9,0,-1,-1,1,0,0.5
9,2,2,1,1,2,0.125
9,2,1,0,0,0,0.03125
9,0,-1,-1,1,0,0.5
9,2,3,1,1,2,0.3125
9,2,2,0,0,0,0.21875
9,2,2,1,1,2,0.125
9,2,2,1,1,2,0.125
9,2,2,1,1,2,0.125
9,2,1,0,0,0,-0.0625
9,2,1,0,0,0,0.03125
9,2,1,0,0,0,-0.0625
9,2,1,1,1,2,0.0
9,2,2,1,1,2,0.125
9,2,1,1,1,2,0.0
9,2,1,1,1,2,0.0
9,2,2,1,1,2,0.0625
9,2,2,1,1,2,0.125
9,2,1,1,1,2,0.0
9,2,2,1,1,2,0.125
9,2,2,1,1,2,0.0625
9,2,2,1,1,2,0.125
9,2,2,1,1,2,0.1875
9,2,2,1,1,2,0.125
9,2,1,1,1,2,0.0
9,2,1,1,1,2,0.0
9,2,1,1,1,2,0.0
9,2,0,0,0,0,-0.125
9,2,1,0,0,0,0.0625
9,2,0,0,0,0,-0.125
9,2,0,0,0,0,-0.125
9,2,1,0,0,0,-0.03125
9,2,1,0,0,0,0.0625
9,2,0,0,0,0,-0.125
9,2,1,0,0,0,0.0625
9,2,1,0,0,0,-0.03125
9,2,1,0,0,0,0.0625
9,2,1,0,0,0,0.15625
9,2,1,0,0,0,0.0625
9,2,0,0,0,0,-0.125
9,2,0,0,0,0,-0.125
9,2,0,0,0,0,-0.125
9,0,-1,-1,1,0,0.5
9,2,1,1,1,2,0.0
9,2,0,0,0,0,-0.25
9,0,-1,-1,1,0,0.5
9,2,1,1,1,2,0.0
9,2,0,0,0,0,-0.125
9,0,-1,-1,1,0,0.5
9,2,2,1,1,2,0.25
9,2,1,0,0,0,0.125
9,2,1,1,1,2,0.0
9,2,1,1,1,2,0.0
9,2,1,1,1,2,0.0
9,2,0,0,0,0,-0.25
9,2,0,0,0,0,-0.125
9,2,0,0,0,0,-0.25
9,0,-1,-1,1,0,0.5
9,2,1,1,1,2,0.0
9,2,0,0,0,0,-0.25
9,0,-1,-1,1,0,0.5
9,2,1,1,1,2,0.0
9,2,0,0,0,0,-0.1875
9,0,-1,-1,1,0,0.5
9,2,2,1,1,2,0.125
9,2,1,0,0,0,-0.0625
9,2,1,1,1,2,0.0
9,2,2,1,1,2,0.125
9,2,1,1,1,2,0.0
9,2,0,0,0,0,-0.125
9,2,1,0,0,0,0.0625
9,2,0,0,0,0,-0.125
9,0,-1,-1,1,0,0.5
9,2,1,1,1,2,0.0
9,2,0,0,0,0,-0.25
9,0,-1,-1,1,0,0.5
9,2,1,1,1,2,0.0
9,2,0,0,0,0,-0.1875
9,0,-1,-1,1,0,0.5
9,2,2,1,1,2,0.03125
9,2,1,0,0,0,-0.0625
9,2,1,1,1,2,0.0
9,2,2,1,1,2,0.09375
9,2,2,1,1,2,0.0625
9,2,0,0,0,0,-0.125
9,2,1,0,0,0,0.0625
9,2,1,0,0,0,0.0625
9,0,-1,-1,1,0,0.5
9,2,1,1,1,2,0.0
9,2,0,0,0,0,-0.15625
9,0,-1,-1,1,0,0.5
9,2,1,1,1,2,0.0
9,2,0,0,0,0,-0.15625
9,0,-1,-1,1,0,0.5
9,2,3,1,1,2,0.125
9,2,2,0,0,0,-0.0625
9,2,1,1,1,2,0.0
9,2,3,1,1,2,0.125
9,2,2,1,1,2,0.03125
9,2,0,0,0,0,-0.125
9,2,2,0,0,0,0.15625
9,2,1,0,0,0,-0.03125
9,0,-1,-1,1,0,0.5
9,2,2,1,1,2,0.1875
9,2,1,0,0,0,0.03125
9,0,-1,-1,1,0,0.5
9,2,2,1,1,2,0.125
9,2,1,0,0,0,0.0
9,0,-1,-1,1,0,0.5
9,2,3,1,1,2,0.1875
9,2,2,0,0,0,0.03125
9,2,2,1,1,2,0.0625
9,2,3,1,1,2,0.15625
9,2,2,1,1,2,0.0625
9,2,1,0,0,0,0.0625
9,2,2,0,0,0,0.15625
9,2,1,0,0,0,0.0625
9,2,1,1,1,2,0.0
9,2,2,1,1,2,0.0625
9,2,1,1,1,2,0.0
9,2,1,1,1,2,0.0
9,2,2,1,1,2,0.125
9,2,2,1,1,2,-0.0625
9,2,1,1,1,2,0.0
9,2,2,1,1,2,0.09375
9,2,2,1,1,2,-0.03125
9,2,2,1,1,2,-0.0625
9,2,2,1,1,2,0.03125
9,2,2,1,1,2,-0.0625
9,2,2,1,1,2,0.25
9,2,2,1,1,2,0.25
9,2,2,1,1,2,0.25
9,2,0,0,0,0,-0.1875
9,2,1,0,0,0,-0.03125
9,2,0,0,0,0,-0.1875
9,2,0,0,0,0,-0.15625
9,2,1,0,0,0,0.0
9,2,1,0,0,0,-0.0625
9,2,0,0,0,0,-0.1875
9,2,1,0,0,0,0.0625
9,2,1,0,0,0,-0.09375
9,2,1,0,0,0,-0.0625
9,2,1,0,0,0,0.03125
9,2,1,0,0,0,-0.0625
9,2,1,0,0,0,0.125
9,2,1,0,0,0,0.125
9,2,1,0,0,0,0.125
9,0,-1,-1,1,0,0.5
9,2,1,1,1,2,0.0
9,2,0,0,0,0,-0.25
9,0,-1,-1,1,0,0.5
9,2,1,1,1,2,0.0
9,2,0,0,0,0,-0.1875
9,0,-1,-1,1,0,0.5
9,2,2,1,1,2,0.125
9,2,1,0,0,0,-0.0625
9,2,1,1,1,2,0.0
9,2,2,1,1,2,0.125
9,2,1,1,1,2,0.0
9,2,0,0,0,0,-0.125
9,2,1,0,0,0,0.0625
9,2,0,0,0,0,-0.125
9,0,-1,-1,1,0,0.5
9,2,1,1,1,2,0.0
9,2,0,0,0,0,-0.25
9,0,-1,-1,1,0,0.5
9,2,1,1,1,2,0.0
9,2,0,0,0,0,-0.21875
9,0,-1,-1,1,0,0.5
9,2,2,1,1,2,0.0625
9,2,1,0,0,0,-0.15625
9,2,1,1,1,2,0.0
9,2,2,1,1,2,0.1875
9,2,1,1,1,2,0.0
9,2,0,0,0,0,-0.0625
9,2,1,0,0,0,0.15625
9,2,0,0,0,0,-0.0625
9,0,-1,-1,1,0,0.5
9,2,1,1,1,2,0.0
9,2,0,0,0,0,-0.25
9,0,-1,-1,1,0,0.5
9,2,1,1,1,2,0.0
9,2,0,0,0,0,-0.125
9,0,-1,-1,1,0,0.5
9,2,2,1,1,2,0.0625
9,2,1,0,0,0,0.0625
9,2,1,1,1,2,0.0
9,2,2,1,1,2,-0.0625
9,2,3,1,1,2,0.25
9,2,0,0,0,0,-0.1875
9,2,1,0,0,0,-0.0625
9,2,2,0,0,0,0.125
9,0,-1,-1,1,0,0.5
9,2,1,1,1,2,0.0
9,2,0,0,0,0,-0.1875
9,0,-1,-1,1,0,0.5
9,2,1,1,1,2,0.0
9,2,0,0,0,0,-0.125
9,0,-1,-1,1,0,0.5
9,2,3,1,1,2,0.0625
9,2,2,0,0,0,0.0625
9,2,1,1,1,2,0.0
9,2,3,1,1,2,-0.0625
9,2,3,1,1,2,0.25
9,2,0,0,0,0,-0.125
9,2,2,0,0,0,0.03125
9,2,2,0,0,0,0.125
9,0,-1,-1,1,0,0.5
9,2,2,1,1,2,0.125
9,2,1,0,0,0,-0.0625
9,0,-1,-1,1,0,0.5
9,2,2,1,1,2,0.09375
9,2,1,0,0,0,0.0625
9,0,-1,-1,1,0,0.5
9,2,3,1,1,2,0.09375
9,2,2,0,0,0,0.15625
9,2,2,1,1,2,0.15625
9,2,3,1,1,2,0.0625
9,2,3,1,1,2,0.25
9,2,1,0,0,0,0.09375
9,2,2,0,0,0,0.09375
9,2,2,0,0,0,0.125
9,2,1,1,1,2,0.0
9,2,2,1,1,2,0.125
9,2,1,1,1,2,0.0
9,2,1,1,1,2,0.0
9,2,2,1,1,2,0.03125
9,2,2,1,1,2,0.0625
9,2,1,1,1,2,0.0
9,2,2,1,1,2,-0.0625
9,2,2,1,1,2,0.15625
9,2,2,1,1,2,-0.03125
9,2,2,1,1,2,-0.09375
9,2,2,1,1,2,0.0625
9,2,2,1,1,2,0.125
9,2,2,1,1,2,0.1875
9,2,2,1,1,2,0.125
9,2,0,0,0,0,-0.125
9,2,1,0,0,0,0.0625
9,2,0,0,0,0,-0.125
9,2,0,0,0,0,-0.1875
9,2,1,0,0,0,-0.0625
9,2,1,0,0,0,0.0625
9,2,0,0,0,0,-0.21875
9,2,1,0,0,0,-0.0625
9,2,1,0,0,0,0.09375
9,2,1,0,0,0,-0.09375
9,2,1,0,0,0,-0.03125
9,2,1,0,0,0,0.0625
9,2,1,0,0,0,-0.0625
9,2,1,0,0,0,0.03125
9,2,1,0,0,0,-0.0625
9,0,-1,-1,1,0,0.5
9,2,1,1,1,2,0.0
9,2,0,0,0,0,-0.25
9,0,-1,-1,1,0,0.5
9,2,1,1,1,2,0.0
9,2,0,0,0,0,-0.125
9,0,-1,-1,1,0,0.5
9,2,2,1,1,2,0.0625
9,2,1,0,0,0,0.0625
9,2,1,1,1,2,0.0
9,2,2,1,1,2,-0.0625
9,2,2,1,1,2,0.25
9,2,0,0,0,0,-0.1875
9,2,1,0,0,0,-0.0625
9,2,1,0,0,0,0.125
9,0,-1,-1,1,0,0.5
9,2,1,1,1,2,0.0
9,2,0,0,0,0,-0.25
9,0,-1,-1,1,0,0.5
9,2,1,1,1,2,0.0
9,2,0,0,0,0,-0.125
9,0,-1,-1,1,0,0.5
9,2,2,1,1,2,0.03125
9,2,1,0,0,0,-0.03125
9,2,1,1,1,2,0.0
9,2,2,1,1,2,0.03125
9,2,2,1,1,2,0.25
9,2,0,0,0,0,-0.09375
9,2,1,0,0,0,0.03125
9,2,1,0,0,0,0.1875
9,0,-1,-1,1,0,0.5
9,2,1,1,1,2,0.0
9,2,0,0,0,0,-0.25
9,0,-1,-1,1,0,0.5
9,2,1,1,1,2,0.0
9,2,0,0,0,0,-0.125
9,0,-1,-1,1,0,0.5
9,2,2,1,1,2,-0.03125
9,2,1,0,0,0,0.03125
9,2,1,1,1,2,0.0
9,2,2,1,1,2,-0.09375
9,2,3,1,1,2,0.375
9,2,0,0,0,0,-0.15625
9,2,1,0,0,0,-0.03125
9,2,2,0,0,0,0.3125
9,0,-1,-1,1,0,0.5
9,2,1,1,1,2,0.0
9,2,0,0,0,0,-0.125
9,0,-1,-1,1,0,0.5
9,2,1,1,1,2,0.0
9,2,0,0,0,0,-0.0625
9,0,-1,-1,1,0,0.5
9,2,4,1,1,2,0.25
9,2,3,0,0,0,0.125
9,2,1,1,1,2,0.0
9,2,3,1,1,2,0.0625
9,2,3,1,1,2,0.125
9,2,0,0,0,0,-0.125
9,2,2,0,0,0,0.0625
9,2,2,0,0,0,-0.0625
9,0,-1,-1,1,0,0.5
9,2,2,1,1,2,0.0625
9,2,1,0,0,0,0.0625
9,0,-1,-1,1,0,0.5
9,2,2,1,1,2,0.09375
9,2,1,0,0,0,0.09375
9,0,-1,-1,1,0,0.5
9,2,4,1,1,2,0.25
9,2,3,0,0,0,0.125
9,2,2,1,1,2,0.0625
9,2,3,1,1,2,0.15625
9,2,3,1,1,2,0.25
9,2,1,0,0,0,0.0625
9,2,2,0,0,0,0.125
9,2,2,0,0,0,0.125
9,2,1,1,1,2,0.0
9,2,2,1,1,2,-0.0625
9,2,2,1,1,2,0.25
9,2,1,1,1,2,0.0
9,2,2,1,1,2,-0.03125
9,2,2,1,1,2,0.25
9,2,1,1,1,2,0.0
9,2,2,1,1,2,0.0625
9,2,2,1,1,2,0.03125
9,2,2,1,1,2,-0.0625
9,2,2,1,1,2,-0.03125
9,2,2,1,1,2,0.03125
9,2,2,1,1,2,0.25
9,2,2,1,1,2,0.125
9,2,2,1,1,2,0.0625
9,2,0,0,0,0,-0.1875
9,2,1,0,0,0,-0.0625
9,2,1,0,0,0,0.125
9,2,0,0,0,0,-0.15625
9,2,1,0,0,0,-0.09375
9,2,1,0,0,0,0.1875
9,2,0,0,0,0,-0.1875
9,2,1,0,0,0,0.0625
9,2,1,0,0,0,-0.0625
9,2,1,0,0,0,-0.0625
9,2,1,0,0,0,0.03125
9,2,1,0,0,0,-0.03125
9,2,1,0,0,0,0.125
9,2,1,0,0,0,-0.0625
9,2,1,0,0,0,-0.15625
9,0,-1,-1,1,0,0.5
9,2,1,1,1,2,0.0
9,2,0,0,0,0,-0.125
9,0,-1,-1,1,0,0.5
9,2,1,1,1,2,0.0
9,2,0,0,0,0,-0.0625
9,0,-1,-1,1,0,0.5
9,2,3,1,1,2,0.25
9,2,2,0,0,0,0.125
9,2,1,1,1,2,0.0
9,2,2,1,1,2,0.0625
9,2,2,1,1,2,0.125
9,2,0,0,0,0,-0.125
9,2,1,0,0,0,0.0625
9,2,1,0,0,0,-0.0625
9,0,-1,-1,1,0,0.5
9,2,1,1,1,2,0.0
9,2,0,0,0,0,-0.125
9,0,-1,-1,1,0,0.5
9,2,1,1,1,2,0.0
9,2,0,0,0,0,-0.09375
9,0,-1,-1,1,0,0.5
9,2,3,1,1,2,0.25
9,2,2,0,0,0,0.125
9,2,1,1,1,2,0.0
9,2,3,1,1,2,0.15625
9,2,2,1,1,2,0.125
9,2,0,0,0,0,-0.0625
9,2,2,0,0,0,0.15625
9,2,1,0,0,0,0.03125
9,0,-1,-1,1,0,0.5
9,2,1,1,1,2,0.0
9,2,0,0,0,0,-0.125
9,0,-1,-1,1,0,0.5
9,2,1,1,1,2,0.0
9,2,0,0,0,0,-0.0625
9,0,-1,-1,1,0,0.5
9,2,3,1,1,2,0.15625
9,2,2,0,0,0,0.125
9,2,1,1,1,2,0.0
9,2,3,1,1,2,0.0625
9,2,3,1,1,2,0.3125
9,2,0,0,0,0,-0.09375
9,2,2,0,0,0,0.09375
9,2,2,0,0,0,0.21875
9,0,-1,-1,1,0,0.5
9,2,1,1,1,2,0.0
9,2,0,0,0,0,-0.0625
9,0,-1,-1,1,0,0.5
9,2,1,1,1,2,0.0
9,2,0,0,0,0,-0.03125
9,0,-1,-1,1,0,0.5
9,2,4,1,1,2,0.25
9,2,3,0,0,0,0.125
9,2,1,1,1,2,0.0
9,2,3,1,1,2,0.09375
9,2,3,1,1,2,0.1875
9,2,0,0,0,0,-0.0625
9,2,2,0,0,0,0.15625
9,2,2,0,0,0,0.03125
9,0,-1,-1,1,0,0.5
9,2,3,1,1,2,0.25
9,2,2,0,0,0,0.125
9,0,-1,-1,1,0,0.5
9,2,3,1,1,2,0.25
9,2,2,0,0,0,0.1875
9,0,-1,-1,1,0,0.5
9,2,4,1,1,2,0.375
9,2,3,0,0,0,0.3125
9,2,3,1,1,2,0.25
9,2,3,1,1,2,0.25
9,2,3,1,1,2,0.25
9,2,2,0,0,0,0.125
9,2,2,0,0,0,0.1875
9,2,2,0,0,0,0.125
9,2,1,1,1,2,0.0
9,2,2,1,1,2,0.0625
9,2,2,1,1,2,0.125
9,2,1,1,1,2,0.0
9,2,2,1,1,2,0.15625
9,2,2,1,1,2,0.125
9,2,1,1,1,2,0.0
9,2,2,1,1,2,0.09375
9,2,2,1,1,2,0.125
9,2,2,1,1,2,0.0625
9,2,2,1,1,2,0.09375
9,2,2,1,1,2,0.0625
9,2,2,1,1,2,0.125
9,2,2,1,1,2,0.1875
9,2,2,1,1,2,0.125
9,2,0,0,0,0,-0.125
9,2,1,0,0,0,0.0625
9,2,1,0,0,0,-0.0625
9,2,0,0,0,0,-0.125
9,2,1,0,0,0,0.09375
9,2,1,0,0,0,0.03125
9,2,0,0,0,0,-0.125
9,2,1,0,0,0,0.0625
9,2,1,0,0,0,0.0
9,2,1,0,0,0,0.0625
9,2,1,0,0,0,0.09375
9,2,1,0,0,0,0.0625
9,2,1,0,0,0,-0.0625
9,2,1,0,0,0,0.03125
9,2,1,0,0,0,-0.0625
9,0,-1,-1,1,0,0.5
9,2,2,1,1,2,0.25
9,2,1,0,0,0,0.125
9,0,-1,-1,1,0,0.5
9,2,2,1,1,2,0.25
9,2,1,0,0,0,0.1875
9,0,-1,-1,1,0,0.5
9,2,3,1,1,2,0.375
9,2,2,0,0,0,0.3125
9,2,2,1,1,2,0.25
9,2,2,1,1,2,0.25
9,2,2,1,1,2,0.25
9,2,1,0,0,0,0.125
9,2,1,0,0,0,0.1875
9,2,1,0,0,0,0.125
9,0,-1,-1,1,0,0.5
9,2,2,1,1,2,0.25
9,2,1,0,0,0,0.125
9,0,-1,-1,1,0,0.5
9,2,2,1,1,2,0.25
9,2,1,0,0,0,0.15625
9,0,-1,-1,1,0,0.5
9,2,3,1,1,2,0.3125
9,2,2,0,0,0,0.21875
9,2,2,1,1,2,0.25
9,2,3,1,1,2,0.3125
9,2,2,1,1,2,0.25
9,2,1,0,0,0,0.1875
9,2,2,0,0,0,0.28125
9,2,1,0,0,0,0.1875
9,0,-1,-1,1,0,0.5
9,2,2,1,1,2,0.25
9,2,1,0,0,0,0.125
9,0,-1,-1,1,0,0.5
9,2,2,1,1,2,0.25
9,2,1,0,0,0,0.1875
9,0,-1,-1,1,0,0.5
9,2,3,1,1,2,0.28125
9,2,2,0,0,0,0.28125
9,2,2,1,1,2,0.25
9,2,3,1,1,2,0.21875
9,2,3,1,1,2,0.375
9,2,1,0,0,0,0.15625
9,2,2,0,0,0,0.21875
9,2,2,0,0,0,0.3125
9,0,-1,-1,1,0,0.5
9,2,2,1,1,2,0.25
9,2,1,0,0,0,0.1875
9,0,-1,-1,1,0,0.5
9,2,2,1,1,2,0.25
9,2,1,0,0,0,0.21875
9,0,-1,-1,1,0,0.5
9,2,4,1,1,2,0.375
9,2,3,0,0,0,0.3125
9,2,2,1,1,2,0.25
9,2,3,1,1,2,0.28125
9,2,3,1,1,2,0.3125
9,2,1,0,0,0,0.1875
9,2,2,0,0,0,0.28125
9,2,2,0,0,0,0.21875
9,0,-1,-1,1,0,0.5
9,2,3,1,1,2,0.375
9,2,2,0,0,0,0.3125
9,0,-1,-1,1,0,0.5
9,2,3,1,1,2,0.375
9,2,2,0,0,0,0.34375
9,0,-1,-1,1,0,0.5
9,2,4,1,1,2,0.4375
9,2,3,0,0,0,0.40625
9,2,3,1,1,2,0.375
9,2,3,1,1,2,0.375
9,2,3,1,1,2,0.375
9,2,2,0,0,0,0.3125
9,2,2,0,0,0,0.34375
9,2,2,0,0,0,0.3125
9,2,2,1,1,2,0.25
9,2,2,1,1,2,0.25
9,2,2,1,1,2,0.25
9,2,2,1,1,2,0.25
9,2,2,1,1,2,0.25
9,2,2,1,1,2,0.25
9,2,2,1,1,2,0.25
9,2,2,1,1,2,0.25
9,2,2,1,1,2,0.25
9,2,2,1,1,2,0.25
9,2,2,1,1,2,0.25
9,2,2,1,1,2,0.25
9,2,2,1,1,2,0.25
9,2,2,1,1,2,0.25
9,2,2,1,1,2,0.25
9,2,1,0,0,0,0.125
9,2,1,0,0,0,0.1875
9,2,1,0,0,0,0.125
9,2,1,0,0,0,0.125
9,2,1,0,0,0,0.15625
9,2,1,0,0,0,0.1875
9,2,1,0,0,0,0.125
9,2,1,0,0,0,0.1875
9,2,1,0,0,0,0.15625
9,2,1,0,0,0,0.1875
9,2,1,0,0,0,0.21875
9,2,1,0,0,0,0.1875
9,2,1,0,0,0,0.125
9,2,1,0,0,0,0.125
9,2,1,0,0,0,0.125
9,2,1,1,1,2,0.0
9,2,1,1,1,2,0.0
9,2,1,1,1,2,0.0
9,2,1,1,1,2,0.0
9,2,1,1,1,2,0.0
9,2,1,1,1,2,0.0
9,2,1,1,1,2,0.0
9,2,1,1,1,2,0.0
9,2,1,1,1,2,0.0
9,2,1,1,1,2,0.0
9,2,1,1,1,2,0.0
9,2,1,1,1,2,0.0
9,2,1,1,1,2,0.0
9,2,1,1,1,2,0.0
9,2,1,1,1,2,0.0
9,2,1,1,1,2,0.0
9,2,1,1,1,2,0.0
9,2,1,1,1,2,0.0
9,2,1,1,1,2,0.0
9,2,1,1,1,2,0.0
9,2,1,1,1,2,0.0
9,2,1,1,1,2,0.0
9,2,1,1,1,2,0.0
9,2,1,1,1,2,0.0
9,2,1,1,1,2,0.0
9,2,1,1,1,2,0.0
9,2,1,1,1,2,0.0
9,2,1,1,1,2,0.0
9,2,1,1,1,2,0.0
9,2,1,1,1,2,0.0
9,2,1,1,1,2,0.0
9,2,1,1,1,2,0.0
9,2,1,1,1,2,0.0
9,2,1,1,1,2,0.0
9,2,1,1,1,2,0.0
9,2,1,1,1,2,0.0
9,2,1,1,1,2,0.0
9,2,1,1,1,2,0.0
9,2,1,1,1,2,0.0
9,2,1,1,1,2,0.0
9,2,1,1,1,2,0.0
9,2,1,1,1,2,0.0
9,2,1,1,1,2,0.0
9,2,1,1,1,2,0.0
9,2,1,1,1,2,0.0
9,2,1,1,1,2,0.0
9,2,1,1,1,2,0.0
9,2,1,1,1,2,0.0
9,2,1,1,1,2,0.0
9,2,1,1,1,2,0.0
9,2,1,1,1,2,0.0
9,2,1,1,1,2,0.0
9,2,1,1,1,2,0.0
9,2,1,1,1,2,0.0
9,2,1,1,1,2,0.0
9,2,1,1,1,2,0.0
9,2,1,1,1,2,0.0
9,2,1,1,1,2,0.0
9,2,1,1,1,2,0.0
9,2,1,1,1,2,0.0
9,2,1,1,1,2,0.0
9,2,1,1,1,2,0.0
9,2,1,1,1,2,0.0
9,2,1,1,1,2,0.0
9,2,1,1,1,2,0.0
9,2,1,1,1,2,0.0
9,2,1,1,1,2,0.0
9,2,1,1,1,2,0.0
9,2,1,1,1,2,0.0
9,2,1,1,1,2,0.0
9,2,1,1,1,2,0.0
9,2,1,1,1,2,0.0
9,2,1,1,1,2,0.0
9,2,1,1,1,2,0.0
9,2,1,1,1,2,0.0
9,2,1,1,1,2,0.0
9,2,1,1,1,2,0.0
9,2,1,1,1,2,0.0
9,2,1,1,1,2,0.0
9,2,1,1,1,2,0.0
9,2,1,1,1,2,0.0
9,2,1,1,1,2,0.0
9,2,1,1,1,2,0.0
9,2,1,1,1,2,0.0
9,2,1,1,1,2,0.0
9,2,1,1,1,2,0.0
9,2,1,1,1,2,0.0
9,2,1,1,1,2,0.0
9,2,1,1,1,2,0.0
9,2,1,1,1,2,0.0
9,2,1,1,1,2,0.0
9,2,1,1,1,2,0.0
9,2,1,1,1,2,0.0
9,2,1,1,1,2,0.0
9,2,1,1,1,2,0.0
9,2,1,1,1,2,0.0
9,2,1,1,1,2,0.0
9,2,1,1,1,2,0.0
9,2,1,1,1,2,0.0
9,2,1,1,1,2,0.0
9,2,1,1,1,2,0.0
9,2,1,1,1,2,0.0
9,2,1,1,1,2,0.0
9,2,1,1,1,2,0.0
9,2,1,1,1,2,0.0
9,2,0,0,0,0,-0.25
9,2,0,0,0,0,-0.125
9,2,0,0,0,0,-0.25
9,2,0,0,0,0,-0.25
9,2,0,0,0,0,-0.1875
9,2,0,0,0,0,-0.125
9,2,0,0,0,0,-0.25
9,2,0,0,0,0,-0.125
9,2,0,0,0,0,-0.1875
9,2,0,0,0,0,-0.125
9,2,0,0,0,0,-0.0625
9,2,0,0,0,0,-0.125
9,2,0,0,0,0,-0.25
9,2,0,0,0,0,-0.25
9,2,0,0,0,0,-0.25
9,2,0,0,0,0,-0.25
9,2,0,0,0,0,-0.125
9,2,0,0,0,0,-0.25
9,2,0,0,0,0,-0.25
9,2,0,0,0,0,-0.15625
9,2,0,0,0,0,-0.1875
9,2,0,0,0,0,-0.25
9,2,0,0,0,0,-0.125
9,2,0,0,0,0,-0.21875
9,2,0,0,0,0,-0.1875
9,2,0,0,0,0,-0.09375
9,2,0,0,0,0,-0.1875
9,2,0,0,0,0,-0.125
9,2,0,0,0,0,-0.125
9,2,0,0,0,0,-0.125
9,2,0,0,0,0,-0.25
9,2,0,0,0,0,-0.125
9,2,0,0,0,0,-0.25
9,2,0,0,0,0,-0.25
9,2,0,0,0,0,-0.1875
9,2,0,0,0,0,-0.125
9,2,0,0,0,0,-0.25
9,2,0,0,0,0,-0.1875
9,2,0,0,0,0,-0.125
9,2,0,0,0,0,-0.15625
9,2,0,0,0,0,-0.15625
9,2,0,0,0,0,-0.125
9,2,0,0,0,0,-0.1875
9,2,0,0,0,0,-0.15625
9,2,0,0,0,0,-0.1875
9,2,0,0,0,0,-0.25
9,2,0,0,0,0,-0.1875
9,2,0,0,0,0,-0.125
9,2,0,0,0,0,-0.25
9,2,0,0,0,0,-0.21875
9,2,0,0,0,0,-0.0625
9,2,0,0,0,0,-0.25
9,2,0,0,0,0,-0.125
9,2,0,0,0,0,-0.1875
9,2,0,0,0,0,-0.1875
9,2,0,0,0,0,-0.125
9,2,0,0,0,0,-0.125
9,2,0,0,0,0,-0.125
9,2,0,0,0,0,-0.1875
9,2,0,0,0,0,-0.21875
9,2,0,0,0,0,-0.25
9,2,0,0,0,0,-0.125
9,2,0,0,0,0,-0.1875
9,2,0,0,0,0,-0.25
9,2,0,0,0,0,-0.125
9,2,0,0,0,0,-0.09375
9,2,0,0,0,0,-0.25
9,2,0,0,0,0,-0.125
9,2,0,0,0,0,-0.15625
9,2,0,0,0,0,-0.125
9,2,0,0,0,0,-0.0625
9,2,0,0,0,0,-0.125
9,2,0,0,0,0,-0.1875
9,2,0,0,0,0,-0.15625
9,2,0,0,0,0,-0.1875
9,2,0,0,0,0,-0.125
9,2,0,0,0,0,-0.0625
9,2,0,0,0,0,-0.125
9,2,0,0,0,0,-0.125
9,2,0,0,0,0,-0.09375
9,2,0,0,0,0,-0.0625
9,2,0,0,0,0,-0.125
9,2,0,0,0,0,-0.0625
9,2,0,0,0,0,-0.09375
9,2,0,0,0,0,-0.0625
9,2,0,0,0,0,-0.03125
9,2,0,0,0,0,-0.0625
9,2,0,0,0,0,-0.125
9,2,0,0,0,0,-0.125
9,2,0,0,0,0,-0.125
9,2,0,0,0,0,-0.25
9,2,0,0,0,0,-0.25
9,2,0,0,0,0,-0.25
9,2,0,0,0,0,-0.25
9,2,0,0,0,0,-0.25
9,2,0,0,0,0,-0.25
9,2,0,0,0,0,-0.25
9,2,0,0,0,0,-0.25
9,2,0,0,0,0,-0.25
9,2,0,0,0,0,-0.25
9,2,0,0,0,0,-0.25
9,2,0,0,0,0,-0.25
9,2,0,0,0,0,-0.25
9,2,0,0,0,0,-0.25
9,2,0,0,0,0,-0.25
10,1,0,0,1,0,0.0
10,1,1,0,1,0,0.25
10,1,0,0,1,0,0.0
10,1,0,0,1,0,0.0
10,1,1,0,1,0,0.125
10,1,1,0,1,0,0.25
10,1,0,0,1,0,0.0
10,1,2,0,1,0,0.25
10,1,1,0,1,0,0.125
10,1,1,0,1,0,0.25
10,1,2,0,1,0,0.375
10,1,1,0,1,0,0.25
10,1,0,0,1,0,0.0
10,1,0,0,1,0,0.0
10,1,0,0,1,0,0.0
10,1,0,0,1,0,0.0
10,1,1,0,1,0,0.25
10,1,0,0,1,0,0.0
10,1,0,0,1,0,0.0
10,1,1,0,1,0,0.1875
10,1,1,0,1,0,0.125
10,1,0,0,1,0,0.0
10,1,2,0,1,0,0.25
10,1,1,0,1,0,0.0625
10,1,1,0,1,0,0.125
10,1,2,0,1,0,0.3125
10,1,1,0,1,0,0.125
10,1,1,0,1,0,0.25
10,1,1,0,1,0,0.25
10,1,1,0,1,0,0.25
10,1,0,0,1,0,0.0
10,1,1,0,1,0,0.25
10,1,0,0,1,0,0.0
10,1,0,0,1,0,0.0
10,1,1,0,1,0,0.125
10,1,2,0,1,0,0.25
10,1,0,0,1,0,0.0
10,1,2,0,1,0,0.125
10,1,2,0,1,0,0.25
10,1,1,0,1,0,0.1875
10,1,2,0,1,0,0.1875
10,1,2,0,1,0,0.25
10,1,1,0,1,0,0.125
10,1,1,0,1,0,0.1875
10,1,1,0,1,0,0.125
10,1,0,0,1,0,0.0
10,1,1,0,1,0,0.125
10,1,1,0,1,0,0.25
10,1,0,0,1,0,0.0
10,1,1,0,1,0,0.0625
10,1,2,0,1,0,0.375
10,1,0,0,1,0,0.0
10,1,3,0,1,0,0.25
10,1,2,0,1,0,0.125
10,1,1,0,1,0,0.125
10,1,3,0,1,0,0.25
10,1,2,0,1,0,0.25
10,1,1,0,1,0,0.25
10,1,1,0,1,0,0.125
10,1,1,0,1,0,0.0625
10,1,0,0,1,0,0.0
10,1,2,0,1,0,0.25
10,1,1,0,1,0,0.125
10,1,0,0,1,0,0.0
10,1,2,0,1,0,0.25
10,1,2,0,1,0,0.3125
10,1,0,0,1,0,0.0
10,1,3,0,1,0,0.25
10,1,2,0,1,0,0.1875
10,1,2,0,1,0,0.25
10,1,3,0,1,0,0.375
10,1,2,0,1,0,0.25
10,1,1,0,1,0,0.125
10,1,1,0,1,0,0.1875
10,1,1,0,1,0,0.125
10,1,1,0,1,0,0.25
10,1,2,0,1,0,0.375
10,1,1,0,1,0,0.25
10,1,1,0,1,0,0.25
10,1,2,0,1,0,0.3125
10,1,2,0,1,0,0.375
10,1,1,0,1,0,0.25
10,1,3,0,1,0,0.375
10,1,2,0,1,0,0.3125
10,1,2,0,1,0,0.375
10,1,3,0,1,0,0.4375
10,1,2,0,1,0,0.375
10,1,1,0,1,0,0.25
10,1,1,0,1,0,0.25
10,1,1,0,1,0,0.25
10,1,0,0,1,0,0.0
10,1,0,0,1,0,0.0
10,1,0,0,1,0,0.0
10,1,0,0,1,0,0.0
10,1,0,0,1,0,0.0
10,1,0,0,1,0,0.0
10,1,0,0,1,0,0.0
10,1,0,0,1,0,0.0
10,1,0,0,1,0,0.0
10,1,0,0,1,0,0.0
10,1,0,0,1,0,0.0
10,1,0,0,1,0,0.0
10,1,0,0,1,0,0.0
10,1,0,0,1,0,0.0
10,1,0,0,1,0,0.0
10,1,0,0,1,0,0.0
10,1,1,0,1,0,0.25
10,1,0,0,1,0,0.0
10,1,0,0,1,0,0.0
10,1,1,0,1,0,0.125
10,1,1,0,1,0,0.25
10,1,0,0,1,0,0.0
10,1,2,0,1,0,0.25
10,1,1,0,1,0,0.125
10,1,1,0,1,0,0.25
10,1,2,0,1,0,0.375
10,1,1,0,1,0,0.25
10,1,0,0,1,0,0.0
10,1,0,0,1,0,0.0
10,1,0,0,1,0,0.0
10,1,0,0,1,0,0.0
10,1,1,0,1,0,0.25
10,1,0,0,1,0,0.0
10,1,0,0,1,0,0.0
10,1,1,0,1,0,0.15625
10,1,1,0,1,0,0.1875
10,1,0,0,1,0,0.0
10,1,2,0,1,0,0.25
10,1,1,0,1,0,0.09375
10,1,1,0,1,0,0.1875
10,1,2,0,1,0,0.34375
10,1,1,0,1,0,0.1875
10,1,1,0,1,0,0.125
10,1,1,0,1,0,0.125
10,1,1,0,1,0,0.125
10,1,0,0,1,0,0.0
10,1,1,0,1,0,0.25
10,1,0,0,1,0,0.0
10,1,0,0,1,0,0.0
10,1,1,0,1,0,0.125
10,1,2,0,1,0,0.25
10,1,0,0,1,0,0.0
10,1,2,0,1,0,0.1875
10,1,2,0,1,0,0.1875
10,1,1,0,1,0,0.21875
10,1,2,0,1,0,0.28125
10,1,2,0,1,0,0.25
10,1,1,0,1,0,0.0625
10,1,1,0,1,0,0.09375
10,1,1,0,1,0,0.0625
10,1,0,0,1,0,0.0
10,1,1,0,1,0,0.1875
10,1,1,0,1,0,0.125
10,1,0,0,1,0,0.0
10,1,1,0,1,0,0.09375
10,1,2,0,1,0,0.3125
10,1,0,0,1,0,0.0
10,1,3,0,1,0,0.25
10,1,2,0,1,0,0.125
10,1,1,0,1,0,0.1875
10,1,3,0,1,0,0.3125
10,1,2,0,1,0,0.25
10,1,1,0,1,0,0.125
10,1,1,0,1,0,0.0625
10,1,1,0,1,0,0.03125
10,1,0,0,1,0,0.0
10,1,2,0,1,0,0.25
10,1,1,0,1,0,0.0625
10,1,0,0,1,0,0.0
10,1,2,0,1,0,0.1875
10,1,2,0,1,0,0.28125
10,1,0,0,1,0,0.0
10,1,3,0,1,0,0.25
10,1,2,0,1,0,0.15625
10,1,2,0,1,0,0.25
10,1,3,0,1,0,0.375
10,1,2,0,1,0,0.25
10,1,1,0,1,0,0.0625
10,1,1,0,1,0,0.09375
10,1,1,0,1,0,0.0625
10,1,1,0,1,0,0.125
10,1,2,0,1,0,0.3125
10,1,1,0,1,0,0.125
10,1,1,0,1,0,0.125
10,1,2,0,1,0,0.21875
10,1,2,0,1,0,0.3125
10,1,1,0,1,0,0.125
10,1,3,0,1,0,0.3125
10,1,2,0,1,0,0.21875
10,1,2,0,1,0,0.3125
10,1,3,0,1,0,0.40625
10,1,2,0,1,0,0.3125
10,1,1,0,1,0,0.125
10,1,1,0,1,0,0.125
10,1,1,0,1,0,0.125
10,1,1,0,1,0,0.25
10,1,1,0,1,0,0.25
10,1,1,0,1,0,0.25
10,1,1,0,1,0,0.25
10,1,1,0,1,0,0.25
10,1,1,0,1,0,0.25
10,1,1,0,1,0,0.25
10,1,1,0,1,0,0.25
10,1,1,0,1,0,0.25
10,1,1,0,1,0,0.25
10,1,1,0,1,0,0.25
10,1,1,0,1,0,0.25
10,1,1,0,1,0,0.25
10,1,1,0,1,0,0.25
10,1,1,0,1,0,0.25
10,1,0,0,1,0,0.0
10,1,1,0,1,0,0.25
10,1,0,0,1,0,0.0
10,1,0,0,1,0,0.0
10,1,1,0,1,0,0.125
10,1,1,0,1,0,0.25
10,1,0,0,1,0,0.0
10,1,2,0,1,0,0.25
10,1,1,0,1,0,0.125
10,1,1,0,1,0,0.25
10,1,2,0,1,0,0.375
10,1,1,0,1,0,0.25
10,1,0,0,1,0,0.0
10,1,0,0,1,0,0.0
10,1,0,0,1,0,0.0
10,1,0,0,1,0,0.0
10,1,1,0,1,0,0.25
10,1,0,0,1,0,0.0
10,1,0,0,1,0,0.0
10,1,1,0,1,0,0.1875
10,1,1,0,1,0,0.125
10,1,0,0,1,0,0.0
10,1,2,0,1,0,0.25
10,1,1,0,1,0,0.0625
10,1,1,0,1,0,0.125
10,1,2,0,1,0,0.3125
10,1,1,0,1,0,0.125
10,1,2,0,1,0,0.25
10,1,2,0,1,0,0.25
10,1,2,0,1,0,0.25
10,1,0,0,1,0,0.0
10,1,1,0,1,0,0.25
10,1,0,0,1,0,0.0
10,1,0,0,1,0,0.0
10,1,1,0,1,0,0.1875
10,1,2,0,1,0,0.125
10,1,0,0,1,0,0.0
10,1,2,0,1,0,0.21875
10,1,2,0,1,0,0.125
10,1,1,0,1,0,0.125
10,1,2,0,1,0,0.21875
10,1,2,0,1,0,0.125
10,1,2,0,1,0,0.25
10,1,2,0,1,0,0.25
10,1,2,0,1,0,0.25
10,1,0,0,1,0,0.0
10,1,1,0,1,0,0.15625
10,1,1,0,1,0,0.1875
10,1,0,0,1,0,0.0
10,1,1,0,1,0,0.15625
10,1,2,0,1,0,0.1875
10,1,0,0,1,0,0.0
10,1,3,0,1,0,0.25
10,1,2,0,1,0,0.0625
10,1,1,0,1,0,0.125
10,1,3,0,1,0,0.21875
10,1,2,0,1,0,0.125
10,1,2,0,1,0,0.25
10,1,2,0,1,0,0.25
10,1,2,0,1,0,0.25
10,1,0,0,1,0,0.0
10,1,2,0,1,0,0.25
10,1,1,0,1,0,0.09375
10,1,0,0,1,0,0.0
10,1,2,0,1,0,0.28125
10,1,2,0,1,0,0.15625
10,1,0,0,1,0,0.0
10,1,3,0,1,0,0.25
10,1,2,0,1,0,0.09375
10,1,2,0,1,0,0.125
10,1,3,0,1,0,0.3125
10,1,2,0,1,0,0.125
10,1,2,0,1,0,0.25
10,1,2,0,1,0,0.25
10,1,2,0,1,0,0.25
10,1,1,0,1,0,0.1875
10,1,2,0,1,0,0.34375
10,1,1,0,1,0,0.1875
10,1,1,0,1,0,0.15625
10,1,2,0,1,0,0.28125
10,1,2,0,1,0,0.1875
10,1,1,0,1,0,0.1875
10,1,3,0,1,0,0.28125
10,1,2,0,1,0,0.15625
10,1,2,0,1,0,0.1875
10,1,3,0,1,0,0.34375
10,1,2,0,1,0,0.1875
10,1,2,0,1,0,0.25
10,1,2,0,1,0,0.25
10,1,2,0,1,0,0.25
10,1,1,0,1,0,0.125
10,1,1,0,1,0,0.125
10,1,1,0,1,0,0.125
10,1,1,0,1,0,0.1875
10,1,1,0,1,0,0.15625
10,1,1,0,1,0,0.1875
10,1,1,0,1,0,0.125
10,1,1,0,1,0,0.1875
10,1,1,0,1,0,0.21875
10,1,1,0,1,0,0.1875
10,1,1,0,1,0,0.15625
10,1,1,0,1,0,0.1875
10,1,1,0,1,0,0.125
10,1,1,0,1,0,0.125
10,1,1,0,1,0,0.125
10,1,0,0,1,0,0.0
10,1,1,0,1,0,0.25
10,1,0,0,1,0,0.0
10,1,0,0,1,0,0.0
10,1,1,0,1,0,0.1875
10,1,1,0,1,0,0.125
10,1,0,0,1,0,0.0
10,1,2,0,1,0,0.25
10,1,1,0,1,0,0.0625
10,1,1,0,1,0,0.125
10,1,2,0,1,0,0.3125
10,1,1,0,1,0,0.125
10,1,1,0,1,0,0.25
10,1,1,0,1,0,0.25
10,1,1,0,1,0,0.25
10,1,0,0,1,0,0.0
10,1,1,0,1,0,0.25
10,1,0,0,1,0,0.0
10,1,0,0,1,0,0.0
10,1,1,0,1,0,0.21875
10,1,1,0,1,0,0.0625
10,1,0,0,1,0,0.0
10,1,2,0,1,0,0.25
10,1,1,0,1,0,0.03125
10,1,1,0,1,0,0.0625
10,1,2,0,1,0,0.28125
10,1,1,0,1,0,0.0625
10,1,2,0,1,0,0.375
10,1,2,0,1,0,0.375
10,1,2,0,1,0,0.375
10,1,0,0,1,0,0.0
10,1,1,0,1,0,0.25
10,1,0,0,1,0,0.0
10,1,0,0,1,0,0.0
10,1,1,0,1,0,0.125
10,1,3,0,1,0,0.25
10,1,0,0,1,0,0.0
10,1,2,0,1,0,0.125
10,1,3,0,1,0,0.25
10,1,1,0,1,0,0.1875
10,1,2,0,1,0,0.1875
10,1,3,0,1,0,0.25
10,1,2,0,1,0,0.125
10,1,2,0,1,0,0.1875
10,1,2,0,1,0,0.125
10,1,0,0,1,0,0.0
10,1,1,0,1,0,0.1875
10,1,1,0,1,0,0.125
10,1,0,0,1,0,0.0
10,1,1,0,1,0,0.125
10,1,3,0,1,0,0.25
10,1,0,0,1,0,0.0
10,1,3,0,1,0,0.125
10,1,3,0,1,0,0.25
10,1,1,0,1,0,0.125
10,1,3,0,1,0,0.125
10,1,3,0,1,0,0.25
10,1,2,0,1,0,0.25
10,1,2,0,1,0,0.21875
10,1,2,0,1,0,0.125
10,1,0,0,1,0,0.0
10,1,2,0,1,0,0.25
10,1,1,0,1,0,0.0625
10,1,0,0,1,0,0.0
10,1,2,0,1,0,0.21875
10,1,3,0,1,0,0.25
10,1,0,0,1,0,0.0
10,1,3,0,1,0,0.125
10,1,3,0,1,0,0.25
10,1,2,0,1,0,0.1875
10,1,3,0,1,0,0.1875
10,1,3,0,1,0,0.25
10,1,2,0,1,0,0.1875
10,1,2,0,1,0,0.28125
10,1,2,0,1,0,0.125
10,1,1,0,1,0,0.125
10,1,2,0,1,0,0.3125
10,1,1,0,1,0,0.125
10,1,1,0,1,0,0.1875
10,1,2,0,1,0,0.21875
10,1,3,0,1,0,0.25
10,1,1,0,1,0,0.21875
10,1,3,0,1,0,0.1875
10,1,3,0,1,0,0.25
10,1,2,0,1,0,0.28125
10,1,3,0,1,0,0.21875
10,1,3,0,1,0,0.25
10,1,2,0,1,0,0.25
10,1,2,0,1,0,0.25
10,1,2,0,1,0,0.25
10,1,1,0,1,0,0.25
10,1,1,0,1,0,0.25
10,1,1,0,1,0,0.25
10,1,1,0,1,0,0.125
10,1,1,0,1,0,0.125
10,1,1,0,1,0,0.125
10,1,1,0,1,0,0.0625
10,1,1,0,1,0,0.1875
10,1,1,0,1,0,0.125
10,1,1,0,1,0,0.09375
10,1,1,0,1,0,0.15625
10,1,1,0,1,0,0.125
10,1,1,0,1,0,0.0625
10,1,1,0,1,0,0.09375
10,1,1,0,1,0,0.0625
10,1,0,0,1,0,0.0
10,1,1,0,1,0,0.25
10,1,0,0,1,0,0.0
10,1,0,0,1,0,0.0
10,1,1,0,1,0,0.125
10,1,2,0,1,0,0.25
10,1,0,0,1,0,0.0
10,1,2,0,1,0,0.125
10,1,2,0,1,0,0.25
10,1,1,0,1,0,0.1875
10,1,2,0,1,0,0.1875
10,1,2,0,1,0,0.25
10,1,1,0,1,0,0.125
10,1,1,0,1,0,0.1875
10,1,1,0,1,0,0.125
10,1,0,0,1,0,0.0
10,1,1,0,1,0,0.25
10,1,0,0,1,0,0.0
10,1,0,0,1,0,0.0
10,1,1,0,1,0,0.125
10,1,2,0,1,0,0.25
10,1,0,0,1,0,0.0
10,1,2,0,1,0,0.125
10,1,2,0,1,0,0.25
10,1,1,0,1,0,0.09375
10,1,2,0,1,0,0.15625
10,1,2,0,1,0,0.25
10,1,2,0,1,0,0.3125
10,1,2,0,1,0,0.34375
10,1,2,0,1,0,0.3125
10,1,0,0,1,0,0.0
10,1,1,0,1,0,0.25
10,1,0,0,1,0,0.0
10,1,0,0,1,0,0.0
10,1,1,0,1,0,0.125
10,1,3,0,1,0,0.25
10,1,0,0,1,0,0.0
10,1,2,0,1,0,0.0625
10,1,3,0,1,0,0.3125
10,1,1,0,1,0,0.15625
10,1,2,0,1,0,0.09375
10,1,3,0,1,0,0.25
10,1,2,0,1,0,0.1875
10,1,2,0,1,0,0.28125
10,1,2,0,1,0,0.1875
10,1,0,0,1,0,0.0
10,1,1,0,1,0,0.125
10,1,2,0,1,0,0.25
10,1,0,0,1,0,0.0
10,1,1,0,1,0,0.0625
10,1,3,0,1,0,0.375
10,1,0,0,1,0,0.0
10,1,4,0,1,0,0.25
10,1,3,0,1,0,0.125
10,1,1,0,1,0,0.125
10,1,4,0,1,0,0.25
10,1,3,0,1,0,0.25
10,1,2,0,1,0,0.25
10,1,2,0,1,0,0.125
10,1,2,0,1,0,0.0625
10,1,0,0,1,0,0.0
10,1,2,0,1,0,0.125
10,1,2,0,1,0,0.25
10,1,0,0,1,0,0.0
10,1,2,0,1,0,0.125
10,1,3,0,1,0,0.375
10,1,0,0,1,0,0.0
10,1,4,0,1,0,0.25
10,1,3,0,1,0,0.125
10,1,2,0,1,0,0.125
10,1,4,0,1,0,0.25
10,1,3,0,1,0,0.25
10,1,2,0,1,0,0.25
10,1,2,0,1,0,0.21875
10,1,2,0,1,0,0.125
10,1,1,0,1,0,0.1875
10,1,2,0,1,0,0.1875
10,1,2,0,1,0,0.25
10,1,1,0,1,0,0.15625
10,1,2,0,1,0,0.15625
10,1,3,0,1,0,0.375
10,1,1,0,1,0,0.1875
10,1,4,0,1,0,0.25
10,1,3,0,1,0,0.21875
10,1,2,0,1,0,0.1875
10,1,4,0,1,0,0.25
10,1,3,0,1,0,0.3125
10,1,2,0,1,0,0.25
10,1,2,0,1,0,0.25
10,1,2,0,1,0,0.25
10,1,1,0,1,0,0.125
10,1,1,0,1,0,0.1875
10,1,1,0,1,0,0.125
10,1,1,0,1,0,0.1875
10,1,1,0,1,0,0.21875
10,1,1,0,1,0,0.1875
10,1,1,0,1,0,0.125
10,1,1,0,1,0,0.125
10,1,1,0,1,0,0.125
10,1,1,0,1,0,0.1875
10,1,1,0,1,0,0.125
10,1,1,0,1,0,0.0625
10,1,1,0,1,0,0.125
10,1,1,0,1,0,0.0625
10,1,1,0,1,0,0.03125
10,1,0,0,1,0,0.0
10,1,1,0,1,0,0.125
10,1,1,0,1,0,0.25
10,1,0,0,1,0,0.0
10,1,1,0,1,0,0.0625
10,1,2,0,1,0,0.375
10,1,0,0,1,0,0.0
10,1,3,0,1,0,0.25
10,1,2,0,1,0,0.125
10,1,1,0,1,0,0.125
10,1,3,0,1,0,0.25
10,1,2,0,1,0,0.25
10,1,1,0,1,0,0.25
10,1,1,0,1,0,0.125
10,1,1,0,1,0,0.0625
10,1,0,0,1,0,0.0
10,1,1,0,1,0,0.125
10,1,1,0,1,0,0.25
10,1,0,0,1,0,0.0
10,1,1,0,1,0,0.09375
10,1,2,0,1,0,0.3125
10,1,0,0,1,0,0.0
10,1,3,0,1,0,0.25
10,1,2,0,1,0,0.125
10,1,1,0,1,0,0.0625
10,1,3,0,1,0,0.25
10,1,2,0,1,0,0.1875
10,1,2,0,1,0,0.375
10,1,2,0,1,0,0.3125
10,1,2,0,1,0,0.28125
10,1,0,0,1,0,0.0
10,1,1,0,1,0,0.125
10,1,1,0,1,0,0.25
10,1,0,0,1,0,0.0
10,1,1,0,1,0,0.0625
10,1,3,0,1,0,0.375
10,1,0,0,1,0,0.0
10,1,3,0,1,0,0.25
10,1,3,0,1,0,0.21875
10,1,1,0,1,0,0.09375
10,1,3,0,1,0,0.25
10,1,3,0,1,0,0.25
10,1,2,0,1,0,0.3125
10,1,2,0,1,0,0.21875
10,1,2,0,1,0,0.15625
10,1,0,0,1,0,0.0
10,1,1,0,1,0,0.0625
10,1,2,0,1,0,0.375
10,1,0,0,1,0,0.0
10,1,1,0,1,0,0.03125
10,1,3,0,1,0,0.4375
10,1,0,0,1,0,0.0
10,1,4,0,1,0,0.25
10,1,3,0,1,0,0.125
10,1,1,0,1,0,0.0625
10,1,4,0,1,0,0.1875
10,1,3,0,1,0,0.25
10,1,2,0,1,0,0.375
10,1,2,0,1,0,0.1875
10,1,2,0,1,0,0.09375
10,1,0,0,1,0,0.0
10,1,3,0,1,0,0.25
10,1,2,0,1,0,0.125
10,1,0,0,1,0,0.0
10,1,3,0,1,0,0.25
10,1,3,0,1,0,0.3125
10,1,0,0,1,0,0.0
10,1,4,0,1,0,0.25
10,1,3,0,1,0,0.1875
10,1,3,0,1,0,0.25
10,1,4,0,1,0,0.375
10,1,3,0,1,0,0.25
10,1,2,0,1,0,0.125
10,1,2,0,1,0,0.1875
10,1,2,0,1,0,0.125
10,1,1,0,1,0,0.125
10,1,3,0,1,0,0.25
10,1,2,0,1,0,0.25
10,1,1,0,1,0,0.125
10,1,3,0,1,0,0.25
10,1,3,0,1,0,0.375
10,1,1,0,1,0,0.125
10,1,4,0,1,0,0.28125
10,1,3,0,1,0,0.28125
10,1,3,0,1,0,0.25
10,1,4,0,1,0,0.375
10,1,3,0,1,0,0.25
10,1,2,0,1,0,0.25
10,1,2,0,1,0,0.25
10,1,2,0,1,0,0.25
10,1,1,0,1,0,0.25
10,1,1,0,1,0,0.125
10,1,1,0,1,0,0.0625
10,1,1,0,1,0,0.25
10,1,1,0,1,0,0.125
10,1,1,0,1,0,0.09375
10,1,1,0,1,0,0.25
10,1,1,0,1,0,0.1875
10,1,1,0,1,0,0.15625
10,1,1,0,1,0,0.125
10,1,1,0,1,0,0.125
10,1,1,0,1,0,0.125
10,1,1,0,1,0,0.0625
10,1,1,0,1,0,0.09375
10,1,1,0,1,0,0.0625
10,1,0,0,1,0,0.0
10,1,2,0,1,0,0.25
10,1,1,0,1,0,0.125
10,1,0,0,1,0,0.0
10,1,2,0,1,0,0.25
10,1,2,0,1,0,0.3125
10,1,0,0,1,0,0.0
10,1,3,0,1,0,0.25
10,1,2,0,1,0,0.1875
10,1,2,0,1,0,0.25
10,1,3,0,1,0,0.375
10,1,2,0,1,0,0.25
10,1,1,0,1,0,0.125
10,1,1,0,1,0,0.1875
10,1,1,0,1,0,0.125
10,1,0,0,1,0,0.0
10,1,2,0,1,0,0.25
10,1,1,0,1,0,0.125
10,1,0,0,1,0,0.0
10,1,2,0,1,0,0.25
10,1,2,0,1,0,0.21875
10,1,0,0,1,0,0.0
10,1,3,0,1,0,0.25
10,1,2,0,1,0,0.15625
10,1,2,0,1,0,0.25
10,1,3,0,1,0,0.375
10,1,2,0,1,0,0.25
10,1,2,0,1,0,0.3125
10,1,2,0,1,0,0.34375
10,1,2,0,1,0,0.3125
10,1,0,0,1,0,0.0
10,1,2,0,1,0,0.25
10,1,1,0,1,0,0.125
10,1,0,0,1,0,0.0
10,1,2,0,1,0,0.25
10,1,3,0,1,0,0.3125
10,1,0,0,1,0,0.0
10,1,3,0,1,0,0.21875
10,1,3,0,1,0,0.28125
10,1,2,0,1,0,0.25
10,1,3,0,1,0,0.28125
10,1,3,0,1,0,0.25
10,1,2,0,1,0,0.21875
10,1,2,0,1,0,0.28125
10,1,2,0,1,0,0.1875
10,1,0,0,1,0,0.0
10,1,2,0,1,0,0.25
10,1,2,0,1,0,0.3125
10,1,0,0,1,0,0.0
10,1,2,0,1,0,0.25
10,1,3,0,1,0,0.40625
10,1,0,0,1,0,0.0
10,1,4,0,1,0,0.25
10,1,3,0,1,0,0.1875
10,1,2,0,1,0,0.25
10,1,4,0,1,0,0.28125
10,1,3,0,1,0,0.25
10,1,2,0,1,0,0.3125
10,1,2,0,1,0,0.21875
10,1,2,0,1,0,0.15625
10,1,0,0,1,0,0.0
10,1,3,0,1,0,0.25
10,1,2,0,1,0,0.1875
10,1,0,0,1,0,0.0
10,1,3,0,1,0,0.3125
10,1,3,0,1,0,0.34375
10,1,0,0,1,0,0.0
10,1,4,0,1,0,0.25
10,1,3,0,1,0,0.21875
10,1,3,0,1,0,0.25
10,1,4,0,1,0,0.375
10,1,3,0,1,0,0.25
10,1,2,0,1,0,0.1875
10,1,2,0,1,0,0.28125
10,1,2,0,1,0,0.1875
10,1,2,0,1,0,0.25
10,1,3,0,1,0,0.375
10,1,2,0,1,0,0.25
10,1,2,0,1,0,0.25
10,1,3,0,1,0,0.3125
10,1,3,0,1,0,0.375
10,1,2,0,1,0,0.25
10,1,4,0,1,0,0.375
10,1,3,0,1,0,0.3125
10,1,3,0,1,0,0.375
10,1,4,0,1,0,0.4375
10,1,3,0,1,0,0.375
10,1,2,0,1,0,0.25
10,1,2,0,1,0,0.25
10,1,2,0,1,0,0.25
10,1,1,0,1,0,0.125
10,1,1,0,1,0,0.1875
10,1,1,0,1,0,0.125
10,1,1,0,1,0,0.125
10,1,1,0,1,0,0.15625
10,1,1,0,1,0,0.1875
10,1,1,0,1,0,0.125
10,1,1,0,1,0,0.1875
10,1,1,0,1,0,0.15625
10,1,1,0,1,0,0.1875
10,1,1,0,1,0,0.21875
10,1,1,0,1,0,0.1875
10,1,1,0,1,0,0.125
10,1,1,0,1,0,0.125
10,1,1,0,1,0,0.125
10,1,1,0,1,0,0.25
10,1,2,0,1,0,0.375
10,1,1,0,1,0,0.25
10,1,1,0,1,0,0.25
10,1,2,0,1,0,0.3125
10,1,2,0,1,0,0.375
10,1,1,0,1,0,0.25
10,1,3,0,1,0,0.375
10,1,2,0,1,0,0.3125
10,1,2,0,1,0,0.375
10,1,3,0,1,0,0.4375
10,1,2,0,1,0,0.375
10,1,1,0,1,0,0.25
10,1,1,0,1,0,0.25
10,1,1,0,1,0,0.25
10,1,1,0,1,0,0.25
10,1,2,0,1,0,0.375
10,1,1,0,1,0,0.25
10,1,1,0,1,0,0.25
10,1,2,0,1,0,0.34375
10,1,2,0,1,0,0.3125
10,1,1,0,1,0,0.25
10,1,3,0,1,0,0.375
10,1,2,0,1,0,0.28125
10,1,2,0,1,0,0.3125
10,1,3,0,1,0,0.40625
10,1,2,0,1,0,0.3125
10,1,2,0,1,0,0.375
10,1,2,0,1,0,0.375
10,1,2,0,1,0,0.375
10,1,1,0,1,0,0.25
10,1,2,0,1,0,0.375
10,1,1,0,1,0,0.25
10,1,1,0,1,0,0.25
10,1,2,0,1,0,0.3125
10,1,3,0,1,0,0.375
10,1,1,0,1,0,0.25
10,1,3,0,1,0,0.3125
10,1,3,0,1,0,0.375
10,1,2,0,1,0,0.34375
10,1,3,0,1,0,0.34375
10,1,3,0,1,0,0.375
10,1,2,0,1,0,0.3125
10,1,2,0,1,0,0.34375
10,1,2,0,1,0,0.3125
10,1,1,0,1,0,0.25
10,1,2,0,1,0,0.3125
10,1,2,0,1,0,0.375
10,1,1,0,1,0,0.25
10,1,2,0,1,0,0.28125
10,1,3,0,1,0,0.4375
10,1,1,0,1,0,0.25
10,1,4,0,1,0,0.375
10,1,3,0,1,0,0.3125
10,1,2,0,1,0,0.3125
10,1,4,0,1,0,0.375
10,1,3,0,1,0,0.375
10,1,2,0,1,0,0.375
10,1,2,0,1,0,0.3125
10,1,2,0,1,0,0.28125
10,1,1,0,1,0,0.25
10,1,3,0,1,0,0.375
10,1,2,0,1,0,0.3125
10,1,1,0,1,0,0.25
10,1,3,0,1,0,0.375
10,1,3,0,1,0,0.40625
10,1,1,0,1,0,0.25
10,1,4,0,1,0,0.375
10,1,3,0,1,0,0.34375
10,1,3,0,1,0,0.375
10,1,4,0,1,0,0.4375
10,1,3,0,1,0,0.375
10,1,2,0,1,0,0.3125
10,1,2,0,1,0,0.34375
10,1,2,0,1,0,0.3125
10,1,2,0,1,0,0.375
10,1,3,0,1,0,0.4375
10,1,2,0,1,0,0.375
10,1,2,0,1,0,0.375
10,1,3,0,1,0,0.40625
10,1,3,0,1,0,0.4375
10,1,2,0,1,0,0.375
10,1,4,0,1,0,0.4375
10,1,3,0,1,0,0.40625
10,1,3,0,1,0,0.4375
10,1,4,0,1,0,0.46875
10,1,3,0,1,0,0.4375
10,1,2,0,1,0,0.375
10,1,2,0,1,0,0.375
10,1,2,0,1,0,0.375
10,1,1,0,1,0,0.25
10,1,1,0,1,0,0.25
10,1,1,0,1,0,0.25
10,1,1,0,1,0,0.25
10,1,1,0,1,0,0.25
10,1,1,0,1,0,0.25
10,1,1,0,1,0,0.25
10,1,1,0,1,0,0.25
10,1,1,0,1,0,0.25
10,1,1,0,1,0,0.25
10,1,1,0,1,0,0.25
10,1,1,0,1,0,0.25
10,1,1,0,1,0,0.25
10,1,1,0,1,0,0.25
10,1,1,0,1,0,0.25
10,1,0,0,1,0,0.0
10,1,0,0,1,0,0.0
10,1,0,0,1,0,0.0
10,1,0,0,1,0,0.0
10,1,0,0,1,0,0.0
10,1,0,0,1,0,0.0
10,1,0,0,1,0,0.0
10,1,0,0,1,0,0.0
10,1,0,0,1,0,0.0
10,1,0,0,1,0,0.0
10,1,0,0,1,0,0.0
10,1,0,0,1,0,0.0
10,1,0,0,1,0,0.0
10,1,0,0,1,0,0.0
10,1,0,0,1,0,0.0
10,1,0,0,1,0,0.0
10,1,0,0,1,0,0.0
10,1,0,0,1,0,0.0
10,1,0,0,1,0,0.0
10,1,0,0,1,0,0.0
10,1,0,0,1,0,0.0
10,1,0,0,1,0,0.0
10,1,0,0,1,0,0.0
10,1,0,0,1,0,0.0
10,1,0,0,1,0,0.0
10,1,0,0,1,0,0.0
10,1,0,0,1,0,0.0
10,1,0,0,1,0,0.0
10,1,0,0,1,0,0.0
10,1,0,0,1,0,0.0
10,1,0,0,1,0,0.0
10,1,0,0,1,0,0.0
10,1,0,0,1,0,0.0
10,1,0,0,1,0,0.0
10,1,0,0,1,0,0.0
10,1,0,0,1,0,0.0
10,1,0,0,1,0,0.0
10,1,0,0,1,0,0.0
10,1,0,0,1,0,0.0
10,1,0,0,1,0,0.0
10,1,0,0,1,0,0.0
10,1,0,0,1,0,0.0
10,1,0,0,1,0,0.0
10,1,0,0,1,0,0.0
10,1,0,0,1,0,0.0
10,1,0,0,1,0,0.0
10,1,0,0,1,0,0.0
10,1,0,0,1,0,0.0
10,1,0,0,1,0,0.0
10,1,0,0,1,0,0.0
10,1,0,0,1,0,0.0
10,1,0,0,1,0,0.0
10,1,0,0,1,0,0.0
10,1,0,0,1,0,0.0
10,1,0,0,1,0,0.0
10,1,0,0,1,0,0.0
10,1,0,0,1,0,0.0
10,1,0,0,1,0,0.0
10,1,0,0,1,0,0.0
10,1,0,0,1,0,0.0
10,1,0,0,1,0,0.0
10,1,0,0,1,0,0.0
10,1,0,0,1,0,0.0
10,1,0,0,1,0,0.0
10,1,0,0,1,0,0.0
10,1,0,0,1,0,0.0
10,1,0,0,1,0,0.0
10,1,0,0,1,0,0.0
10,1,0,0,1,0,0.0
10,1,0,0,1,0,0.0
10,1,0,0,1,0,0.0
10,1,0,0,1,0,0.0
10,1,0,0,1,0,0.0
10,1,0,0,1,0,0.0
10,1,0,0,1,0,0.0
10,1,0,0,1,0,0.0
10,1,0,0,1,0,0.0
10,1,0,0,1,0,0.0
10,1,0,0,1,0,0.0
10,1,0,0,1,0,0.0
10,1,0,0,1,0,0.0
10,1,0,0,1,0,0.0
10,1,0,0,1,0,0.0
10,1,0,0,1,0,0.0
10,1,0,0,1,0,0.0
10,1,0,0,1,0,0.0
10,1,0,0,1,0,0.0
10,1,0,0,1,0,0.0
10,1,0,0,1,0,0.0
10,1,0,0,1,0,0.0
10,1,0,0,1,0,0.0
10,1,0,0,1,0,0.0
10,1,0,0,1,0,0.0
10,1,0,0,1,0,0.0
10,1,0,0,1,0,0.0
10,1,0,0,1,0,0.0
10,1,0,0,1,0,0.0
10,1,0,0,1,0,0.0
10,1,0,0,1,0,0.0
10,1,0,0,1,0,0.0
10,1,0,0,1,0,0.0
10,1,0,0,1,0,0.0
10,1,0,0,1,0,0.0
10,1,0,0,1,0,0.0
10,1,0,0,1,0,0.0
11,0,-1,-1,1,0,0.5
11,0,-1,-1,1,0,0.5
11,0,-1,-1,1,0,0.5
11,0,-1,-1,1,0,0.5
11,0,-1,-1,1,0,0.5
11,0,-1,-1,1,0,0.5
11,0,-1,-1,1,0,0.5
11,0,-1,-1,1,0,0.5
11,0,-1,-1,1,0,0.5
11,0,-1,-1,1,0,0.5
11,0,-1,-1,1,0,0.5
11,0,-1,-1,1,0,0.5
11,0,-1,-1,1,0,0.5
11,0,-1,-1,1,0,0.5
11,0,-1,-1,1,0,0.5
11,0,-1,-1,1,0,0.5
11,0,-1,-1,1,0,0.5
11,0,-1,-1,1,0,0.5
11,0,-1,-1,1,0,0.5
11,0,-1,-1,1,0,0.5
11,0,-1,-1,1,0,0.5
11,0,-1,-1,1,0,0.5
11,0,-1,-1,1,0,0.5
11,0,-1,-1,1,0,0.5
11,0,-1,-1,1,0,0.5
11,0,-1,-1,1,0,0.5
11,0,-1,-1,1,0,0.5
11,0,-1,-1,1,0,0.5
11,0,-1,-1,1,0,0.5
11,0,-1,-1,1,0,0.5
11,0,-1,-1,1,0,0.5
11,0,-1,-1,1,0,0.5
11,0,-1,-1,1,0,0.5
11,0,-1,-1,1,0,0.5
11,0,-1,-1,1,0,0.5
11,0,-1,-1,1,0,0.5
11,0,-1,-1,1,0,0.5
11,0,-1,-1,1,0,0.5
11,0,-1,-1,1,0,0.5
11,0,-1,-1,1,0,0.5
11,0,-1,-1,1,0,0.5
11,0,-1,-1,1,0,0.5
11,0,-1,-1,1,0,0.5
11,0,-1,-1,1,0,0.5
11,0,-1,-1,1,0,0.5
11,0,-1,-1,1,0,0.5
11,0,-1,-1,1,0,0.5
11,0,-1,-1,1,0,0.5
11,0,-1,-1,1,0,0.5
11,0,-1,-1,1,0,0.5
11,0,-1,-1,1,0,0.5
11,0,-1,-1,1,0,0.5
11,0,-1,-1,1,0,0.5
11,0,-1,-1,1,0,0.5
11,0,-1,-1,1,0,0.5
11,0,-1,-1,1,0,0.5
11,0,-1,-1,1,0,0.5
11,0,-1,-1,1,0,0.5
11,0,-1,-1,1,0,0.5
11,0,-1,-1,1,0,0.5
11,0,-1,-1,1,0,0.5
11,0,-1,-1,1,0,0.5
11,0,-1,-1,1,0,0.5
11,0,-1,-1,1,0,0.5
11,0,-1,-1,1,0,0.5
11,0,-1,-1,1,0,0.5
11,0,-1,-1,1,0,0.5
11,0,-1,-1,1,0,0.5
11,0,-1,-1,1,0,0.5
11,0,-1,-1,1,0,0.5
11,0,-1,-1,1,0,0.5
11,0,-1,-1,1,0,0.5
11,0,-1,-1,1,0,0.5
11,0,-1,-1,1,0,0.5
11,0,-1,-1,1,0,0.5
11,0,-1,-1,1,0,0.5
11,0,-1,-1,1,0,0.5
11,0,-1,-1,1,0,0.5
11,0,-1,-1,1,0,0.5
11,0,-1,-1,1,0,0.5
11,0,-1,-1,1,0,0.5
11,0,-1,-1,1,0,0.5
11,0,-1,-1,1,0,0.5
11,0,-1,-1,1,0,0.5
11,0,-1,-1,1,0,0.5
11,0,-1,-1,1,0,0.5
11,0,-1,-1,1,0,0.5
11,0,-1,-1,1,0,0.5
11,0,-1,-1,1,0,0.5
11,0,-1,-1,1,0,0.5
11,0,-1,-1,1,0,0.5
11,0,-1,-1,1,0,0.5
11,0,-1,-1,1,0,0.5
11,0,-1,-1,1,0,0.5
11,0,-1,-1,1,0,0.5
11,0,-1,-1,1,0,0.5
11,0,-1,-1,1,0,0.5
11,0,-1,-1,1,0,0.5
11,0,-1,-1,1,0,0.5
11,0,-1,-1,1,0,0.5
11,0,-1,-1,1,0,0.5
11,0,-1,-1,1,0,0.5
11,0,-1,-1,1,0,0.5
11,0,-1,-1,1,0,0.5
11,0,-1,-1,1,0,0.5
11,0,-1,-1,1,0,0.5
11,0,-1,-1,1,0,0.5
11,0,-1,-1,1,0,0.5
11,0,-1,-1,1,0,0.5
11,0,-1,-1,1,0,0.5
11,0,-1,-1,1,0,0.5
11,0,-1,-1,1,0,0.5
11,0,-1,-1,1,0,0.5
11,0,-1,-1,1,0,0.5
11,0,-1,-1,1,0,0.5
11,0,-1,-1,1,0,0.5
11,0,-1,-1,1,0,0.5
11,0,-1,-1,1,0,0.5
11,0,-1,-1,1,0,0.5
11,0,-1,-1,1,0,0.5
11,0,-1,-1,1,0,0.5
11,0,-1,-1,1,0,0.5
11,0,-1,-1,1,0,0.5
11,0,-1,-1,1,0,0.5
11,0,-1,-1,1,0,0.5
11,0,-1,-1,1,0,0.5
11,0,-1,-1,1,0,0.5
11,0,-1,-1,1,0,0.5
11,0,-1,-1,1,0,0.5
11,0,-1,-1,1,0,0.5
11,0,-1,-1,1,0,0.5
11,0,-1,-1,1,0,0.5
11,0,-1,-1,1,0,0.5
11,0,-1,-1,1,0,0.5
11,0,-1,-1,1,0,0.5
11,0,-1,-1,1,0,0.5
11,0,-1,-1,1,0,0.5
11,0,-1,-1,1,0,0.5
11,0,-1,-1,1,0,0.5
11,0,-1,-1,1,0,0.5
11,0,-1,-1,1,0,0.5
11,0,-1,-1,1,0,0.5
11,0,-1,-1,1,0,0.5
11,0,-1,-1,1,0,0.5
11,0,-1,-1,1,0,0.5
11,0,-1,-1,1,0,0.5
11,0,-1,-1,1,0,0.5
11,0,-1,-1,1,0,0.5
11,0,-1,-1,1,0,0.5
11,0,-1,-1,1,0,0.5
11,0,-1,-1,1,0,0.5
11,0,-1,-1,1,0,0.5
11,0,-1,-1,1,0,0.5
11,0,-1,-1,1,0,0.5
11,0,-1,-1,1,0,0.5
11,0,-1,-1,1,0,0.5
11,0,-1,-1,1,0,0.5
11,0,-1,-1,1,0,0.5
11,0,-1,-1,1,0,0.5
11,0,-1,-1,1,0,0.5
11,0,-1,-1,1,0,0.5
11,0,-1,-1,1,0,0.5
11,0,-1,-1,1,0,0.5
11,0,-1,-1,1,0,0.5
11,0,-1,-1,1,0,0.5
11,0,-1,-1,1,0,0.5
11,0,-1,-1,1,0,0.5
11,0,-1,-1,1,0,0.5
11,0,-1,-1,1,0,0.5
11,0,-1,-1,1,0,0.5
11,0,-1,-1,1,0,0.5
11,0,-1,-1,1,0,0.5
11,0,-1,-1,1,0,0.5
11,0,-1,-1,1,0,0.5
11,0,-1,-1,1,0,0.5
11,0,-1,-1,1,0,0.5
11,0,-1,-1,1,0,0.5
11,0,-1,-1,1,0,0.5
11,0,-1,-1,1,0,0.5
11,0,-1,-1,1,0,0.5
11,0,-1,-1,1,0,0.5
11,0,-1,-1,1,0,0.5
11,0,-1,-1,1,0,0.5
11,0,-1,-1,1,0,0.5
11,0,-1,-1,1,0,0.5
11,0,-1,-1,1,0,0.5
11,0,-1,-1,1,0,0.5
11,0,-1,-1,1,0,0.5
11,0,-1,-1,1,0,0.5
11,0,-1,-1,1,0,0.5
11,0,-1,-1,1,0,0.5
11,0,-1,-1,1,0,0.5
11,0,-1,-1,1,0,0.5
11,0,-1,-1,1,0,0.5
11,0,-1,-1,1,0,0.5
11,0,-1,-1,1,0,0.5
11,0,-1,-1,1,0,0.5
11,0,-1,-1,1,0,0.5
11,0,-1,-1,1,0,0.5
11,0,-1,-1,1,0,0.5
11,0,-1,-1,1,0,0.5
11,0,-1,-1,1,0,0.5
11,0,-1,-1,1,0,0.5
11,0,-1,-1,1,0,0.5
11,0,-1,-1,1,0,0.5
11,0,-1,-1,1,0,0.5
11,0,-1,-1,1,0,0.5
11,0,-1,-1,1,0,0.5
11,0,-1,-1,1,0,0.5
11,0,-1,-1,1,0,0.5
11,0,-1,-1,1,0,0.5
11,0,-1,-1,1,0,0.5
11,0,-1,-1,1,0,0.5
11,0,-1,-1,1,0,0.5
11,0,-1,-1,1,0,0.5
11,0,-1,-1,1,0,0.5
11,0,-1,-1,1,0,0.5
11,0,-1,-1,1,0,0.5
11,0,-1,-1,1,0,0.5
11,0,-1,-1,1,0,0.5
11,0,-1,-1,1,0,0.5
11,0,-1,-1,1,0,0.5
11,0,-1,-1,1,0,0.5
11,0,-1,-1,1,0,0.5
11,0,-1,-1,1,0,0.5
11,0,-1,-1,1,0,0.5
11,0,-1,-1,1,0,0.5
11,0,-1,-1,1,0,0.5
11,0,-1,-1,1,0,0.5
11,0,-1,-1,1,0,0.5
11,0,-1,-1,1,0,0.5
11,0,-1,-1,1,0,0.5
11,0,-1,-1,1,0,0.5
11,0,-1,-1,1,0,0.5
11,0,-1,-1,1,0,0.5
11,0,-1,-1,1,0,0.5
11,0,-1,-1,1,0,0.5
11,0,-1,-1,1,0,0.5
11,0,-1,-1,1,0,0.5
11,0,-1,-1,1,0,0.5
11,0,-1,-1,1,0,0.5
11,0,-1,-1,1,0,0.5
11,0,-1,-1,1,0,0.5
11,0,-1,-1,1,0,0.5
11,0,-1,-1,1,0,0.5
11,0,-1,-1,1,0,0.5
11,0,-1,-1,1,0,0.5
11,0,-1,-1,1,0,0.5
11,0,-1,-1,1,0,0.5
11,0,-1,-1,1,0,0.5
11,0,-1,-1,1,0,0.5
11,0,-1,-1,1,0,0.5
11,0,-1,-1,1,0,0.5
11,0,-1,-1,1,0,0.5
11,0,-1,-1,1,0,0.5
11,0,-1,-1,1,0,0.5
11,0,-1,-1,1,0,0.5
11,0,-1,-1,1,0,0.5
11,0,-1,-1,1,0,0.5
11,0,-1,-1,1,0,0.5
11,0,-1,-1,1,0,0.5
11,0,-1,-1,1,0,0.5
11,0,-1,-1,1,0,0.5
11,0,-1,-1,1,0,0.5
11,0,-1,-1,1,0,0.5
11,0,-1,-1,1,0,0.5
11,0,-1,-1,1,0,0.5
11,0,-1,-1,1,0,0.5
11,0,-1,-1,1,0,0.5
11,0,-1,-1,1,0,0.5
11,0,-1,-1,1,0,0.5
11,0,-1,-1,1,0,0.5
11,0,-1,-1,1,0,0.5
11,0,-1,-1,1,0,0.5
11,0,-1,-1,1,0,0.5
11,0,-1,-1,1,0,0.5
11,0,-1,-1,1,0,0.5
11,0,-1,-1,1,0,0.5
11,0,-1,-1,1,0,0.5
11,0,-1,-1,1,0,0.5
11,0,-1,-1,1,0,0.5
11,0,-1,-1,1,0,0.5
11,0,-1,-1,1,0,0.5
11,0,-1,-1,1,0,0.5
11,0,-1,-1,1,0,0.5
11,0,-1,-1,1,0,0.5
11,0,-1,-1,1,0,0.5
11,0,-1,-1,1,0,0.5
11,0,-1,-1,1,0,0.5
11,0,-1,-1,1,0,0.5
11,0,-1,-1,1,0,0.5
11,0,-1,-1,1,0,0.5
11,0,-1,-1,1,0,0.5
11,0,-1,-1,1,0,0.5
11,0,-1,-1,1,0,0.5
11,0,-1,-1,1,0,0.5
11,0,-1,-1,1,0,0.5
11,0,-1,-1,1,0,0.5
11,0,-1,-1,1,0,0.5
11,0,-1,-1,1,0,0.5
11,0,-1,-1,1,0,0.5
11,0,-1,-1,1,0,0.5
11,0,-1,-1,1,0,0.5
11,0,-1,-1,1,0,0.5
11,0,-1,-1,1,0,0.5
11,0,-1,-1,1,0,0.5
11,0,-1,-1,1,0,0.5
11,0,-1,-1,1,0,0.5
11,0,-1,-1,1,0,0.5
11,0,-1,-1,1,0,0.5
11,0,-1,-1,1,0,0.5
11,0,-1,-1,1,0,0.5
11,0,-1,-1,1,0,0.5
11,0,-1,-1,1,0,0.5
11,0,-1,-1,1,0,0.5
11,0,-1,-1,1,0,0.5
11,0,-1,-1,1,0,0.5
11,0,-1,-1,1,0,0.5
11,0,-1,-1,1,0,0.5
11,0,-1,-1,1,0,0.5
11,0,-1,-1,1,0,0.5
11,0,-1,-1,1,0,0.5
11,0,-1,-1,1,0,0.5
11,0,-1,-1,1,0,0.5
11,0,-1,-1,1,0,0.5
11,0,-1,-1,1,0,0.5
11,0,-1,-1,1,0,0.5
11,0,-1,-1,1,0,0.5
11,0,-1,-1,1,0,0.5
11,0,-1,-1,1,0,0.5
11,0,-1,-1,1,0,0.5
11,0,-1,-1,1,0,0.5
11,0,-1,-1,1,0,0.5
11,0,-1,-1,1,0,0.5
11,0,-1,-1,1,0,0.5
11,0,-1,-1,1,0,0.5
11,0,-1,-1,1,0,0.5
11,0,-1,-1,1,0,0.5
11,0,-1,-1,1,0,0.5
11,0,-1,-1,1,0,0.5
11,0,-1,-1,1,0,0.5
11,0,-1,-1,1,0,0.5
11,0,-1,-1,1,0,0.5
11,0,-1,-1,1,0,0.5
11,0,-1,-1,1,0,0.5
11,0,-1,-1,1,0,0.5
11,0,-1,-1,1,0,0.5
11,0,-1,-1,1,0,0.5
11,0,-1,-1,1,0,0.5
11,0,-1,-1,1,0,0.5
11,0,-1,-1,1,0,0.5
11,0,-1,-1,1,0,0.5
11,0,-1,-1,1,0,0.5
11,0,-1,-1,1,0,0.5
11,0,-1,-1,1,0,0.5
11,0,-1,-1,1,0,0.5
11,0,-1,-1,1,0,0.5
11,0,-1,-1,1,0,0.5
11,0,-1,-1,1,0,0.5
11,0,-1,-1,1,0,0.5
11,0,-1,-1,1,0,0.5
11,0,-1,-1,1,0,0.5
11,0,-1,-1,1,0,0.5
11,0,-1,-1,1,0,0.5
11,0,-1,-1,1,0,0.5
11,0,-1,-1,1,0,0.5
11,0,-1,-1,1,0,0.5
11,0,-1,-1,1,0,0.5
11,0,-1,-1,1,0,0.5
11,0,-1,-1,1,0,0.5
11,0,-1,-1,1,0,0.5
11,0,-1,-1,1,0,0.5
11,0,-1,-1,1,0,0.5
11,0,-1,-1,1,0,0.5
11,0,-1,-1,1,0,0.5
11,0,-1,-1,1,0,0.5
11,0,-1,-1,1,0,0.5
11,0,-1,-1,1,0,0.5
11,0,-1,-1,1,0,0.5
11,0,-1,-1,1,0,0.5
11,0,-1,-1,1,0,0.5
11,0,-1,-1,1,0,0.5
11,0,-1,-1,1,0,0.5
11,0,-1,-1,1,0,0.5
11,0,-1,-1,1,0,0.5
11,0,-1,-1,1,0,0.5
11,0,-1,-1,1,0,0.5
11,0,-1,-1,1,0,0.5
11,0,-1,-1,1,0,0.5
11,0,-1,-1,1,0,0.5
11,0,-1,-1,1,0,0.5
11,0,-1,-1,1,0,0.5
11,0,-1,-1,1,0,0.5
11,0,-1,-1,1,0,0.5
11,0,-1,-1,1,0,0.5
11,0,-1,-1,1,0,0.5
11,0,-1,-1,1,0,0.5
11,0,-1,-1,1,0,0.5
11,0,-1,-1,1,0,0.5
11,0,-1,-1,1,0,0.5
11,0,-1,-1,1,0,0.5
11,0,-1,-1,1,0,0.5
11,0,-1,-1,1,0,0.5
11,0,-1,-1,1,0,0.5
11,0,-1,-1,1,0,0.5
11,0,-1,-1,1,0,0.5
11,0,-1,-1,1,0,0.5
11,0,-1,-1,1,0,0.5
11,0,-1,-1,1,0,0.5
11,0,-1,-1,1,0,0.5
11,0,-1,-1,1,0,0.5
11,0,-1,-1,1,0,0.5
11,0,-1,-1,1,0,0.5
11,0,-1,-1,1,0,0.5
11,0,-1,-1,1,0,0.5
11,0,-1,-1,1,0,0.5
11,0,-1,-1,1,0,0.5
11,0,-1,-1,1,0,0.5
11,0,-1,-1,1,0,0.5
11,0,-1,-1,1,0,0.5
11,0,-1,-1,1,0,0.5
11,0,-1,-1,1,0,0.5
11,0,-1,-1,1,0,0.5
11,0,-1,-1,1,0,0.5
11,0,-1,-1,1,0,0.5
11,0,-1,-1,1,0,0.5
11,0,-1,-1,1,0,0.5
11,0,-1,-1,1,0,0.5
11,0,-1,-1,1,0,0.5
11,0,-1,-1,1,0,0.5
11,0,-1,-1,1,0,0.5
11,0,-1,-1,1,0,0.5
11,0,-1,-1,1,0,0.5
11,0,-1,-1,1,0,0.5
11,0,-1,-1,1,0,0.5
11,0,-1,-1,1,0,0.5
11,0,-1,-1,1,0,0.5
11,0,-1,-1,1,0,0.5
11,0,-1,-1,1,0,0.5
11,0,-1,-1,1,0,0.5
11,0,-1,-1,1,0,0.5
11,0,-1,-1,1,0,0.5
11,0,-1,-1,1,0,0.5
11,0,-1,-1,1,0,0.5
11,0,-1,-1,1,0,0.5
11,0,-1,-1,1,0,0.5
11,0,-1,-1,1,0,0.5
11,0,-1,-1,1,0,0.5
11,0,-1,-1,1,0,0.5
11,0,-1,-1,1,0,0.5
11,0,-1,-1,1,0,0.5
11,0,-1,-1,1,0,0.5
11,0,-1,-1,1,0,0.5
11,0,-1,-1,1,0,0.5
11,0,-1,-1,1,0,0.5
11,0,-1,-1,1,0,0.5
11,0,-1,-1,1,0,0.5
11,0,-1,-1,1,0,0.5
11,0,-1,-1,1,0,0.5
11,0,-1,-1,1,0,0.5
11,0,-1,-1,1,0,0.5
11,0,-1,-1,1,0,0.5
11,0,-1,-1,1,0,0.5
11,0,-1,-1,1,0,0.5
11,0,-1,-1,1,0,0.5
11,0,-1,-1,1,0,0.5
11,0,-1,-1,1,0,0.5
11,0,-1,-1,1,0,0.5
11,0,-1,-1,1,0,0.5
11,0,-1,-1,1,0,0.5
11,0,-1,-1,1,0,0.5
11,0,-1,-1,1,0,0.5
11,0,-1,-1,1,0,0.5
11,0,-1,-1,1,0,0.5
11,0,-1,-1,1,0,0.5
11,0,-1,-1,1,0,0.5
11,0,-1,-1,1,0,0.5
11,0,-1,-1,1,0,0.5
11,0,-1,-1,1,0,0.5
11,0,-1,-1,1,0,0.5
11,0,-1,-1,1,0,0.5
11,0,-1,-1,1,0,0.5
11,0,-1,-1,1,0,0.5
11,0,-1,-1,1,0,0.5
11,0,-1,-1,1,0,0.5
11,0,-1,-1,1,0,0.5
11,0,-1,-1,1,0,0.5
11,0,-1,-1,1,0,0.5
11,0,-1,-1,1,0,0.5
11,0,-1,-1,1,0,0.5
11,0,-1,-1,1,0,0.5
11,0,-1,-1,1,0,0.5
11,0,-1,-1,1,0,0.5
11,0,-1,-1,1,0,0.5
11,0,-1,-1,1,0,0.5
11,0,-1,-1,1,0,0.5
11,0,-1,-1,1,0,0.5
11,0,-1,-1,1,0,0.5
11,0,-1,-1,1,0,0.5
11,0,-1,-1,1,0,0.5
11,0,-1,-1,1,0,0.5
11,0,-1,-1,1,0,0.5
11,0,-1,-1,1,0,0.5
11,0,-1,-1,1,0,0.5
11,0,-1,-1,1,0,0.5
11,0,-1,-1,1,0,0.5
11,0,-1,-1,1,0,0.5
11,0,-1,-1,1,0,0.5
11,0,-1,-1,1,0,0.5
11,0,-1,-1,1,0,0.5
11,0,-1,-1,1,0,0.5
11,0,-1,-1,1,0,0.5
11,0,-1,-1,1,0,0.5
11,0,-1,-1,1,0,0.5
11,0,-1,-1,1,0,0.5
11,0,-1,-1,1,0,0.5
11,0,-1,-1,1,0,0.5
11,0,-1,-1,1,0,0.5
11,0,-1,-1,1,0,0.5
11,0,-1,-1,1,0,0.5
11,0,-1,-1,1,0,0.5
11,0,-1,-1,1,0,0.5
11,0,-1,-1,1,0,0.5
11,0,-1,-1,1,0,0.5
11,0,-1,-1,1,0,0.5
11,0,-1,-1,1,0,0.5
11,0,-1,-1,1,0,0.5
11,0,-1,-1,1,0,0.5
11,0,-1,-1,1,0,0.5
11,0,-1,-1,1,0,0.5
11,0,-1,-1,1,0,0.5
11,0,-1,-1,1,0,0.5
11,0,-1,-1,1,0,0.5
11,0,-1,-1,1,0,0.5
11,0,-1,-1,1,0,0.5
11,0,-1,-1,1,0,0.5
11,0,-1,-1,1,0,0.5
11,0,-1,-1,1,0,0.5
11,0,-1,-1,1,0,0.5
11,0,-1,-1,1,0,0.5
11,0,-1,-1,1,0,0.5
11,0,-1,-1,1,0,0.5
11,0,-1,-1,1,0,0.5
11,0,-1,-1,1,0,0.5
11,0,-1,-1,1,0,0.5
11,0,-1,-1,1,0,0.5
11,0,-1,-1,1,0,0.5
11,0,-1,-1,1,0,0.5
11,0,-1,-1,1,0,0.5
11,0,-1,-1,1,0,0.5
11,0,-1,-1,1,0,0.5
11,0,-1,-1,1,0,0.5
11,0,-1,-1,1,0,0.5
11,0,-1,-1,1,0,0.5
11,0,-1,-1,1,0,0.5
11,0,-1,-1,1,0,0.5
11,0,-1,-1,1,0,0.5
11,0,-1,-1,1,0,0.5
11,0,-1,-1,1,0,0.5
11,0,-1,-1,1,0,0.5
11,0,-1,-1,1,0,0.5
11,0,-1,-1,1,0,0.5
11,0,-1,-1,1,0,0.5
11,0,-1,-1,1,0,0.5
11,0,-1,-1,1,0,0.5
11,0,-1,-1,1,0,0.5
11,0,-1,-1,1,0,0.5
11,0,-1,-1,1,0,0.5
11,0,-1,-1,1,0,0.5
11,0,-1,-1,1,0,0.5
11,0,-1,-1,1,0,0.5
11,0,-1,-1,1,0,0.5
11,0,-1,-1,1,0,0.5
11,0,-1,-1,1,0,0.5
11,0,-1,-1,1,0,0.5
11,0,-1,-1,1,0,0.5
11,0,-1,-1,1,0,0.5
11,0,-1,-1,1,0,0.5
11,0,-1,-1,1,0,0.5
11,0,-1,-1,1,0,0.5
11,0,-1,-1,1,0,0.5
11,0,-1,-1,1,0,0.5
11,0,-1,-1,1,0,0.5
11,0,-1,-1,1,0,0.5
11,0,-1,-1,1,0,0.5
11,0,-1,-1,1,0,0.5
11,0,-1,-1,1,0,0.5
11,0,-1,-1,1,0,0.5
11,0,-1,-1,1,0,0.5
11,0,-1,-1,1,0,0.5
11,0,-1,-1,1,0,0.5
11,0,-1,-1,1,0,0.5
11,0,-1,-1,1,0,0.5
11,0,-1,-1,1,0,0.5
11,0,-1,-1,1,0,0.5
11,0,-1,-1,1,0,0.5
11,0,-1,-1,1,0,0.5
11,0,-1,-1,1,0,0.5
11,0,-1,-1,1,0,0.5
11,0,-1,-1,1,0,0.5
11,0,-1,-1,1,0,0.5
11,0,-1,-1,1,0,0.5
11,0,-1,-1,1,0,0.5
11,0,-1,-1,1,0,0.5
11,0,-1,-1,1,0,0.5
11,0,-1,-1,1,0,0.5
11,0,-1,-1,1,0,0.5
11,0,-1,-1,1,0,0.5
11,0,-1,-1,1,0,0.5
11,0,-1,-1,1,0,0.5
11,0,-1,-1,1,0,0.5
11,0,-1,-1,1,0,0.5
11,0,-1,-1,1,0,0.5
11,0,-1,-1,1,0,0.5
11,0,-1,-1,1,0,0.5
11,0,-1,-1,1,0,0.5
11,0,-1,-1,1,0,0.5
11,0,-1,-1,1,0,0.5
11,0,-1,-1,1,0,0.5
11,0,-1,-1,1,0,0.5
11,0,-1,-1,1,0,0.5
11,0,-1,-1,1,0,0.5
11,0,-1,-1,1,0,0.5
11,0,-1,-1,1,0,0.5
11,0,-1,-1,1,0,0.5
11,0,-1,-1,1,0,0.5
11,0,-1,-1,1,0,0.5
11,0,-1,-1,1,0,0.5
11,0,-1,-1,1,0,0.5
11,0,-1,-1,1,0,0.5
11,0,-1,-1,1,0,0.5
11,0,-1,-1,1,0,0.5
11,0,-1,-1,1,0,0.5
11,0,-1,-1,1,0,0.5
11,0,-1,-1,1,0,0.5
11,0,-1,-1,1,0,0.5
11,0,-1,-1,1,0,0.5
11,0,-1,-1,1,0,0.5
11,0,-1,-1,1,0,0.5
11,0,-1,-1,1,0,0.5
11,0,-1,-1,1,0,0.5
11,0,-1,-1,1,0,0.5
11,0,-1,-1,1,0,0.5
11,0,-1,-1,1,0,0.5
11,0,-1,-1,1,0,0.5
11,0,-1,-1,1,0,0.5
11,0,-1,-1,1,0,0.5
11,0,-1,-1,1,0,0.5
11,0,-1,-1,1,0,0.5
11,0,-1,-1,1,0,0.5
11,0,-1,-1,1,0,0.5
11,0,-1,-1,1,0,0.5
11,0,-1,-1,1,0,0.5
11,0,-1,-1,1,0,0.5
11,0,-1,-1,1,0,0.5
11,0,-1,-1,1,0,0.5
11,0,-1,-1,1,0,0.5
11,0,-1,-1,1,0,0.5
11,0,-1,-1,1,0,0.5
11,0,-1,-1,1,0,0.5
11,0,-1,-1,1,0,0.5
11,0,-1,-1,1,0,0.5
11,0,-1,-1,1,0,0.5
11,0,-1,-1,1,0,0.5
11,0,-1,-1,1,0,0.5
11,0,-1,-1,1,0,0.5
11,0,-1,-1,1,0,0.5
11,0,-1,-1,1,0,0.5
11,0,-1,-1,1,0,0.5
11,0,-1,-1,1,0,0.5
11,0,-1,-1,1,0,0.5
11,0,-1,-1,1,0,0.5
11,0,-1,-1,1,0,0.5
11,0,-1,-1,1,0,0.5
11,0,-1,-1,1,0,0.5
11,0,-1,-1,1,0,0.5
11,0,-1,-1,1,0,0.5
11,0,-1,-1,1,0,0.5
11,0,-1,-1,1,0,0.5
11,0,-1,-1,1,0,0.5
11,0,-1,-1,1,0,0.5
11,0,-1,-1,1,0,0.5
11,0,-1,-1,1,0,0.5
11,0,-1,-1,1,0,0.5
11,0,-1,-1,1,0,0.5
11,0,-1,-1,1,0,0.5
11,0,-1,-1,1,0,0.5
11,0,-1,-1,1,0,0.5
11,0,-1,-1,1,0,0.5
11,0,-1,-1,1,0,0.5
11,0,-1,-1,1,0,0.5
11,0,-1,-1,1,0,0.5
11,0,-1,-1,1,0,0.5
11,0,-1,-1,1,0,0.5
11,0,-1,-1,1,0,0.5
11,0,-1,-1,1,0,0.5
11,0,-1,-1,1,0,0.5
11,0,-1,-1,1,0,0.5
11,0,-1,-1,1,0,0.5
11,0,-1,-1,1,0,0.5
11,0,-1,-1,1,0,0.5
11,0,-1,-1,1,0,0.5
11,0,-1,-1,1,0,0.5
11,0,-1,-1,1,0,0.5
11,0,-1,-1,1,0,0.5
11,0,-1,-1,1,0,0.5
11,0,-1,-1,1,0,0.5
11,0,-1,-1,1,0,0.5
11,0,-1,-1,1,0,0.5
11,0,-1,-1,1,0,0.5
11,0,-1,-1,1,0,0.5
11,0,-1,-1,1,0,0.5
11,0,-1,-1,1,0,0.5
11,0,-1,-1,1,0,0.5
11,0,-1,-1,1,0,0.5
11,0,-1,-1,1,0,0.5
11,0,-1,-1,1,0,0.5
11,0,-1,-1,1,0,0.5
11,0,-1,-1,1,0,0.5
11,0,-1,-1,1,0,0.5
11,0,-1,-1,1,0,0.5
11,0,-1,-1,1,0,0.5
11,0,-1,-1,1,0,0.5
11,0,-1,-1,1,0,0.5
11,0,-1,-1,1,0,0.5
11,0,-1,-1,1,0,0.5
11,0,-1,-1,1,0,0.5
11,0,-1,-1,1,0,0.5
11,0,-1,-1,1,0,0.5
11,0,-1,-1,1,0,0.5
11,0,-1,-1,1,0,0.5
11,0,-1,-1,1,0,0.5
11,0,-1,-1,1,0,0.5
11,0,-1,-1,1,0,0.5
11,0,-1,-1,1,0,0.5
11,0,-1,-1,1,0,0.5
11,0,-1,-1,1,0,0.5
11,0,-1,-1,1,0,0.5
11,0,-1,-1,1,0,0.5
11,0,-1,-1,1,0,0.5
11,0,-1,-1,1,0,0.5
11,0,-1,-1,1,0,0.5
11,0,-1,-1,1,0,0.5
11,0,-1,-1,1,0,0.5
11,0,-1,-1,1,0,0.5
11,0,-1,-1,1,0,0.5
11,0,-1,-1,1,0,0.5
11,0,-1,-1,1,0,0.5
11,0,-1,-1,1,0,0.5
11,0,-1,-1,1,0,0.5
11,0,-1,-1,1,0,0.5
11,0,-1,-1,1,0,0.5
11,0,-1,-1,1,0,0.5
11,0,-1,-1,1,0,0.5
11,0,-1,-1,1,0,0.5
11,0,-1,-1,1,0,0.5
11,0,-1,-1,1,0,0.5
11,0,-1,-1,1,0,0.5
11,0,-1,-1,1,0,0.5
11,0,-1,-1,1,0,0.5
11,0,-1,-1,1,0,0.5
11,0,-1,-1,1,0,0.5
11,0,-1,-1,1,0,0.5
11,0,-1,-1,1,0,0.5
11,0,-1,-1,1,0,0.5
11,0,-1,-1,1,0,0.5
11,0,-1,-1,1,0,0.5
11,0,-1,-1,1,0,0.5
11,0,-1,-1,1,0,0.5
11,0,-1,-1,1,0,0.5
11,0,-1,-1,1,0,0.5
11,0,-1,-1,1,0,0.5
11,0,-1,-1,1,0,0.5
11,0,-1,-1,1,0,0.5
11,0,-1,-1,1,0,0.5
11,0,-1,-1,1,0,0.5
11,0,-1,-1,1,0,0.5
11,0,-1,-1,1,0,0.5
11,0,-1,-1,1,0,0.5
11,0,-1,-1,1,0,0.5
11,0,-1,-1,1,0,0.5
11,0,-1,-1,1,0,0.5
11,0,-1,-1,1,0,0.5
11,0,-1,-1,1,0,0.5
11,0,-1,-1,1,0,0.5
11,0,-1,-1,1,0,0.5
11,0,-1,-1,1,0,0.5
11,0,-1,-1,1,0,0.5
11,0,-1,-1,1,0,0.5
11,0,-1,-1,1,0,0.5
11,0,-1,-1,1,0,0.5
11,0,-1,-1,1,0,0.5
11,0,-1,-1,1,0,0.5
11,0,-1,-1,1,0,0.5
11,0,-1,-1,1,0,0.5
11,0,-1,-1,1,0,0.5
11,0,-1,-1,1,0,0.5
11,0,-1,-1,1,0,0.5
11,0,-1,-1,1,0,0.5
11,0,-1,-1,1,0,0.5
11,0,-1,-1,1,0,0.5
11,0,-1,-1,1,0,0.5
11,0,-1,-1,1,0,0.5
11,0,-1,-1,1,0,0.5
11,0,-1,-1,1,0,0.5
11,0,-1,-1,1,0,0.5
11,0,-1,-1,1,0,0.5
11,0,-1,-1,1,0,0.5
11,0,-1,-1,1,0,0.5
11,0,-1,-1,1,0,0.5
11,0,-1,-1,1,0,0.5
11,0,-1,-1,1,0,0.5
11,0,-1,-1,1,0,0.5
11,0,-1,-1,1,0,0.5
11,0,-1,-1,1,0,0.5
11,0,-1,-1,1,0,0.5
11,0,-1,-1,1,0,0.5
11,0,-1,-1,1,0,0.5
11,0,-1,-1,1,0,0.5
11,0,-1,-1,1,0,0.5
11,0,-1,-1,1,0,0.5
11,0,-1,-1,1,0,0.5
11,0,-1,-1,1,0,0.5
11,0,-1,-1,1,0,0.5
11,0,-1,-1,1,0,0.5
11,0,-1,-1,1,0,0.5
11,0,-1,-1,1,0,0.5
11,0,-1,-1,1,0,0.5
11,0,-1,-1,1,0,0.5
11,0,-1,-1,1,0,0.5
11,0,-1,-1,1,0,0.5
11,0,-1,-1,1,0,0.5
11,0,-1,-1,1,0,0.5
11,0,-1,-1,1,0,0.5
11,0,-1,-1,1,0,0.5
11,0,-1,-1,1,0,0.5
11,0,-1,-1,1,0,0.5
11,0,-1,-1,1,0,0.5
11,0,-1,-1,1,0,0.5
11,0,-1,-1,1,0,0.5
11,0,-1,-1,1,0,0.5
11,0,-1,-1,1,0,0.5
11,0,-1,-1,1,0,0.5
11,0,-1,-1,1,0,0.5
11,0,-1,-1,1,0,0.5
11,0,-1,-1,1,0,0.5
11,0,-1,-1,1,0,0.5
11,0,-1,-1,1,0,0.5
11,0,-1,-1,1,0,0.5
11,0,-1,-1,1,0,0.5
11,0,-1,-1,1,0,0.5
11,0,-1,-1,1,0,0.5
11,0,-1,-1,1,0,0.5
11,0,-1,-1,1,0,0.5
11,0,-1,-1,1,0,0.5
11,0,-1,-1,1,0,0.5
11,0,-1,-1,1,0,0.5
11,0,-1,-1,1,0,0.5
11,0,-1,-1,1,0,0.5
11,0,-1,-1,1,0,0.5
11,0,-1,-1,1,0,0.5
11,0,-1,-1,1,0,0.5
11,0,-1,-1,1,0,0.5
11,0,-1,-1,1,0,0.5
11,0,-1,-1,1,0,0.5
11,0,-1,-1,1,0,0.5
11,0,-1,-1,1,0,0.5
11,0,-1,-1,1,0,0.5
11,0,-1,-1,1,0,0.5
11,0,-1,-1,1,0,0.5
11,0,-1,-1,1,0,0.5
11,0,-1,-1,1,0,0.5
11,0,-1,-1,1,0,0.5
11,0,-1,-1,1,0,0.5
11,0,-1,-1,1,0,0.5
11,0,-1,-1,1,0,0.5
11,0,-1,-1,1,0,0.5
11,0,-1,-1,1,0,0.5
11,0,-1,-1,1,0,0.5
11,0,-1,-1,1,0,0.5
11,0,-1,-1,1,0,0.5
11,0,-1,-1,1,0,0.5
11,0,-1,-1,1,0,0.5
11,0,-1,-1,1,0,0.5
11,0,-1,-1,1,0,0.5
11,0,-1,-1,1,0,0.5
11,0,-1,-1,1,0,0.5
11,0,-1,-1,1,0,0.5
11,0,-1,-1,1,0,0.5
11,0,-1,-1,1,0,0.5
11,0,-1,-1,1,0,0.5
11,0,-1,-1,1,0,0.5
11,0,-1,-1,1,0,0.5
11,0,-1,-1,1,0,0.5
11,0,-1,-1,1,0,0.5
11,0,-1,-1,1,0,0.5
11,0,-1,-1,1,0,0.5
11,0,-1,-1,1,0,0.5
11,0,-1,-1,1,0,0.5
11,0,-1,-1,1,0,0.5
11,0,-1,-1,1,0,0.5
11,0,-1,-1,1,0,0.5
11,0,-1,-1,1,0,0.5
11,0,-1,-1,1,0,0.5
11,0,-1,-1,1,0,0.5
11,0,-1,-1,1,0,0.5
11,0,-1,-1,1,0,0.5
11,0,-1,-1,1,0,0.5
11,0,-1,-1,1,0,0.5
11,0,-1,-1,1,0,0.5
11,0,-1,-1,1,0,0.5
11,0,-1,-1,1,0,0.5
11,0,-1,-1,1,0,0.5
11,0,-1,-1,1,0,0.5
11,0,-1,-1,1,0,0.5
11,0,-1,-1,1,0,0.5
11,0,-1,-1,1,0,0.5
11,0,-1,-1,1,0,0.5
11,0,-1,-1,1,0,0.5
11,0,-1,-1,1,0,0.5
11,0,-1,-1,1,0,0.5
11,0,-1,-1,1,0,0.5
11,0,-1,-1,1,0,0.5
11,0,-1,-1,1,0,0.5
11,0,-1,-1,1,0,0.5
11,0,-1,-1,1,0,0.5
11,0,-1,-1,1,0,0.5
11,0,-1,-1,1,0,0.5
11,0,-1,-1,1,0,0.5
11,0,-1,-1,1,0,0.5
11,0,-1,-1,1,0,0.5
11,0,-1,-1,1,0,0.5
11,0,-1,-1,1,0,0.5
11,0,-1,-1,1,0,0.5
11,0,-1,-1,1,0,0.5
11,0,-1,-1,1,0,0.5
11,0,-1,-1,1,0,0.5
11,0,-1,-1,1,0,0.5
11,0,-1,-1,1,0,0.5
11,0,-1,-1,1,0,0.5
11,0,-1,-1,1,0,0.5
11,0,-1,-1,1,0,0.5
11,0,-1,-1,1,0,0.5
11,0,-1,-1,1,0,0.5
11,0,-1,-1,1,0,0.5
