kind,n,mcyc,kR,kM,kB,ee,lev1,lev2,lev3,ncyc,tog,cu,cv,same,same_exp,b0,b1,b2,b3,nch
real,50,26,12,13,0,0.0000,0.6250,0.1250,0.2500,5,0,12,24,2.0,6.277,0,0,2,0,25
model,50,26,12,13,0,0.3750,0.7500,0.7500,0.5000,4,1,42,42,16.0,16.745,3,3,5,5,25
real,50,26,12,12,0,-0.1250,0.7500,0.7500,0.3750,4,1,19,19,7.0,7.043,3,2,2,0,24
model,50,26,12,12,0,0.1250,0.6250,0.6250,0.3750,6,0,22,5,7.0,6.170,2,3,2,0,24
real,50,26,13,13,0,0.3750,0.6250,0.5000,0.3750,4,1,22,22,6.0,7.447,2,1,1,2,26
model,50,26,13,13,0,-0.2500,0.5000,0.3750,0.2500,4,1,36,36,12.0,15.191,4,2,2,4,26
real,50,26,14,12,0,0.5000,0.6250,0.6250,0.7500,7,0,7,5,7.0,5.702,0,2,4,1,26
model,50,26,14,12,0,0.1250,0.2500,0.6250,0.3750,3,1,34,34,11.0,12.809,2,2,3,4,26
real,50,34,16,8,0,0.3750,0.8750,0.7500,0.6250,2,1,45,45,19.0,19.021,5,5,5,4,24
model,50,34,16,8,0,0.3750,0.3750,0.1250,0.3750,4,1,30,30,11.0,11.468,4,2,3,2,24
real,50,34,11,9,0,0.1250,0.6250,0.6250,0.6250,3,1,39,39,11.0,10.021,4,1,2,4,20
model,50,34,11,9,0,-0.1250,0.3750,0.7500,0.1250,3,0,9,38,12.0,13.468,4,2,0,6,20
real,50,34,14,14,0,1.0000,1.0000,1.0000,1.0000,5,0,2,30,11.0,11.979,1,1,6,3,28
model,50,34,14,14,0,0.1250,0.7500,0.2500,0.6250,4,1,19,19,10.0,9.574,3,1,2,4,28
real,50,34,12,11,1,0.3750,0.8750,0.0000,0.3750,6,0,24,2,7.0,7.830,3,1,3,0,23
model,50,34,12,11,1,0.3750,0.5000,0.6250,-0.1250,2,1,47,47,22.0,20.638,4,3,8,7,23
real,50,48,13,12,0,0.1250,0.8750,0.2500,0.3750,2,1,48,48,22.0,23.000,9,6,4,3,25
model,50,48,13,12,0,0.3750,0.8750,0.8750,0.5000,5,1,12,12,9.0,7.149,1,4,1,3,25
real,50,48,12,10,0,0.1250,0.3750,0.5000,0.5000,4,0,24,8,11.0,7.319,2,3,4,2,22
model,50,48,12,10,0,-0.1250,0.7500,0.6250,0.2500,2,1,48,48,20.0,19.191,3,4,6,7,22
real,50,48,8,10,0,-0.1250,0.3750,0.2500,0.2500,4,0,42,4,12.0,13.681,3,6,2,1,18
model,50,48,8,10,0,-0.3750,0.3750,0.5000,0.2500,7,0,10,3,4.0,3.255,1,1,1,1,18
real,50,48,11,13,0,0.1250,0.5000,1.0000,0.6250,1,1,50,50,24.0,24.000,4,10,7,3,24
model,50,48,11,13,0,0.5000,0.6250,0.8750,0.5000,2,0,9,41,17.0,17.872,3,6,4,4,24
real,50,32,12,12,0,0.0000,0.5000,0.5000,0.6250,4,1,18,18,4.0,8.277,0,2,1,1,24
model,50,32,12,12,0,0.7500,0.8750,1.0000,0.8750,4,0,5,21,10.0,8.234,2,0,3,5,24
real,50,16,11,15,0,-0.2500,0.5000,0.5000,0.1250,3,0,18,30,10.0,12.170,2,5,2,1,26
model,50,16,11,15,0,0.2500,0.2500,0.3750,0.2500,1,1,50,50,26.0,26.000,7,5,6,8,26
real,50,32,11,15,0,0.5000,0.7500,0.3750,0.6250,3,1,22,22,10.0,8.553,4,4,1,1,26
model,50,32,11,15,0,0.2500,0.3750,0.3750,0.1250,4,1,36,36,15.0,14.511,1,4,5,5,26
real,50,32,10,13,0,-0.2500,0.7500,0.2500,0.5000,4,0,7,21,9.0,7.426,1,1,3,4,23
model,50,32,10,13,0,-0.1250,0.5000,0.3750,0.0000,2,1,28,28,14.0,11.553,2,3,1,8,23
real,50,30,11,12,0,-0.3750,0.5000,0.6250,0.2500,2,0,8,42,16.0,15.957,3,2,5,6,23
model,50,30,11,12,0,0.0000,0.5000,0.0000,0.6250,4,1,39,39,13.0,14.830,3,5,3,2,23
real,50,30,11,12,0,0.2500,0.7500,0.5000,0.1250,3,1,33,33,11.0,10.830,4,3,1,3,23
model,50,30,11,12,0,-0.3750,0.5000,0.3750,0.1250,3,1,35,35,13.0,12.872,4,2,4,3,23
real,50,30,11,11,0,0.3750,0.5000,0.3750,0.3750,2,1,41,41,18.0,15.872,6,7,2,3,22
model,50,30,11,11,0,1.0000,1.0000,1.0000,1.0000,5,1,32,32,8.0,10.638,1,2,2,3,22
real,50,10,12,10,1,-0.3750,0.5000,0.6250,0.1250,4,1,36,36,10.0,12.383,2,3,2,3,22
model,50,10,12,10,1,0.1250,0.3750,0.1250,-0.1250,3,0,33,15,8.0,10.426,1,3,2,2,22
real,50,9,12,10,0,0.2500,0.6250,0.2500,-0.2500,3,1,32,32,7.0,9.553,4,0,3,0,22
model,50,9,12,10,0,0.3750,0.6250,0.0000,0.6250,5,1,25,25,6.0,6.766,2,0,2,2,22
real,50,25,12,11,0,0.1250,0.7500,0.5000,0.3750,3,0,26,15,13.0,8.511,1,4,4,4,23
model,50,25,12,11,0,0.5000,0.8750,0.7500,0.5000,4,0,29,6,10.0,9.085,4,2,3,1,23
real,50,25,12,10,0,-0.3750,1.0000,0.7500,0.6250,3,1,44,44,15.0,16.702,4,5,4,2,22
model,50,25,12,10,0,0.0000,0.3750,0.1250,0.6250,2,1,44,44,18.0,16.128,4,3,7,4,22
real,50,25,15,8,0,0.0000,0.3750,0.3750,0.3750,3,0,27,19,8.0,10.362,1,3,2,2,23
model,50,25,15,8,0,-0.1250,0.6250,0.2500,0.7500,3,1,41,41,13.0,15.660,1,3,5,4,23
real,50,27,14,14,0,-0.1250,0.8750,0.2500,0.5000,3,0,10,20,8.0,9.872,3,1,3,1,28
model,50,27,14,14,0,-0.3750,0.7500,0.6250,0.7500,5,0,30,7,8.0,10.468,2,2,3,1,28
real,50,27,15,14,0,-0.2500,0.3750,0.0000,0.2500,2,1,47,47,24.0,26.255,5,5,7,7,29
model,50,27,15,14,0,0.2500,0.8750,0.3750,0.3750,3,1,40,40,19.0,18.702,1,7,7,4,29
real,50,27,12,14,0,0.1250,0.7500,0.7500,0.6250,3,1,12,12,13.0,9.043,0,4,3,6,26
model,50,27,12,14,0,0.1250,1.0000,0.7500,0.3750,2,1,39,39,19.0,16.596,4,6,3,6,26
real,50,27,11,7,0,0.0000,0.3750,0.2500,0.2500,2,1,29,29,12.0,9.064,1,1,5,5,18
model,50,27,11,7,0,0.2500,0.5000,0.5000,0.6250,4,1,20,20,5.0,5.000,0,3,1,1,18
real,50,50,12,13,0,-0.1250,0.6250,0.5000,0.0000,4,1,41,41,15.0,15.617,3,6,3,3,25
model,50,50,12,13,0,1.0000,1.0000,1.0000,1.0000,4,1,37,37,13.0,13.191,3,2,5,3,25
real,50,50,12,14,1,-0.1250,0.5000,0.3750,0.3750,3,1,22,22,12.0,11.915,2,1,7,2,26
model,50,50,12,14,1,1.0000,1.0000,1.0000,1.0000,3,1,39,39,17.0,15.894,6,6,4,1,26
real,50,50,12,11,1,-0.1250,0.1250,-0.1250,0.5000,2,1,48,48,23.0,22.021,14,1,3,5,23
model,50,50,12,11,1,0.0000,0.5000,0.3750,0.1250,5,0,27,12,9.0,8.851,4,1,2,2,23
real,50,50,11,12,0,0.3750,0.2500,0.7500,0.5000,3,0,28,13,9.0,8.191,3,3,1,2,23
model,50,50,11,12,0,0.2500,0.3750,0.3750,0.0000,3,0,8,37,12.0,13.298,2,3,5,2,23
real,50,12,13,13,0,0.0000,0.6250,0.5000,0.5000,4,0,10,26,7.0,9.553,1,2,4,0,26
model,50,12,13,13,0,0.2500,0.2500,0.3750,0.0000,3,0,20,25,13.0,10.553,3,5,4,1,26
real,50,20,13,11,0,-0.2500,0.3750,0.1250,0.1250,3,1,23,23,11.0,9.064,2,4,2,3,24
model,50,20,13,11,0,-0.1250,0.8750,0.6250,0.5000,4,0,37,5,13.0,13.149,4,4,3,2,24
real,50,20,12,7,0,0.3750,0.7500,0.3750,0.3750,4,0,41,5,14.0,12.574,2,1,5,6,19
model,50,20,12,7,0,0.1250,0.8750,0.3750,0.3750,5,0,16,25,6.0,6.745,1,1,1,3,19
real,50,20,13,11,0,-0.1250,0.5000,0.6250,0.2500,4,0,6,35,8.0,10.723,3,3,1,1,24
model,50,20,13,11,0,-0.1250,0.7500,0.5000,0.2500,2,0,38,12,17.0,16.170,5,2,5,5,24
real,50,16,7,9,0,0.0000,0.6250,0.5000,0.1250,1,1,50,50,16.0,16.000,4,3,5,4,16
model,50,16,7,9,0,-0.2500,0.7500,0.3750,0.6250,3,0,7,5,12.0,11.191,3,4,2,3,16
real,50,16,11,10,1,-0.2500,0.2500,0.5000,0.0000,5,0,9,5,10.0,10.447,4,2,3,1,21
model,50,16,11,10,1,0.3750,0.7500,0.6250,0.0000,3,0,31,5,8.0,10.021,1,3,3,1,21
real,50,12,10,9,0,-0.1250,0.1250,0.5000,0.5000,6,1,10,10,0.0,4.128,0,0,0,0,19
model,50,12,10,9,0,0.0000,0.8750,0.3750,0.2500,3,0,5,33,10.0,9.213,2,3,3,2,19
real,50,12,7,13,0,1.0000,1.0000,1.0000,1.0000,6,1,11,11,6.0,4.787,1,3,1,1,20
model,50,12,7,13,0,1.0000,1.0000,1.0000,1.0000,2,1,43,43,15.0,14.851,5,3,3,4,20
real,50,7,11,11,0,1.0000,1.0000,1.0000,1.0000,6,1,6,6,7.0,8.532,2,1,3,1,22
model,50,7,11,11,0,0.1250,0.6250,0.3750,0.5000,2,1,46,46,21.0,20.128,7,3,4,7,22
real,50,7,10,11,0,-0.2500,0.2500,0.5000,0.2500,2,0,18,32,12.0,11.021,2,3,6,1,21
model,50,7,10,11,0,0.2500,0.6250,0.6250,0.6250,4,1,33,33,9.0,9.660,4,0,2,3,21
real,50,11,10,11,1,0.5000,0.6250,0.1250,1.0000,6,1,23,23,6.0,4.745,1,2,2,1,21
model,50,11,10,11,1,0.3750,0.2500,0.6250,0.1250,2,1,46,46,17.0,17.511,0,5,9,3,21
real,50,11,13,11,0,0.2500,0.5000,0.3750,0.5000,2,1,48,48,21.0,20.170,4,7,4,6,24
model,50,11,13,11,0,0.0000,0.6250,0.7500,0.2500,3,0,10,38,13.0,13.170,5,3,4,1,24
real,50,7,9,12,0,0.1250,0.5000,0.3750,0.5000,3,1,36,36,11.0,13.128,0,6,3,2,21
model,50,7,9,12,0,-0.1250,0.5000,0.0000,0.3750,5,0,6,25,7.0,6.936,2,2,2,1,21
real,50,25,9,10,0,0.2500,1.0000,0.1250,0.1250,3,1,37,37,11.0,10.021,1,4,6,0,19
model,50,25,9,10,0,0.0000,0.3750,0.2500,0.6250,1,1,50,50,19.0,19.000,3,4,4,8,19
real,50,25,10,10,0,1.0000,1.0000,1.0000,1.0000,3,1,28,28,12.0,9.617,2,2,2,6,20
model,50,25,10,10,0,-0.2500,0.5000,0.6250,0.6250,4,0,9,2,7.0,9.702,0,5,2,0,20
real,50,25,14,11,0,-0.3750,0.8750,0.5000,-0.1250,4,0,13,22,4.0,6.489,0,2,0,2,25
model,50,25,14,11,0,0.0000,0.7500,0.6250,0.6250,4,0,11,7,13.0,10.660,6,1,1,5,25
real,50,12,7,14,0,0.1250,0.2500,0.5000,0.3750,2,0,45,5,19.0,18.362,5,7,5,2,21
model,50,12,7,14,0,-0.1250,0.1250,0.2500,0.5000,3,1,38,38,10.0,12.574,4,1,2,3,21
real,50,36,12,16,0,0.1250,0.5000,0.3750,0.3750,5,0,23,8,8.0,8.574,2,3,2,1,28
model,50,36,12,16,0,0.0000,0.8750,0.2500,0.2500,3,0,13,33,17.0,15.319,3,4,8,2,28
real,50,36,11,10,0,-0.1250,0.7500,0.1250,0.7500,4,1,19,19,6.0,7.660,0,3,1,2,21
model,50,36,11,10,0,0.1250,0.6250,0.0000,0.2500,5,0,4,19,5.0,5.404,1,1,2,1,21
real,50,12,8,13,0,-0.2500,0.5000,0.1250,0.5000,3,0,16,28,8.0,9.191,1,3,2,2,21
model,50,12,8,13,0,-0.1250,0.7500,0.0000,-0.1250,2,1,40,40,14.0,13.553,5,2,4,3,21
real,50,17,13,11,0,0.1250,1.0000,0.2500,0.6250,1,1,50,50,24.0,24.000,6,5,5,8,24
model,50,17,13,11,0,0.1250,0.1250,0.7500,0.3750,3,1,25,25,10.0,8.766,4,5,1,0,24
real,50,28,11,8,1,0.3750,0.7500,0.8750,0.7500,5,0,7,3,6.0,7.106,1,1,2,2,19
model,50,28,11,8,1,-0.2500,0.7500,0.5000,0.6250,5,0,28,5,6.0,5.787,1,2,2,1,19
real,50,17,15,10,0,-0.1250,0.7500,0.1250,0.0000,5,0,9,26,8.0,9.617,0,3,5,0,25
model,50,17,15,10,0,0.3750,0.6250,0.7500,0.5000,4,0,12,22,5.0,6.553,2,2,1,0,25
real,50,28,10,13,0,0.6250,0.5000,0.2500,0.0000,1,1,50,50,23.0,23.000,9,7,4,3,23
model,50,28,10,13,0,-0.2500,0.8750,0.6250,-0.1250,3,1,11,11,14.0,13.447,2,3,6,3,23
real,50,21,12,11,0,0.2500,0.3750,0.5000,0.5000,6,0,6,14,2.0,4.638,1,0,0,1,23
model,50,21,12,11,0,-0.3750,0.6250,0.3750,0.3750,5,1,32,32,8.0,7.830,3,2,0,3,23
real,50,21,12,10,0,0.1250,0.6250,0.3750,-0.1250,3,0,21,27,8.0,9.660,2,1,3,2,22
model,50,21,12,10,0,0.0000,0.3750,0.0000,-0.1250,2,1,44,44,16.0,16.894,3,3,3,7,22
real,50,21,12,12,0,0.0000,0.3750,0.3750,0.6250,4,0,8,34,12.0,10.489,2,2,7,1,24
model,50,21,12,12,0,-0.1250,0.3750,0.6250,0.3750,2,0,24,26,9.0,11.702,3,2,1,3,24
real,50,21,9,12,1,0.1250,0.6250,0.2500,0.7500,5,0,25,7,6.0,7.085,1,4,0,1,21
model,50,21,9,12,1,-0.2500,0.6250,0.0000,0.5000,2,1,39,39,13.0,13.872,2,2,4,5,21
real,50,44,9,8,1,0.1250,0.7500,0.2500,0.3750,4,0,10,34,12.0,9.426,1,6,4,1,17
model,50,44,9,8,1,0.5000,0.8750,1.0000,-0.1250,4,1,8,8,5.0,6.021,2,1,2,0,17
real,50,44,9,6,0,-0.3750,0.1250,0.2500,-0.1250,3,0,18,30,7.0,7.660,1,3,1,2,15
model,50,44,9,6,0,0.2500,0.7500,0.5000,0.3750,3,0,17,29,8.0,6.319,0,5,1,2,15
real,50,44,10,15,0,0.0000,0.5000,0.1250,-0.1250,3,1,43,43,17.0,19.745,4,8,2,3,25
model,50,44,10,15,0,-0.3750,0.6250,0.6250,0.2500,6,1,29,29,9.0,9.021,1,2,1,5,25
real,50,44,11,11,0,0.2500,0.6250,0.2500,0.1250,6,0,20,6,7.0,5.149,0,5,0,2,22
model,50,44,11,11,0,0.2500,0.2500,0.5000,0.3750,5,0,9,30,12.0,9.787,1,2,5,4,22
real,50,15,10,9,0,0.2500,0.2500,0.0000,0.2500,3,0,31,14,7.0,8.660,3,1,2,1,19
model,50,15,10,9,0,0.1250,0.3750,-0.1250,0.3750,3,0,44,4,16.0,14.404,2,5,4,5,19
real,50,16,9,13,0,0.3750,0.8750,0.6250,0.6250,3,1,22,22,12.0,10.426,2,3,4,3,22
model,50,16,9,13,0,0.5000,0.8750,0.7500,0.3750,5,0,7,11,6.0,4.468,0,4,0,2,22
real,50,11,12,13,0,0.1250,0.3750,0.5000,0.0000,5,0,25,10,6.0,7.638,0,2,1,3,25
model,50,11,12,13,0,0.0000,0.7500,0.2500,0.6250,2,1,48,48,24.0,23.936,4,2,11,7,25
real,50,15,12,12,0,-0.1250,0.7500,0.5000,0.0000,7,1,16,16,4.0,3.830,0,1,2,1,24
model,50,15,12,12,0,-0.3750,0.2500,0.3750,0.2500,4,1,22,22,6.0,8.043,1,1,2,2,24
real,50,42,11,12,0,-0.2500,0.3750,0.2500,0.5000,4,0,25,14,6.0,7.426,0,2,3,1,23
model,50,42,11,12,0,-0.2500,0.6250,0.6250,0.5000,1,1,50,50,23.0,23.000,5,4,8,6,23
real,50,42,11,12,1,0.1250,0.2500,0.6250,0.5000,5,0,15,5,9.0,8.064,4,3,1,1,23
model,50,42,11,12,1,0.1250,0.7500,0.3750,0.2500,2,1,44,44,19.0,18.532,6,2,7,4,23
real,50,42,14,12,0,0.1250,0.7500,0.0000,0.0000,5,0,12,12,3.0,5.787,0,2,0,1,26
model,50,42,14,12,0,0.2500,0.6250,0.5000,0.5000,3,1,30,30,7.0,11.489,2,2,3,0,26
real,50,42,13,12,0,0.0000,0.6250,0.7500,0.3750,5,0,8,2,3.0,6.234,0,1,0,2,25
model,50,42,13,12,0,-0.2500,0.5000,0.5000,0.1250,3,1,23,23,5.0,7.766,0,1,2,2,25
real,50,27,10,9,0,0.0000,0.5000,0.1250,-0.1250,3,1,24,24,3.0,6.872,0,0,1,2,19
model,50,27,10,9,0,0.1250,0.5000,0.5000,0.2500,4,0,9,7,6.0,7.596,2,2,0,2,19
real,50,27,13,10,0,-0.1250,0.5000,0.2500,0.1250,5,0,10,27,9.0,10.064,3,3,2,1,23
model,50,27,13,10,0,-0.6250,0.6250,0.6250,0.6250,4,0,30,8,11.0,10.851,1,2,2,6,23
real,50,27,12,10,0,-0.2500,0.6250,0.2500,0.1250,7,1,21,21,3.0,3.894,2,0,1,0,22
model,50,27,12,10,0,0.1250,0.8750,0.3750,0.5000,5,1,40,40,15.0,15.809,4,3,3,5,22
real,50,27,10,12,0,0.1250,0.5000,0.3750,0.1250,5,0,24,6,4.0,6.426,2,1,1,0,22
model,50,27,10,12,0,-0.2500,1.0000,0.5000,1.0000,4,1,35,35,9.0,12.574,0,5,2,2,22
real,50,37,12,11,0,0.1250,0.6250,0.1250,-0.1250,2,1,32,32,11.0,12.404,2,6,1,2,23
model,50,37,12,11,0,0.1250,0.1250,0.5000,0.1250,3,1,27,27,14.0,9.681,2,5,5,2,23
real,50,37,11,12,0,-0.1250,0.8750,0.2500,0.5000,3,1,44,44,16.0,15.128,2,7,2,5,23
model,50,37,11,12,0,0.0000,1.0000,0.7500,0.5000,3,0,18,26,8.0,8.936,6,0,1,1,23
real,50,37,10,14,0,-0.2500,0.5000,0.0000,0.1250,4,1,40,40,17.0,16.043,5,2,6,4,24
model,50,37,10,14,0,-0.3750,0.6250,0.5000,0.2500,6,1,23,23,10.0,5.915,3,2,3,2,24
real,50,37,8,11,1,-0.2500,0.3750,0.3750,0.7500,5,1,26,26,6.0,5.702,2,1,3,0,19
model,50,37,8,11,1,0.7500,0.8750,0.7500,0.6250,4,1,31,31,14.0,7.617,5,2,4,3,19
real,50,30,11,11,0,0.5000,0.6250,0.5000,0.7500,4,0,5,11,8.0,9.362,2,1,4,1,22
model,50,30,11,11,0,0.2500,0.6250,0.6250,0.5000,6,0,22,10,4.0,4.596,2,1,1,0,22
real,50,30,9,10,0,0.1250,0.7500,0.2500,0.2500,4,0,14,3,8.0,6.596,1,3,1,3,19
model,50,30,9,10,0,0.7500,0.7500,0.3750,0.2500,4,0,25,7,9.0,6.830,2,1,4,2,19
real,50,30,10,11,0,-0.1250,0.7500,0.8750,0.2500,3,0,2,46,19.0,18.745,6,2,9,2,21
model,50,30,10,11,0,0.0000,0.7500,0.2500,0.6250,3,0,21,19,7.0,6.745,1,3,2,1,21
real,50,30,13,11,0,-0.2500,0.7500,0.2500,0.3750,1,1,50,50,24.0,24.000,6,7,5,6,24
model,50,30,13,11,0,0.6250,1.0000,1.0000,0.5000,4,1,34,34,18.0,12.000,3,6,7,2,24
real,50,46,11,10,0,-0.2500,0.5000,0.3750,0.3750,2,1,31,31,10.0,10.170,3,4,1,2,21
model,50,46,11,10,0,0.3750,0.6250,0.3750,0.5000,4,0,29,5,7.0,8.064,2,2,2,1,21
real,50,46,12,13,0,0.0000,0.5000,0.3750,0.3750,4,0,25,3,7.0,9.213,1,2,1,3,25
model,50,46,12,13,0,0.0000,0.6250,0.6250,0.5000,3,1,34,34,13.0,13.681,3,4,2,4,25
real,50,46,13,15,0,0.0000,0.7500,0.5000,0.6250,3,0,42,5,19.0,20.660,5,7,4,3,28
model,50,46,13,15,0,0.1250,0.7500,1.0000,0.6250,5,0,2,28,13.0,12.213,3,1,3,6,28
real,50,46,12,7,0,0.2500,0.5000,0.2500,0.3750,1,1,50,50,19.0,19.000,4,4,5,6,19
model,50,46,12,7,0,-0.2500,0.8750,0.5000,0.6250,1,1,50,50,19.0,19.000,2,8,3,6,19
real,50,47,13,8,0,0.3750,0.8750,0.6250,0.6250,2,1,48,48,20.0,19.170,5,3,5,7,21
model,50,47,13,8,0,-0.1250,0.1250,0.6250,0.0000,4,0,7,36,8.0,11.340,3,3,0,2,21
real,50,47,10,13,0,0.2500,0.3750,0.2500,0.1250,4,1,35,35,11.0,9.787,2,2,2,5,23
model,50,47,10,13,0,0.1250,0.7500,0.5000,0.2500,4,1,15,15,9.0,7.574,1,3,2,3,23
real,50,47,14,15,0,0.2500,0.5000,0.1250,-0.3750,5,0,11,26,8.0,9.340,4,2,2,0,29
model,50,47,14,15,0,1.0000,1.0000,1.0000,1.0000,2,1,48,48,26.0,25.894,8,7,5,6,29
real,50,47,14,10,0,1.0000,1.0000,1.0000,1.0000,4,0,4,25,9.0,8.064,2,1,4,2,24
model,50,47,14,10,0,-0.2500,0.6250,0.3750,0.3750,5,0,24,7,7.0,7.255,0,1,4,2,24
real,50,28,16,11,0,0.1250,0.3750,0.7500,0.1250,3,0,14,17,9.0,8.681,2,2,4,1,27
model,50,28,16,11,0,0.6250,0.6250,0.2500,0.6250,4,0,3,43,20.0,21.851,8,4,3,5,27
real,50,28,13,10,0,-0.2500,0.8750,0.3750,0.2500,1,1,50,50,23.0,23.000,4,5,6,8,23
model,50,28,13,10,0,-0.5000,0.6250,0.3750,0.3750,3,0,4,30,9.0,11.213,4,1,2,2,23
real,50,28,13,14,0,0.1250,0.7500,0.7500,0.5000,6,1,19,19,5.0,5.489,1,3,1,0,27
model,50,28,13,14,0,-0.1250,0.3750,0.5000,0.2500,3,1,41,41,18.0,18.319,8,5,3,2,27
real,50,28,13,10,0,0.1250,0.7500,0.1250,0.3750,5,0,21,8,6.0,5.106,1,3,1,1,23
model,50,28,13,10,0,1.0000,1.0000,1.0000,1.0000,4,0,2,39,17.0,15.979,2,8,5,2,23
real,50,42,6,11,0,0.3750,1.0000,0.7500,0.2500,3,1,34,34,10.0,9.085,3,4,3,0,17
model,50,42,6,11,0,0.2500,0.3750,0.5000,0.1250,3,0,19,28,9.0,8.255,1,1,3,4,17
real,50,42,10,13,0,0.2500,0.7500,0.1250,0.5000,3,0,7,40,15.0,13.681,3,3,7,2,23
model,50,42,10,13,0,-0.1250,0.5000,0.2500,0.3750,4,0,6,6,16.0,14.681,4,4,6,2,23
real,50,42,7,11,0,0.1250,0.7500,0.2500,0.0000,4,0,19,21,6.0,6.000,2,2,1,1,18
model,50,42,7,11,0,-0.1250,0.7500,0.2500,0.2500,5,0,13,25,4.0,5.723,1,2,0,1,18
real,50,42,14,12,0,0.1250,0.6250,0.5000,0.8750,5,0,8,5,6.0,7.319,1,1,2,2,26
model,50,42,14,12,0,0.5000,0.7500,0.6250,0.7500,4,0,37,3,12.0,14.149,3,1,4,4,26
real,50,48,14,11,0,0.1250,0.5000,0.5000,0.3750,4,1,42,42,16.0,18.340,2,5,6,3,25
model,50,48,14,11,0,1.0000,1.0000,1.0000,1.0000,5,1,29,29,6.0,8.447,0,4,1,1,25
real,50,48,13,8,1,0.2500,0.3750,0.7500,0.1250,4,0,18,5,11.0,9.426,0,5,1,5,21
model,50,48,13,8,1,-0.2500,0.7500,0.7500,0.0000,4,0,7,33,11.0,9.468,5,2,1,3,21
real,50,48,10,10,1,0.1250,0.7500,0.7500,0.5000,3,1,44,44,16.0,15.021,3,5,4,4,20
model,50,48,10,10,1,0.3750,1.0000,0.5000,0.7500,3,0,32,16,13.0,11.404,4,1,2,6,20
real,50,48,16,14,0,0.1250,0.8750,0.2500,1.0000,2,0,5,45,26.0,25.745,7,10,7,2,30
model,50,48,16,14,0,-0.5000,1.0000,0.8750,0.7500,3,0,16,4,14.0,15.128,5,1,5,3,30
real,50,17,10,9,0,0.2500,0.5000,0.6250,0.2500,1,1,50,50,19.0,19.000,5,3,6,5,19
model,50,17,10,9,0,-0.5000,0.6250,0.3750,-0.1250,1,1,50,50,19.0,19.000,2,6,5,6,19
real,50,15,12,12,0,0.0000,0.0000,0.0000,0.5000,2,1,46,46,21.0,21.106,5,5,8,3,24
model,50,15,12,12,0,-0.2500,0.5000,0.2500,0.0000,3,0,8,26,8.0,9.766,1,5,2,0,24
real,50,8,8,9,0,0.0000,0.6250,0.2500,0.0000,1,1,50,50,17.0,17.000,4,2,4,7,17
model,50,8,8,9,0,0.1250,0.5000,0.1250,0.6250,3,1,43,43,10.0,10.638,2,2,3,3,17
real,50,17,9,11,1,0.2500,0.5000,0.3750,0.0000,6,0,21,11,6.0,5.043,2,1,2,1,20
model,50,17,9,11,1,0.0000,0.5000,0.7500,0.2500,3,0,39,8,10.0,12.191,5,3,0,2,20
real,50,14,14,12,0,0.1250,0.1250,0.5000,0.2500,3,0,9,27,9.0,9.617,2,2,3,2,26
model,50,14,14,12,0,0.3750,0.7500,0.3750,-0.2500,3,1,36,36,13.0,13.660,2,5,3,3,26
real,50,9,9,9,0,-0.1250,0.5000,0.5000,0.5000,2,1,47,47,18.0,16.851,6,4,3,5,18
model,50,9,9,9,0,-0.1250,0.7500,0.1250,0.5000,3,0,34,8,10.0,10.085,2,4,2,2,18
real,50,14,12,12,0,-0.1250,0.7500,0.6250,0.1250,4,0,19,18,2.0,7.468,0,2,0,0,24
model,50,14,12,12,0,0.1250,0.6250,0.2500,0.0000,2,1,48,48,22.0,22.979,4,3,7,8,24
real,50,14,9,14,0,0.6250,0.7500,0.3750,0.2500,6,0,8,16,4.0,4.894,1,2,1,0,23
model,50,14,9,14,0,0.1250,0.3750,0.1250,0.3750,5,0,23,5,7.0,7.383,1,1,5,0,23
real,50,44,14,10,0,0.0000,0.6250,0.1250,0.1250,2,1,48,48,22.0,22.043,9,7,1,5,24
model,50,44,14,10,0,-0.2500,0.8750,0.7500,0.0000,4,0,25,12,7.0,6.979,0,2,2,3,24
real,50,44,12,12,0,-0.1250,0.3750,0.3750,0.5000,3,1,34,34,9.0,11.745,2,5,1,1,24
model,50,44,12,12,0,0.1250,0.7500,0.5000,0.2500,2,1,44,44,22.0,19.404,4,7,4,7,24
real,50,44,12,11,1,0.1250,0.6250,0.5000,-0.1250,3,1,46,46,19.0,21.043,5,9,4,1,23
model,50,44,12,11,1,0.0000,0.5000,0.7500,0.5000,4,0,37,3,11.0,13.170,3,1,4,3,23
real,50,44,12,9,0,-0.2500,0.3750,0.5000,0.2500,3,1,32,32,7.0,7.596,0,1,3,3,21
model,50,44,12,9,0,-0.2500,0.5000,0.2500,0.2500,4,1,27,27,9.0,6.830,1,4,3,1,21
real,50,24,10,15,0,0.1250,0.7500,0.5000,0.3750,3,1,44,44,19.0,18.532,3,6,6,4,25
model,50,24,10,15,0,0.0000,0.6250,0.6250,0.2500,4,0,15,30,11.0,12.404,1,4,5,1,25
real,50,24,12,10,0,-0.2500,0.2500,0.1250,0.2500,4,0,14,5,4.0,6.319,0,3,1,0,22
model,50,24,12,10,0,-0.2500,1.0000,0.6250,0.1250,4,1,37,37,15.0,13.383,2,0,6,7,22
real,50,24,13,14,0,-0.1250,0.2500,0.1250,-0.2500,5,0,7,4,14.0,9.021,2,5,4,3,27
model,50,24,13,14,0,-0.1250,0.8750,0.3750,0.8750,5,0,11,20,5.0,7.213,1,1,3,0,27
real,50,24,7,13,1,0.3750,0.7500,0.6250,0.6250,6,0,19,6,4.0,6.766,0,2,1,1,20
model,50,24,7,13,1,0.0000,0.7500,0.7500,0.5000,2,0,27,23,10.0,9.702,5,3,2,0,20
real,50,31,12,9,0,0.1250,0.5000,0.2500,0.5000,4,0,3,29,6.0,7.085,2,3,0,1,21
model,50,31,12,9,0,-0.1250,0.5000,0.2500,0.3750,4,1,16,16,8.0,7.979,1,0,5,2,21
real,50,31,11,9,0,0.5000,0.3750,0.0000,0.5000,3,1,39,39,15.0,14.043,4,7,2,2,20
model,50,31,11,9,0,0.3750,0.7500,0.2500,0.6250,2,1,43,43,17.0,13.404,2,7,4,4,20
real,50,31,11,11,0,-0.1250,0.7500,0.6250,0.6250,5,1,23,23,6.0,6.362,0,0,5,1,22
model,50,31,11,11,0,0.0000,1.0000,0.3750,0.3750,6,0,4,18,5.0,4.596,1,0,1,3,22
real,50,31,11,10,0,-0.3750,0.6250,0.7500,0.1250,4,0,28,2,8.0,7.702,3,2,1,2,21
model,50,31,11,10,0,-0.2500,0.8750,0.3750,0.3750,3,0,27,17,8.0,9.043,3,3,1,1,21
real,50,21,13,12,0,-0.1250,0.3750,0.3750,0.1250,3,0,29,19,10.0,11.553,3,2,3,2,25
model,50,21,13,12,0,0.3750,0.5000,0.7500,-0.1250,2,1,48,48,23.0,23.000,4,7,3,9,25
real,50,14,11,11,1,0.2500,0.7500,0.5000,0.3750,2,1,48,48,22.0,21.064,7,8,5,2,22
model,50,14,11,11,1,0.1250,0.5000,0.2500,0.6250,4,1,41,41,16.0,15.489,7,1,2,6,22
real,50,14,11,13,0,0.3750,0.6250,0.5000,0.2500,4,1,35,35,12.0,10.553,3,4,3,2,24
model,50,14,11,13,0,-0.1250,0.3750,0.1250,0.7500,4,1,22,22,6.0,7.340,2,2,1,1,24
real,50,21,9,12,1,-0.1250,1.0000,0.3750,0.3750,2,1,48,48,21.0,20.106,6,8,5,2,21
model,50,21,9,12,1,0.1250,0.3750,0.2500,-0.1250,5,0,28,5,9.0,6.915,2,2,3,2,21
real,50,43,11,11,0,-0.1250,0.5000,0.3750,0.3750,3,1,42,42,15.0,15.362,5,5,2,3,22
model,50,43,11,11,0,0.1250,0.8750,0.6250,0.5000,5,1,22,22,7.0,6.723,2,2,2,1,22
real,50,43,10,13,0,-0.5000,0.7500,0.7500,0.3750,2,1,48,48,19.0,22.021,4,7,4,4,23
model,50,43,10,13,0,1.0000,1.0000,1.0000,1.0000,2,1,48,48,20.0,20.149,2,5,8,5,23
real,50,43,10,9,0,-0.3750,0.5000,0.3750,0.1250,4,0,11,17,3.0,5.043,0,1,1,1,19
model,50,43,10,9,0,1.0000,1.0000,1.0000,1.0000,4,0,2,21,4.0,6.574,3,0,0,1,19
real,50,43,14,11,0,0.0000,0.5000,0.0000,0.1250,3,0,13,35,9.0,13.851,3,0,4,2,25
model,50,43,14,11,0,0.1250,0.5000,0.1250,0.5000,4,1,32,32,13.0,10.915,2,6,0,5,25
real,50,16,12,11,0,0.3750,0.6250,0.5000,0.2500,4,0,35,3,9.0,10.298,0,3,4,2,23
model,50,16,12,11,0,0.3750,0.8750,0.8750,0.7500,3,1,15,15,13.0,7.404,4,5,3,1,23
real,50,11,11,8,0,0.0000,0.3750,0.3750,0.8750,3,0,25,10,3.0,7.255,0,2,0,1,19
model,50,11,11,8,0,-0.1250,0.6250,0.6250,0.1250,3,1,33,33,11.0,9.128,0,2,5,4,19
real,50,11,12,11,0,0.2500,0.8750,0.5000,-0.2500,2,1,48,48,21.0,22.021,2,7,3,9,23
model,50,11,12,11,0,0.0000,0.6250,0.5000,0.6250,3,0,13,14,10.0,7.851,2,3,2,3,23
real,50,16,9,11,1,-0.1250,0.8750,0.7500,0.3750,4,1,29,29,8.0,7.745,3,1,2,2,20
model,50,16,9,11,1,0.0000,0.3750,0.3750,0.3750,3,0,3,42,14.0,14.660,2,6,4,2,20
real,50,48,12,15,0,0.2500,0.8750,0.5000,0.6250,5,0,17,22,10.0,8.128,4,4,1,1,27
model,50,48,12,15,0,0.0000,0.6250,0.0000,-0.1250,2,1,46,46,23.0,23.851,6,8,4,5,27
real,50,48,11,9,0,-0.6250,0.5000,0.5000,0.5000,4,0,31,9,13.0,8.404,1,6,2,4,20
model,50,48,11,9,0,0.3750,1.0000,0.8750,0.6250,1,1,50,50,20.0,20.000,5,7,3,5,20
real,50,48,12,11,0,0.7500,0.6250,0.6250,0.6250,2,1,46,46,19.0,18.489,5,4,4,6,23
model,50,48,12,11,0,0.6250,0.6250,0.3750,0.5000,4,0,5,20,10.0,9.766,1,4,2,3,23
real,50,48,14,10,0,0.2500,0.5000,0.3750,0.6250,3,1,27,27,8.0,8.426,2,2,1,3,24
model,50,48,14,10,0,0.2500,0.3750,0.5000,0.2500,2,1,47,47,21.0,21.574,5,4,6,6,24
real,50,8,13,10,0,0.1250,0.6250,0.2500,0.8750,5,0,16,13,5.0,5.638,0,0,4,1,23
model,50,8,13,10,0,0.1250,0.6250,0.2500,-0.1250,3,1,36,36,12.0,13.404,2,5,2,3,23
real,50,6,12,12,0,0.2500,0.5000,0.7500,0.6250,6,0,10,3,7.0,5.489,1,2,3,1,24
model,50,6,12,12,0,0.5000,0.1250,-0.1250,0.3750,5,0,5,35,13.0,12.298,1,5,5,2,24
real,50,8,10,14,0,0.2500,1.0000,0.6250,0.7500,3,1,11,11,12.0,12.638,4,3,2,3,24
model,50,8,10,14,0,-0.2500,0.8750,0.8750,0.6250,5,0,2,21,9.0,6.830,3,0,3,3,24
real,50,8,11,8,1,0.1250,0.7500,0.2500,0.3750,6,0,12,24,8.0,5.255,0,1,6,1,19
model,50,8,11,8,1,0.1250,0.5000,0.3750,-0.2500,6,0,14,7,1.0,4.383,1,0,0,0,19
real,50,19,13,15,0,0.1250,0.6250,0.6250,0.2500,5,1,19,19,9.0,7.149,4,2,1,2,28
model,50,19,13,15,0,0.2500,0.8750,0.8750,0.8750,3,0,21,6,12.0,10.872,1,5,4,2,28
real,50,19,11,12,0,0.1250,0.8750,0.7500,0.7500,1,1,50,50,23.0,23.000,6,6,6,5,23
model,50,19,11,12,0,0.3750,0.6250,0.5000,0.6250,4,1,34,34,10.0,9.213,5,1,1,3,23
real,50,12,11,14,0,0.0000,0.3750,0.3750,0.2500,4,1,19,19,7.0,7.319,1,1,1,4,25
model,50,12,11,14,0,0.1250,0.6250,0.1250,0.1250,1,1,50,50,25.0,25.000,7,6,6,6,25
real,50,19,10,11,0,0.1250,0.3750,-0.1250,0.5000,2,1,38,38,10.0,12.574,1,2,5,2,21
model,50,19,10,11,0,-0.1250,0.8750,0.0000,0.6250,1,1,50,50,21.0,21.000,5,1,10,5,21
real,50,44,12,13,0,0.2500,0.3750,0.2500,0.3750,5,0,6,33,7.0,10.574,2,1,2,2,25
model,50,44,12,13,0,0.2500,0.2500,0.5000,0.3750,2,0,30,20,14.0,12.979,2,7,1,4,25
real,50,44,13,15,0,0.2500,1.0000,0.7500,0.7500,5,0,3,8,10.0,10.872,2,2,2,4,28
model,50,44,13,15,0,-0.3750,0.5000,0.6250,0.1250,4,1,8,8,18.0,18.723,4,5,4,5,28
real,50,44,12,12,0,0.3750,0.7500,0.8750,0.8750,2,1,39,39,16.0,15.064,3,3,5,5,24
model,50,44,12,12,0,1.0000,1.0000,1.0000,1.0000,3,1,46,46,21.0,20.170,5,6,3,7,24
real,50,44,14,11,0,0.1250,0.8750,0.7500,0.0000,3,0,3,30,12.0,12.340,2,3,4,3,25
model,50,44,14,11,0,-0.2500,0.6250,0.6250,0.6250,3,1,42,42,14.0,16.957,4,4,4,2,25
real,50,26,14,12,0,0.1250,0.5000,0.5000,0.2500,2,1,47,47,23.0,23.447,7,4,7,5,26
model,50,26,14,12,0,0.2500,0.7500,0.6250,0.3750,2,1,46,46,21.0,22.085,4,9,3,5,26
real,50,9,12,10,2,0.6250,0.6250,0.7500,0.7500,6,1,25,25,6.0,6.340,1,0,3,2,22
model,50,9,12,10,2,0.3750,0.6250,0.0000,0.6250,2,0,34,16,11.0,12.298,1,2,3,5,22
real,50,26,12,9,0,-0.1250,0.7500,1.0000,0.5000,4,1,24,24,7.0,7.340,2,3,0,2,21
model,50,26,12,9,0,0.1250,0.5000,0.5000,0.0000,3,1,32,32,10.0,11.468,3,2,1,4,21
real,50,26,9,8,2,0.1250,0.8750,0.5000,0.0000,3,1,46,46,17.0,15.553,3,5,6,3,17
model,50,26,9,8,2,0.6250,1.0000,0.6250,0.5000,6,1,5,5,9.0,6.532,4,1,3,1,17
real,50,17,16,13,0,0.1250,0.6250,0.7500,0.3750,3,1,43,43,22.0,23.894,4,9,7,2,29
model,50,17,16,13,0,-0.3750,0.5000,0.3750,0.3750,2,0,28,22,15.0,14.128,3,4,4,4,29
real,50,24,11,8,0,0.5000,0.8750,0.3750,0.1250,3,0,24,14,8.0,6.915,2,2,4,0,19
model,50,24,11,8,0,0.2500,0.3750,0.7500,0.3750,3,1,35,35,10.0,9.426,4,2,2,2,19
real,50,24,9,10,0,-0.2500,0.5000,0.2500,0.1250,3,1,42,42,12.0,12.702,2,4,4,2,19
model,50,24,9,10,0,0.3750,0.7500,0.7500,0.5000,4,0,24,16,6.0,6.596,1,1,2,2,19
real,50,24,13,11,0,0.1250,0.8750,1.0000,0.8750,3,1,18,18,10.0,7.660,1,2,5,2,24
model,50,24,13,11,0,0.0000,0.7500,0.6250,0.2500,3,0,12,12,10.0,9.255,1,1,4,4,24
real,50,19,11,11,0,0.2500,0.3750,0.3750,0.1250,3,1,19,19,11.0,7.043,0,4,3,4,22
model,50,19,11,11,0,0.5000,1.0000,0.7500,0.6250,5,0,10,13,6.0,4.830,1,1,1,3,22
real,50,19,12,16,0,0.0000,0.5000,0.1250,0.0000,4,0,9,25,4.0,10.383,1,2,0,1,28
model,50,19,12,16,0,0.1250,0.6250,0.3750,-0.1250,4,0,3,30,10.0,13.149,3,2,2,3,28
real,50,19,12,10,0,0.2500,0.5000,0.8750,0.3750,1,1,50,50,22.0,22.000,4,7,6,5,22
model,50,19,12,10,0,0.0000,0.8750,0.5000,0.5000,1,1,50,50,22.0,22.000,8,8,3,3,22
real,50,19,10,13,1,0.1250,0.3750,0.3750,-0.1250,2,1,48,48,23.0,22.021,8,7,5,3,23
model,50,19,10,13,1,0.1250,0.3750,0.6250,0.3750,5,1,22,22,4.0,5.064,1,0,2,1,23
real,50,34,13,10,0,0.5000,0.5000,0.3750,0.5000,1,1,50,50,23.0,23.000,4,3,7,9,23
model,50,34,13,10,0,-0.1250,0.3750,0.5000,0.1250,3,0,31,16,10.0,12.596,2,5,1,2,23
real,50,14,12,10,0,0.1250,0.6250,0.6250,-0.1250,3,0,10,10,11.0,10.894,3,2,5,1,22
model,50,14,12,10,0,-0.2500,0.7500,0.6250,0.5000,5,1,18,18,3.0,5.362,0,1,1,1,22
real,50,34,11,12,1,-0.1250,0.6250,0.2500,0.2500,7,1,24,24,6.0,6.702,0,3,2,1,23
model,50,34,11,12,1,-0.1250,0.8750,0.6250,0.5000,2,0,5,45,21.0,19.340,5,7,4,5,23
real,50,34,12,10,1,-0.3750,0.6250,0.2500,-0.1250,3,1,46,46,20.0,19.234,3,6,5,6,22
model,50,34,12,10,1,0.1250,0.5000,0.1250,0.3750,7,0,16,9,5.0,4.000,1,1,1,2,22
real,50,36,9,15,0,-0.1250,0.2500,0.3750,0.1250,2,1,32,32,15.0,12.766,3,5,3,4,24
model,50,36,9,15,0,0.5000,0.8750,0.6250,0.8750,3,1,25,25,13.0,10.553,3,3,4,3,24
real,50,36,14,10,0,0.2500,0.6250,0.3750,0.5000,3,0,26,20,7.0,9.766,1,2,3,1,24
model,50,36,14,10,0,0.5000,0.2500,0.2500,0.1250,4,0,22,20,8.0,7.872,1,1,5,1,24
real,50,36,14,15,0,0.0000,0.3750,0.7500,0.6250,7,0,25,2,9.0,8.745,2,1,5,1,29
model,50,36,14,15,0,-0.3750,0.8750,0.6250,0.5000,2,1,38,38,19.0,20.064,5,4,4,6,29
real,50,36,12,10,0,-0.3750,0.3750,0.2500,0.1250,3,0,15,30,9.0,10.298,2,2,4,1,22
model,50,36,12,10,0,0.1250,0.5000,0.6250,0.5000,4,1,23,23,7.0,6.596,1,1,2,3,22
real,50,39,10,8,1,-0.1250,0.5000,0.2500,0.0000,5,0,18,9,8.0,6.191,1,0,5,2,18
model,50,39,10,8,1,-0.2500,0.6250,1.0000,0.2500,4,0,14,29,5.0,6.957,0,1,2,2,18
real,50,39,12,13,0,-0.2500,0.6250,0.7500,0.3750,4,1,36,36,12.0,12.766,2,2,3,5,25
model,50,39,12,13,0,0.5000,0.5000,0.1250,0.1250,3,1,45,45,19.0,18.894,4,5,7,3,25
real,50,39,10,9,0,0.7500,0.5000,0.5000,0.5000,2,1,39,39,10.0,10.128,3,1,2,4,19
model,50,39,10,9,0,-0.2500,0.3750,0.0000,0.5000,4,0,6,22,3.0,5.660,0,2,1,0,19
real,50,39,11,11,0,0.0000,0.6250,0.3750,0.7500,4,0,20,6,7.0,6.723,0,3,3,1,22
model,50,39,11,11,0,0.0000,1.0000,0.5000,0.3750,5,0,22,12,5.0,5.447,0,1,3,1,22
real,50,28,13,12,1,0.1250,0.2500,0.0000,0.0000,3,0,41,7,19.0,18.574,7,5,3,4,25
model,50,28,13,12,1,-0.5000,0.8750,0.8750,0.2500,3,0,25,23,7.0,11.766,3,2,2,0,25
real,50,14,9,12,0,1.0000,1.0000,1.0000,1.0000,2,1,48,48,18.0,18.234,4,4,4,6,21
model,50,14,9,12,0,0.1250,0.7500,0.5000,0.2500,4,0,21,6,6.0,6.851,1,1,2,2,21
real,50,28,12,7,0,-0.1250,0.6250,0.0000,0.2500,3,0,10,32,8.0,7.830,3,1,1,3,19
model,50,28,12,7,0,0.0000,0.5000,0.3750,0.5000,3,1,42,42,12.0,11.915,3,4,2,3,19
real,50,28,9,10,0,-0.1250,0.7500,0.6250,0.3750,3,0,31,5,8.0,8.149,3,1,1,3,19
model,50,28,9,10,0,0.2500,0.6250,0.7500,0.3750,6,0,8,13,7.0,3.532,2,1,3,1,19
real,50,23,11,10,0,0.1250,0.6250,0.1250,0.5000,1,1,50,50,21.0,21.000,3,7,5,6,21
model,50,23,11,10,0,0.1250,0.5000,0.5000,0.5000,3,0,31,7,11.0,9.383,0,5,3,3,21
real,50,23,10,13,0,-0.3750,0.6250,1.0000,0.6250,4,0,24,16,7.0,8.574,1,1,2,3,23
model,50,23,10,13,0,-0.1250,0.7500,0.2500,0.5000,2,0,5,45,21.0,19.340,7,3,7,4,23
real,50,25,9,12,0,0.3750,0.5000,0.3750,0.8750,3,0,40,8,13.0,13.362,1,6,3,3,21
model,50,25,9,12,0,0.2500,0.7500,0.7500,0.6250,4,1,32,32,12.0,9.574,2,4,3,3,21
real,50,23,10,12,0,-0.3750,0.3750,0.6250,0.0000,5,1,23,23,6.0,7.128,2,0,3,1,22
model,50,23,10,12,0,-0.1250,0.2500,1.0000,0.6250,4,0,17,22,10.0,7.660,4,0,2,4,22
real,50,23,9,14,0,0.2500,0.6250,0.5000,0.3750,5,0,28,4,11.0,9.702,2,3,5,1,23
model,50,23,9,14,0,-0.1250,0.6250,0.1250,0.3750,2,1,48,48,21.0,22.021,5,6,5,5,23
real,50,15,12,13,0,0.1250,0.6250,0.5000,0.8750,2,0,15,35,16.0,15.000,5,4,2,5,25
model,50,15,12,13,0,-0.1250,0.7500,0.0000,0.0000,2,1,47,47,21.0,22.511,5,4,6,6,25
real,50,23,10,9,0,0.0000,0.5000,0.2500,0.5000,5,1,19,19,4.0,4.766,0,1,1,2,19
model,50,23,10,9,0,-0.2500,0.7500,0.0000,-0.1250,4,0,24,15,8.0,6.787,3,2,1,2,19
real,50,23,9,8,0,-0.3750,0.7500,0.5000,0.5000,4,1,31,31,6.0,5.787,2,1,1,2,17
model,50,23,9,8,0,0.1250,0.8750,0.5000,0.1250,4,1,29,29,5.0,5.596,1,3,1,0,17
real,50,45,11,12,1,-0.1250,1.0000,0.6250,0.6250,4,1,42,42,15.0,14.404,6,3,4,2,23
model,50,45,11,12,1,0.0000,0.7500,0.2500,0.8750,3,0,3,44,19.0,20.553,3,7,6,3,23
real,50,45,10,14,0,-0.1250,0.7500,0.2500,0.6250,3,0,33,11,14.0,12.851,2,4,3,5,24
model,50,45,10,14,0,-0.3750,0.5000,0.3750,0.5000,4,0,33,8,13.0,12.638,3,6,3,1,24
real,50,45,11,13,0,-0.3750,0.8750,0.7500,0.0000,7,0,10,15,8.0,4.021,3,2,3,0,24
model,50,45,11,13,0,0.0000,0.3750,0.3750,0.0000,4,1,22,22,6.0,6.511,1,3,1,1,24
real,50,45,14,13,0,0.3750,0.7500,0.7500,0.6250,4,0,25,11,6.0,9.511,1,0,2,3,27
model,50,45,14,13,0,-0.1250,0.2500,0.2500,0.3750,2,1,47,47,23.0,23.489,4,10,5,4,27
real,50,45,12,12,0,-0.1250,0.6250,0.1250,0.2500,3,0,25,22,10.0,10.596,3,2,4,1,24
model,50,45,12,12,0,0.2500,0.7500,0.6250,0.2500,4,0,28,4,13.0,9.447,3,2,2,6,24
real,50,45,14,11,0,0.0000,0.3750,-0.1250,0.6250,4,1,42,42,17.0,16.766,6,6,3,2,25
model,50,45,14,11,0,-0.1250,0.8750,0.5000,0.3750,6,0,12,8,2.0,4.000,0,1,1,0,25
real,50,45,10,11,0,0.0000,0.7500,0.1250,0.2500,3,1,42,42,14.0,12.830,3,5,5,1,21
model,50,45,10,11,0,0.3750,0.6250,0.6250,0.2500,4,0,18,24,3.0,7.064,1,1,1,0,21
real,50,45,12,10,1,0.0000,0.8750,0.1250,0.3750,5,0,22,6,11.0,7.915,0,3,4,4,22
model,50,45,12,10,1,0.1250,0.5000,0.1250,0.2500,2,0,28,22,16.0,11.149,5,5,2,4,22
real,50,30,10,13,0,0.0000,0.5000,0.2500,0.5000,3,0,8,38,15.0,14.298,3,6,4,2,23
model,50,30,10,13,0,-0.3750,0.5000,0.3750,0.3750,2,1,48,48,21.0,22.021,5,2,9,5,23
real,50,30,14,12,0,-0.1250,0.2500,0.5000,0.6250,3,1,37,37,13.0,15.277,4,2,3,4,26
model,50,30,14,12,0,1.0000,1.0000,1.0000,1.0000,2,1,46,46,24.0,22.936,9,6,6,3,26
real,50,30,12,11,0,-0.2500,0.7500,0.6250,0.7500,3,1,33,33,16.0,11.000,5,6,2,3,23
model,50,30,12,11,0,0.2500,0.5000,0.3750,0.6250,2,1,43,43,19.0,18.128,3,5,7,4,23
real,50,30,10,14,0,0.2500,0.6250,0.0000,0.2500,2,1,32,32,12.0,12.511,4,2,5,1,24
model,50,30,10,14,0,0.6250,0.6250,0.5000,0.5000,2,1,47,47,23.0,22.468,5,5,7,6,24
real,50,12,13,12,0,0.0000,0.8750,0.5000,0.3750,3,0,36,11,21.0,14.979,4,9,6,2,25
model,50,12,13,12,0,1.0000,1.0000,1.0000,1.0000,4,1,12,12,13.0,13.064,3,3,4,3,25
real,50,24,12,10,1,0.2500,0.7500,0.5000,0.5000,4,0,34,11,12.0,11.894,3,2,6,1,22
model,50,24,12,10,1,-0.1250,0.6250,0.7500,0.2500,3,0,24,21,10.0,8.128,1,3,4,2,22
real,50,24,10,9,0,0.5000,0.8750,0.8750,0.6250,6,1,17,17,6.0,4.128,2,2,0,2,19
model,50,24,10,9,0,-0.1250,1.0000,0.5000,0.5000,4,0,12,23,6.0,5.766,1,1,3,1,19
real,50,24,10,11,0,0.1250,0.6250,0.5000,0.2500,4,1,41,41,15.0,13.234,5,5,4,1,21
model,50,24,10,11,0,-0.2500,0.3750,0.3750,0.3750,3,0,7,40,14.0,14.043,3,5,1,5,21
real,50,16,9,10,0,-0.2500,0.7500,0.8750,0.5000,3,0,23,12,5.0,6.574,1,2,1,1,19
model,50,16,9,10,0,0.1250,0.5000,0.3750,0.1250,2,0,7,43,13.0,15.809,6,1,5,1,19
real,50,18,14,13,0,0.0000,1.0000,0.0000,0.5000,4,1,27,27,9.0,10.191,0,6,2,1,27
model,50,18,14,13,0,0.3750,0.3750,0.5000,0.0000,3,1,44,44,20.0,20.234,5,6,5,4,27
real,50,16,15,10,0,-0.1250,0.7500,0.6250,0.3750,3,1,41,41,14.0,14.766,6,3,3,2,25
model,50,16,15,10,0,-0.1250,0.3750,0.2500,0.3750,4,1,38,38,12.0,12.617,3,4,2,3,25
real,50,16,9,14,1,0.1250,0.7500,0.6250,0.6250,3,1,45,45,20.0,19.702,5,5,5,5,23
model,50,16,9,14,1,0.0000,0.3750,0.1250,0.2500,4,0,8,16,7.0,7.277,2,1,2,2,23
real,50,22,10,11,0,0.0000,0.5000,0.2500,0.5000,3,0,34,8,11.0,12.681,1,4,4,2,21
model,50,22,10,11,0,1.0000,1.0000,1.0000,1.0000,3,1,34,34,13.0,11.553,3,2,5,3,21
real,50,12,10,10,0,0.0000,0.2500,0.5000,0.1250,3,1,30,30,7.0,8.596,2,0,4,1,20
model,50,12,10,10,0,-0.1250,0.5000,0.0000,-0.2500,4,1,44,44,14.0,15.745,3,2,7,2,20
real,50,14,12,9,0,0.0000,0.6250,0.5000,-0.2500,4,0,18,19,3.0,6.596,0,2,1,0,21
model,50,14,12,9,0,0.2500,0.5000,0.7500,0.5000,4,0,30,15,8.0,6.830,1,3,3,1,21
real,50,22,7,13,0,-0.5000,0.3750,0.1250,0.1250,3,1,44,44,15.0,15.787,7,2,3,3,20
model,50,22,7,13,0,0.2500,0.8750,0.6250,0.3750,5,1,9,9,4.0,5.723,1,0,2,1,20
real,50,20,12,14,0,0.0000,0.6250,0.7500,0.6250,3,1,25,25,10.0,10.319,3,1,2,4,26
model,50,20,12,14,0,-0.2500,0.7500,0.6250,0.7500,2,1,42,42,20.0,18.170,4,6,4,6,26
real,50,20,12,14,0,-0.3750,0.5000,0.2500,0.1250,5,0,9,9,8.0,6.894,1,1,2,4,26
model,50,20,12,14,0,0.1250,0.5000,0.6250,0.3750,4,1,16,16,5.0,8.553,2,2,1,0,26
real,50,20,12,11,0,0.3750,0.7500,0.0000,0.1250,6,0,8,16,5.0,5.319,0,1,3,1,23
model,50,20,12,11,0,0.0000,0.7500,0.0000,0.1250,6,1,20,20,6.0,4.617,2,2,2,0,23
real,50,20,12,12,0,0.1250,0.7500,0.5000,0.2500,7,0,12,20,5.0,5.298,1,1,2,1,24
model,50,20,12,12,0,0.2500,0.6250,0.5000,0.2500,3,0,17,28,12.0,10.234,3,0,4,5,24
real,50,46,10,15,0,0.0000,0.6250,0.7500,0.5000,5,0,2,31,9.0,8.340,0,4,3,2,25
model,50,46,10,15,0,-0.2500,0.7500,0.1250,0.3750,5,0,11,19,12.0,6.723,2,5,1,4,25
real,50,46,14,13,0,0.2500,0.8750,0.8750,0.1250,3,0,33,14,14.0,13.957,3,3,4,4,27
model,50,46,14,13,0,0.0000,0.2500,-0.1250,0.1250,4,1,24,24,8.0,8.638,2,2,4,0,27
real,50,46,8,11,0,1.0000,1.0000,1.0000,1.0000,2,1,48,48,17.0,18.191,4,3,6,4,19
model,50,46,8,11,0,0.3750,0.7500,0.2500,0.7500,3,0,41,7,17.0,14.319,5,5,2,5,19
real,50,46,16,11,0,0.0000,0.2500,0.6250,0.3750,2,0,24,26,17.0,13.362,3,7,3,4,27
model,50,46,16,11,0,-0.1250,1.0000,0.3750,0.0000,1,1,50,50,27.0,27.000,7,5,6,9,27
real,50,50,11,10,0,0.3750,0.6250,0.5000,-0.1250,3,0,22,17,3.0,7.021,2,1,0,0,21
model,50,50,11,10,0,-0.2500,0.6250,0.6250,0.0000,4,1,37,37,13.0,13.404,1,8,3,1,21
real,50,50,12,11,0,0.0000,0.7500,0.6250,0.6250,6,0,8,5,5.0,5.170,0,3,2,0,23
model,50,50,12,11,0,0.1250,0.7500,0.6250,0.5000,3,0,2,46,21.0,20.617,5,4,4,8,23
real,50,50,11,10,0,0.6250,0.7500,0.3750,0.3750,1,1,50,50,21.0,21.000,2,7,9,3,21
model,50,50,11,10,0,-0.5000,0.6250,-0.2500,0.2500,3,1,43,43,15.0,15.511,4,5,3,3,21
real,50,50,13,9,1,-0.2500,0.6250,0.2500,0.1250,4,0,8,36,11.0,12.809,5,1,5,0,22
model,50,50,13,9,1,-0.1250,0.8750,0.8750,0.2500,8,0,18,4,6.0,3.128,2,1,1,2,22
real,50,46,11,13,0,0.2500,0.7500,0.0000,0.5000,4,0,26,17,7.0,9.511,0,1,4,2,24
model,50,46,11,13,0,0.0000,0.7500,0.2500,0.2500,4,1,23,23,4.0,7.255,1,2,0,1,24
real,50,46,13,13,0,0.2500,0.3750,0.5000,0.5000,8,0,25,5,5.0,7.106,1,1,2,1,26
model,50,46,13,13,0,0.5000,0.8750,0.6250,0.7500,3,0,40,3,16.0,16.255,3,4,2,7,26
real,50,46,9,13,0,0.1250,0.7500,0.5000,0.0000,4,0,20,9,4.0,5.745,0,1,3,0,22
model,50,46,9,13,0,0.2500,0.8750,0.7500,0.1250,4,1,36,36,14.0,12.213,4,4,1,5,22
real,50,46,16,14,0,0.1250,0.8750,0.1250,-0.1250,5,0,26,7,6.0,8.468,3,0,2,1,30
model,50,46,16,14,0,0.5000,0.2500,0.0000,0.2500,3,0,7,40,22.0,20.681,3,8,6,5,30
real,50,27,12,12,0,-0.1250,0.7500,0.7500,0.3750,3,0,42,5,17.0,17.234,2,8,3,4,24
model,50,27,12,12,0,0.3750,0.6250,0.2500,0.6250,4,0,21,24,11.0,9.532,3,4,1,3,24
real,50,27,9,10,1,-0.1250,0.2500,0.1250,0.1250,5,0,28,7,6.0,7.404,3,1,2,0,19
model,50,27,9,10,1,0.2500,0.2500,0.6250,-0.1250,4,0,37,8,8.0,10.872,2,4,0,2,19
real,50,27,11,13,0,0.3750,0.1250,0.1250,0.3750,1,1,50,50,24.0,24.000,2,8,8,6,24
model,50,27,11,13,0,-0.3750,0.5000,0.6250,0.6250,3,0,19,29,16.0,11.106,5,8,1,2,24
real,50,27,12,14,0,-0.3750,0.5000,0.7500,0.7500,5,0,26,9,7.0,9.702,1,3,3,0,26
model,50,27,12,14,0,-0.1250,0.3750,0.7500,0.5000,3,1,35,35,11.0,13.340,3,3,4,1,26
real,50,45,15,12,0,-0.3750,0.5000,0.7500,0.2500,3,0,11,30,9.0,14.021,1,3,4,1,27
model,50,45,15,12,0,0.0000,0.6250,0.7500,0.2500,5,1,34,34,12.0,12.468,1,4,3,4,27
real,50,45,10,11,0,-0.1250,0.5000,0.3750,-0.2500,2,1,44,44,20.0,18.319,3,8,6,3,21
model,50,45,10,11,0,-0.1250,0.3750,0.2500,0.1250,3,1,30,30,7.0,10.106,2,2,2,1,21
real,50,45,10,11,0,1.0000,1.0000,1.0000,1.0000,5,0,17,2,5.0,4.681,1,1,3,0,21
model,50,45,10,11,0,1.0000,1.0000,1.0000,1.0000,3,1,29,29,7.0,8.936,0,2,2,3,21
real,50,45,14,11,0,-0.5000,0.3750,0.6250,0.1250,3,0,37,11,14.0,14.957,2,7,3,2,25
model,50,45,14,11,0,-0.2500,0.6250,0.2500,0.2500,4,0,31,14,10.0,14.128,2,5,3,0,25
real,50,33,11,9,0,-0.3750,0.6250,0.5000,0.0000,3,1,44,44,15.0,14.979,1,5,8,1,20
model,50,33,11,9,0,0.2500,0.8750,0.1250,0.5000,3,0,14,28,8.0,8.064,3,1,4,0,20
real,50,33,12,10,0,0.0000,0.5000,0.6250,0.2500,3,0,8,33,8.0,12.915,2,2,3,1,22
model,50,33,12,10,0,0.0000,0.5000,0.1250,0.2500,4,1,35,35,9.0,12.170,3,4,1,1,22
real,50,33,9,9,1,0.2500,0.7500,0.1250,0.2500,3,0,18,30,6.0,8.170,0,3,0,3,18
model,50,33,9,9,1,1.0000,1.0000,1.0000,1.0000,2,1,47,47,14.0,14.170,2,5,4,3,18
real,50,33,8,10,0,1.0000,1.0000,1.0000,1.0000,5,1,31,31,6.0,6.213,3,1,2,0,18
model,50,33,8,10,0,0.0000,0.5000,0.2500,-0.1250,3,1,34,34,10.0,9.830,2,3,5,0,18
real,50,33,13,13,0,0.0000,0.8750,0.8750,-0.2500,3,1,29,29,9.0,9.340,1,1,2,5,26
model,50,33,13,13,0,0.2500,0.5000,0.7500,0.1250,3,0,28,20,13.0,11.809,5,3,3,2,26
real,50,33,12,13,1,-0.2500,0.2500,0.1250,0.5000,5,1,20,20,8.0,9.915,0,4,1,3,25
model,50,33,12,13,1,0.1250,0.8750,0.2500,0.2500,3,0,9,33,16.0,12.404,2,5,4,5,25
real,50,33,11,10,0,0.0000,0.8750,0.1250,0.3750,2,1,45,45,15.0,15.532,4,3,5,3,21
model,50,33,11,10,0,1.0000,1.0000,1.0000,1.0000,5,0,4,21,11.0,6.128,1,4,3,3,21
real,50,33,11,14,0,-0.1250,0.6250,0.1250,0.5000,3,0,23,18,7.0,8.319,2,2,2,1,25
model,50,33,11,14,0,0.3750,0.7500,0.3750,0.5000,2,1,33,33,16.0,12.979,3,5,5,3,25
real,50,11,9,12,0,-0.1250,0.5000,0.5000,0.6250,2,1,31,31,8.0,11.660,1,2,2,3,21
model,50,11,9,12,0,1.0000,1.0000,1.0000,1.0000,2,1,48,48,19.0,20.106,3,7,4,5,21
real,50,29,10,11,1,0.3750,0.2500,0.6250,0.5000,4,1,30,30,11.0,9.596,2,4,5,0,21
model,50,29,10,11,1,0.1250,0.7500,0.7500,0.6250,3,0,13,23,10.0,7.468,1,5,1,3,21
real,50,29,12,13,0,0.3750,0.3750,0.5000,0.1250,6,1,26,26,7.0,7.000,1,1,4,1,25
model,50,29,12,13,0,1.0000,1.0000,1.0000,1.0000,5,1,25,25,8.0,8.149,4,2,1,1,25
real,50,29,13,13,0,0.2500,0.7500,0.2500,0.2500,3,0,44,4,20.0,21.532,8,3,7,2,26
model,50,29,13,13,0,1.0000,1.0000,1.0000,1.0000,3,1,42,42,21.0,19.404,1,10,3,7,26
real,50,44,12,14,0,-0.1250,0.7500,0.5000,0.1250,4,0,8,32,8.0,10.213,2,3,1,2,26
model,50,44,12,14,0,-0.1250,0.3750,0.3750,-0.1250,2,1,47,47,23.0,23.447,3,9,5,6,26
real,50,44,12,15,0,0.1250,0.5000,0.0000,0.8750,3,1,35,35,18.0,13.255,1,6,6,5,27
model,50,44,12,15,0,-0.1250,0.8750,0.6250,0.3750,4,0,16,9,3.0,8.043,0,1,0,2,27
real,50,44,14,16,0,0.0000,0.5000,0.3750,0.3750,2,1,43,43,21.0,20.468,5,5,5,6,30
model,50,44,14,16,0,-0.1250,0.7500,0.6250,0.1250,7,0,4,19,9.0,6.085,3,2,4,0,30
real,50,44,10,7,0,0.3750,0.6250,0.5000,0.3750,3,0,18,26,7.0,6.447,2,0,3,2,17
model,50,44,10,7,0,-0.1250,0.3750,0.3750,-0.3750,3,1,40,40,10.0,12.064,4,3,1,2,17
real,50,40,11,13,0,0.7500,0.6250,0.7500,-0.2500,4,0,23,5,6.0,7.064,3,1,1,1,24
model,50,40,11,13,0,-0.1250,0.7500,0.1250,0.1250,1,1,50,50,24.0,24.000,5,4,9,6,24
real,50,40,9,13,1,0.6250,0.7500,-0.1250,0.3750,2,1,48,48,22.0,21.064,4,6,5,7,22
model,50,40,9,13,1,0.2500,0.6250,0.6250,0.3750,5,0,3,32,8.0,10.617,4,1,1,2,22
real,50,40,10,10,2,0.0000,0.6250,0.2500,0.0000,3,1,46,46,20.0,18.298,1,7,6,6,20
model,50,40,10,10,2,0.3750,0.6250,0.5000,0.1250,4,0,31,14,7.0,8.915,3,1,3,0,20
real,50,40,10,11,0,-0.3750,0.5000,0.7500,0.6250,3,0,23,25,9.0,9.426,1,3,5,0,21
model,50,40,10,11,0,0.2500,0.6250,0.3750,0.1250,5,0,14,7,7.0,6.915,1,2,2,2,21
real,50,48,9,12,1,-0.1250,0.7500,0.6250,0.3750,5,0,6,33,12.0,10.362,3,3,5,1,21
model,50,48,9,12,1,-0.1250,0.7500,0.1250,0.3750,6,0,18,9,9.0,5.128,3,4,1,1,21
real,50,48,13,12,0,0.6250,1.0000,0.8750,1.0000,4,0,14,15,5.0,7.213,0,1,2,2,25
model,50,48,13,12,0,0.0000,0.8750,0.3750,0.3750,5,0,6,8,6.0,8.191,0,1,2,3,25
real,50,48,17,13,0,0.3750,0.2500,0.2500,0.1250,5,1,32,32,11.0,11.660,0,2,6,3,30
model,50,48,17,13,0,0.1250,0.5000,0.7500,0.5000,2,1,22,22,21.0,15.532,4,5,9,3,30
real,50,48,12,10,0,0.1250,0.2500,0.2500,0.2500,5,1,18,18,6.0,6.553,2,1,2,1,22
model,50,48,12,10,0,0.0000,0.6250,0.5000,0.5000,5,0,9,19,6.0,4.596,1,1,4,0,22
real,50,50,11,11,1,0.3750,0.3750,0.6250,-0.2500,4,0,11,24,8.0,7.277,2,1,5,0,22
model,50,50,11,11,1,0.0000,0.3750,0.6250,0.2500,4,1,22,22,2.0,6.766,0,0,2,0,22
real,50,50,9,10,0,0.3750,0.6250,0.5000,0.1250,5,1,22,22,3.0,4.766,1,1,0,1,19
model,50,50,9,10,0,0.1250,0.6250,0.7500,0.0000,3,1,43,43,15.0,14.638,4,1,3,7,19
real,50,50,13,10,0,-0.2500,0.7500,0.8750,0.5000,2,1,47,47,18.0,18.851,7,5,5,1,23
model,50,50,13,10,0,-0.5000,0.5000,0.1250,0.2500,5,0,3,21,5.0,6.787,0,0,3,2,23
real,50,50,12,11,0,-0.6250,0.8750,1.0000,0.3750,1,1,50,50,23.0,23.000,6,10,3,4,23
model,50,50,12,11,0,0.1250,0.5000,0.5000,0.5000,4,0,6,18,7.0,7.128,0,1,5,1,23
real,50,17,14,11,1,0.2500,0.6250,0.6250,0.6250,4,1,26,26,11.0,9.936,3,2,3,3,25
model,50,17,14,11,1,0.2500,0.5000,0.2500,0.6250,3,0,32,4,11.0,12.702,3,4,4,0,25
real,50,15,10,15,1,0.0000,0.5000,0.2500,0.2500,4,0,18,27,15.0,11.277,3,3,7,2,25
model,50,15,10,15,1,-0.3750,0.3750,0.2500,0.1250,6,0,16,16,9.0,5.851,1,2,6,0,25
real,50,15,13,13,0,0.5000,0.7500,0.6250,0.5000,4,0,17,10,6.0,8.766,0,3,2,1,26
model,50,15,13,13,0,-0.3750,0.7500,0.6250,-0.1250,2,1,22,22,14.0,13.064,7,0,0,7,26
real,50,17,12,13,0,-0.2500,0.8750,0.7500,0.7500,3,1,46,46,20.0,19.298,6,4,7,3,25
model,50,17,12,13,0,1.0000,1.0000,1.0000,1.0000,5,0,25,2,8.0,7.085,4,2,0,2,25
real,50,22,12,14,0,0.1250,0.7500,0.7500,0.5000,2,1,43,43,22.0,19.234,3,6,8,5,26
model,50,22,12,14,0,0.2500,0.8750,0.3750,0.3750,2,0,34,16,14.0,16.553,5,1,3,5,26
real,50,11,10,14,0,0.6250,0.6250,-0.1250,0.1250,3,1,11,11,4.0,7.298,2,0,1,1,24
model,50,11,10,14,0,0.2500,0.5000,0.5000,0.5000,4,0,2,31,12.0,10.617,3,3,4,2,24
real,50,22,11,12,2,-0.1250,0.7500,0.8750,0.3750,6,0,11,15,2.0,5.596,1,0,0,1,23
model,50,22,11,12,2,-0.1250,0.6250,0.2500,0.5000,4,0,16,20,6.0,7.000,0,5,0,1,23
real,50,11,10,9,0,0.6250,0.7500,0.6250,0.1250,4,1,33,33,10.0,9.532,0,2,6,2,19
model,50,11,10,9,0,0.2500,0.7500,0.5000,0.3750,4,0,3,35,7.0,10.447,0,2,2,3,19
real,50,15,14,10,0,-0.3750,0.8750,0.8750,0.7500,2,0,7,43,19.0,19.404,2,6,3,8,24
model,50,15,14,10,0,0.0000,0.7500,0.2500,0.2500,4,1,26,26,7.0,7.766,3,0,2,2,24
real,50,25,9,10,0,0.6250,1.0000,1.0000,0.7500,3,1,12,12,7.0,10.277,0,2,4,1,19
model,50,25,9,10,0,0.2500,0.7500,0.2500,0.3750,5,0,5,6,9.0,6.340,2,3,4,0,19
real,50,15,10,15,0,-0.1250,0.6250,0.7500,0.5000,4,1,32,32,9.0,12.362,1,1,5,2,25
model,50,15,10,15,0,0.0000,0.6250,0.1250,0.6250,7,0,3,11,5.0,5.596,1,0,1,3,25
real,50,15,8,12,0,-0.1250,0.7500,0.7500,0.6250,3,1,32,32,13.0,9.660,5,5,2,1,20
model,50,15,8,12,0,0.1250,0.7500,0.6250,0.3750,2,0,22,28,10.0,10.043,2,0,2,6,20
real,50,34,12,9,0,0.1250,0.6250,0.1250,0.0000,3,1,32,32,14.0,10.085,3,1,9,1,21
model,50,34,12,9,0,0.0000,0.3750,0.5000,0.2500,4,0,23,6,9.0,5.851,0,4,2,3,21
real,50,34,12,9,0,-0.3750,0.3750,0.2500,0.2500,3,1,31,31,9.0,8.532,1,2,5,1,21
model,50,34,12,9,0,0.0000,0.5000,0.7500,0.1250,2,1,46,46,18.0,17.511,4,5,6,3,21
real,50,34,13,11,0,0.0000,0.3750,0.3750,0.5000,7,0,4,22,5.0,5.489,1,2,1,1,24
model,50,34,13,11,0,-0.2500,0.6250,0.5000,0.1250,2,1,40,40,15.0,15.319,2,3,4,6,24
real,50,34,10,13,0,0.5000,0.6250,0.5000,0.7500,2,1,46,46,20.0,20.191,4,4,5,7,23
model,50,34,10,13,0,-0.2500,0.8750,0.2500,0.5000,3,0,31,17,12.0,10.617,5,3,1,3,23
real,50,9,12,8,0,0.1250,0.8750,0.3750,-0.2500,2,1,15,15,15.0,11.191,5,5,1,4,20
model,50,9,12,8,0,0.1250,0.6250,0.8750,0.5000,5,1,36,36,11.0,12.319,4,4,0,3,20
real,50,16,8,6,1,0.0000,0.5000,0.5000,0.2500,5,0,28,8,5.0,5.681,2,1,0,2,14
model,50,16,8,6,1,0.6250,0.5000,0.1250,0.5000,1,1,50,50,14.0,14.000,3,0,5,6,14
real,50,16,9,13,0,0.1250,0.8750,0.7500,0.5000,3,1,23,23,10.0,7.319,2,2,6,0,22
model,50,16,9,13,0,0.1250,1.0000,1.0000,0.8750,3,0,3,34,13.0,12.191,2,4,4,3,22
real,50,16,11,9,0,0.0000,0.7500,0.6250,0.3750,3,0,5,41,15.0,16.596,7,3,2,3,20
model,50,16,11,9,0,0.0000,0.3750,-0.2500,0.3750,4,1,27,27,11.0,8.383,0,4,5,2,20
real,50,33,11,8,0,0.2500,0.8750,0.7500,0.3750,6,0,3,2,3.0,5.468,1,0,0,2,19
model,50,33,11,8,0,-0.1250,0.3750,0.0000,0.3750,3,0,4,42,14.0,14.574,1,3,5,5,19
real,50,33,12,11,1,0.2500,0.6250,0.0000,0.6250,4,1,33,33,11.0,12.660,4,0,4,3,23
model,50,33,12,11,1,1.0000,1.0000,1.0000,1.0000,2,1,8,8,20.0,17.000,4,4,9,3,23
real,50,33,9,9,0,0.0000,0.3750,0.1250,0.1250,2,0,38,12,9.0,11.574,5,0,3,1,18
model,50,33,9,9,0,-0.3750,0.3750,0.3750,0.2500,4,0,12,6,4.0,5.617,2,1,1,0,18
real,50,33,10,12,2,0.0000,0.3750,0.2500,0.3750,3,1,46,46,22.0,20.128,6,6,8,2,22
model,50,33,10,12,2,1.0000,1.0000,1.0000,1.0000,2,1,20,20,9.0,11.532,1,2,2,4,22
real,50,27,15,9,0,-0.1250,0.8750,0.3750,0.3750,4,1,30,30,11.0,10.000,5,4,1,1,24
model,50,27,15,9,0,-0.1250,0.6250,0.3750,0.0000,3,0,18,28,11.0,10.936,0,2,7,2,24
real,50,27,11,9,1,-0.1250,0.7500,0.3750,0.1250,5,0,7,32,9.0,8.915,2,0,3,4,20
model,50,27,11,9,1,-0.3750,0.3750,0.1250,0.3750,3,1,41,41,13.0,13.340,1,6,5,1,20
real,50,27,10,12,0,0.6250,0.7500,0.5000,0.8750,3,0,3,41,14.0,16.723,4,2,6,2,22
model,50,27,10,12,0,-0.1250,0.1250,0.5000,0.8750,3,1,20,20,9.0,10.936,3,2,1,3,22
real,50,20,9,11,0,-0.2500,0.5000,0.2500,0.3750,4,0,15,28,5.0,8.021,1,1,2,1,20
model,50,20,9,11,0,0.1250,0.8750,0.5000,1.0000,7,0,14,6,2.0,3.872,0,2,0,0,20
real,50,29,7,12,0,0.5000,-0.1250,0.2500,0.2500,1,1,50,50,19.0,19.000,4,5,8,2,19
model,50,29,7,12,0,1.0000,1.0000,1.0000,1.0000,4,0,34,4,13.0,9.043,3,6,1,3,19
real,50,21,13,10,1,-0.1250,0.3750,0.1250,-0.2500,2,1,48,48,23.0,22.021,4,7,9,3,23
model,50,21,13,10,1,-0.2500,0.1250,0.1250,0.5000,4,0,16,25,7.0,8.638,0,1,2,4,23
real,50,29,13,11,0,0.2500,0.8750,1.0000,0.8750,4,0,3,41,17.0,16.766,6,3,7,1,24
model,50,29,13,11,0,-0.1250,0.5000,0.2500,0.6250,4,1,39,39,13.0,13.404,3,4,4,2,24
real,50,29,13,17,0,-0.2500,-0.1250,0.3750,0.2500,4,1,42,42,23.0,20.979,8,8,4,3,30
model,50,29,13,17,0,0.1250,0.7500,0.5000,0.5000,1,1,50,50,30.0,30.000,9,7,8,6,30
real,50,40,13,13,0,-0.1250,0.6250,0.6250,0.2500,4,1,29,29,10.0,9.723,1,3,5,1,26
model,50,40,13,13,0,0.5000,0.5000,0.2500,0.2500,6,0,4,14,7.0,4.872,2,3,1,1,26
real,50,40,13,11,0,-0.2500,0.7500,0.1250,0.6250,3,1,22,22,7.0,8.596,0,2,3,2,24
model,50,40,13,11,0,0.0000,0.2500,0.6250,0.1250,4,0,34,12,10.0,12.872,3,2,1,4,24
real,50,40,13,13,0,-0.2500,0.6250,-0.1250,0.0000,2,1,30,30,14.0,12.553,2,4,6,2,26
model,50,40,13,13,0,-0.5000,0.6250,0.5000,0.3750,2,1,24,24,12.0,12.894,3,2,4,3,26
real,50,40,8,10,0,1.0000,1.0000,1.0000,1.0000,7,1,13,13,5.0,3.468,0,0,4,1,18
model,50,40,8,10,0,1.0000,1.0000,1.0000,1.0000,2,0,47,3,18.0,17.234,6,4,4,4,18
real,50,21,13,9,0,-0.3750,0.8750,0.8750,0.8750,4,0,18,2,5.0,7.809,0,1,1,3,22
model,50,21,13,9,0,0.0000,0.5000,0.5000,0.1250,4,1,21,21,10.0,6.170,1,2,3,4,22
real,50,18,8,13,0,0.1250,0.5000,0.0000,-0.2500,6,0,11,12,6.0,3.894,1,2,1,2,21
model,50,18,8,13,0,0.3750,0.5000,0.0000,0.1250,3,0,18,29,13.0,9.362,4,3,3,3,21
real,50,18,10,13,0,-0.1250,0.2500,0.5000,0.2500,4,0,15,26,10.0,9.468,4,0,3,3,23
model,50,18,10,13,0,1.0000,1.0000,1.0000,1.0000,3,1,31,31,10.0,9.596,2,1,4,3,23
real,50,21,16,8,0,-0.1250,0.3750,0.1250,0.2500,2,1,36,36,16.0,14.298,6,5,2,3,24
model,50,21,16,8,0,0.0000,0.8750,0.1250,-0.3750,3,1,38,38,12.0,12.851,2,5,3,2,24
real,50,41,11,12,0,0.1250,0.6250,0.3750,0.3750,4,1,41,41,12.0,13.213,3,4,3,2,23
model,50,41,11,12,0,-0.2500,0.7500,0.6250,-0.2500,4,0,18,22,14.0,7.957,3,1,6,4,23
real,50,41,12,14,0,-0.1250,0.7500,0.6250,0.1250,3,0,23,21,11.0,10.128,4,1,4,2,26
model,50,41,12,14,0,0.3750,1.0000,0.5000,0.3750,3,0,15,18,11.0,8.596,3,3,3,2,26
real,50,41,12,10,0,0.3750,0.3750,-0.1250,0.5000,4,1,25,25,8.0,6.787,1,2,2,3,22
model,50,41,12,10,0,0.0000,0.6250,0.5000,0.3750,4,0,14,16,8.0,6.043,1,3,2,2,22
real,50,41,13,11,0,0.5000,0.5000,0.7500,0.6250,3,1,40,40,17.0,15.064,4,5,4,4,24
model,50,41,13,11,0,1.0000,1.0000,1.0000,1.0000,4,1,13,13,5.0,8.553,2,1,0,2,24
real,50,15,14,10,0,0.3750,0.7500,0.7500,0.2500,3,0,2,33,17.0,12.638,3,4,5,5,24
model,50,15,14,10,0,-0.3750,0.3750,0.6250,0.6250,4,0,16,19,6.0,7.064,2,0,2,2,24
real,50,17,9,12,0,0.2500,0.7500,0.6250,0.7500,2,1,46,46,20.0,19.213,7,5,5,3,21
model,50,17,9,12,0,-0.3750,0.7500,0.3750,0.2500,3,0,31,17,13.0,10.872,2,5,3,3,21
real,50,15,8,12,0,0.5000,0.7500,0.7500,0.3750,3,0,13,18,10.0,6.574,3,1,4,2,20
model,50,15,8,12,0,0.6250,0.7500,1.0000,0.6250,2,1,35,35,14.0,12.085,2,2,7,3,20
real,50,15,9,11,0,1.0000,1.0000,1.0000,1.0000,3,1,32,32,7.0,7.234,1,0,1,5,20
model,50,15,9,11,0,1.0000,1.0000,1.0000,1.0000,6,1,30,30,8.0,8.043,1,1,4,2,20
real,50,21,10,13,1,0.2500,0.1250,0.0000,0.1250,4,0,29,9,7.0,9.936,1,3,2,1,23
model,50,21,10,13,1,0.7500,0.8750,0.5000,0.5000,3,0,20,27,10.0,10.404,3,3,1,3,23
real,50,21,14,10,0,0.0000,0.6250,0.7500,0.3750,4,1,9,9,4.0,7.553,0,1,2,1,24
model,50,21,14,10,0,0.2500,0.6250,0.3750,0.7500,4,1,23,23,9.0,8.532,1,2,3,3,24
real,50,21,14,16,0,1.0000,1.0000,1.0000,1.0000,2,1,45,45,25.0,26.809,5,7,6,7,30
model,50,21,14,16,0,0.0000,0.7500,0.6250,0.3750,2,1,41,41,19.0,20.426,6,6,3,4,30
real,50,14,14,10,0,-0.1250,0.8750,0.3750,0.3750,1,1,50,50,24.0,24.000,4,5,6,9,24
model,50,14,14,10,0,0.1250,0.5000,0.8750,0.3750,3,1,36,36,11.0,12.000,3,3,2,3,24
real,50,26,12,13,0,0.0000,0.7500,0.1250,0.3750,2,1,36,36,18.0,14.574,2,8,6,2,25
model,50,26,12,13,0,0.5000,0.7500,0.8750,0.5000,4,1,20,20,8.0,7.106,2,1,3,2,25
real,50,14,14,12,0,0.1250,0.3750,0.6250,0.3750,2,0,24,26,11.0,12.809,0,3,5,3,26
model,50,14,14,12,0,0.3750,0.7500,-0.2500,0.5000,4,0,23,22,10.0,10.489,0,1,3,6,26
real,50,26,12,12,0,0.1250,1.0000,0.3750,0.2500,1,1,50,50,24.0,24.000,6,4,6,8,24
model,50,26,12,12,0,-0.1250,0.7500,0.5000,0.3750,4,0,5,36,13.0,13.617,0,7,2,4,24
real,50,26,11,11,0,-0.2500,0.6250,0.7500,0.8750,5,0,8,7,8.0,5.596,1,2,5,0,22
model,50,26,11,11,0,-0.3750,0.3750,-0.1250,0.3750,2,0,44,6,17.0,18.043,2,5,6,4,22
real,50,12,14,9,0,0.3750,0.7500,0.3750,0.5000,5,1,24,24,4.0,6.745,0,2,1,1,23
model,50,12,14,9,0,0.1250,0.5000,0.3750,0.3750,3,1,34,34,10.0,10.064,3,1,3,3,23
real,50,20,9,9,1,1.0000,1.0000,1.0000,1.0000,7,1,5,5,7.0,5.319,0,2,4,1,18
model,50,20,9,9,1,1.0000,1.0000,1.0000,1.0000,5,1,12,12,3.0,5.532,1,0,2,0,18
real,50,20,11,10,0,0.2500,0.5000,0.0000,0.6250,4,1,36,36,15.0,13.553,2,4,4,5,21
model,50,20,11,10,0,0.6250,0.8750,0.3750,0.1250,1,1,50,50,21.0,21.000,3,6,4,8,21
real,50,12,10,12,1,0.1250,0.8750,0.5000,0.1250,3,1,43,43,16.0,15.660,2,7,4,3,22
model,50,12,10,12,1,-0.1250,0.5000,0.6250,0.3750,5,0,11,13,1.0,3.936,0,0,0,1,22
real,50,31,13,10,0,0.1250,0.8750,0.2500,0.2500,2,1,41,41,18.0,17.319,5,3,6,4,23
model,50,31,13,10,0,0.3750,0.7500,0.6250,0.7500,2,1,21,21,12.0,11.574,4,1,3,4,23
real,50,31,13,12,0,0.0000,0.3750,0.3750,0.5000,5,0,3,7,10.0,12.936,3,3,3,1,25
model,50,31,13,12,0,0.0000,0.7500,0.0000,0.1250,2,0,16,34,12.0,14.340,2,3,2,5,25
real,50,15,15,13,0,0.2500,0.3750,0.5000,0.3750,3,0,11,35,17.0,14.298,4,1,6,6,28
model,50,15,15,13,0,0.0000,1.0000,0.7500,0.2500,4,0,7,17,10.0,11.021,5,2,1,2,28
real,50,31,12,12,0,0.6250,0.8750,0.6250,0.8750,3,1,37,37,13.0,14.362,1,4,4,4,24
model,50,31,12,12,0,0.0000,0.6250,0.7500,1.0000,4,0,2,6,13.0,14.617,1,2,5,5,24
real,50,7,11,10,0,-0.1250,0.8750,0.3750,0.6250,3,0,6,15,8.0,9.383,1,3,3,1,21
model,50,7,11,10,0,-0.2500,0.6250,0.5000,0.2500,6,0,13,25,6.0,6.021,0,1,2,3,21
real,50,43,11,14,0,0.5000,0.7500,0.7500,0.5000,4,0,10,15,5.0,6.787,0,1,1,3,25
model,50,43,11,14,0,0.5000,0.6250,0.6250,0.5000,4,0,12,9,10.0,8.149,3,2,1,4,25
real,50,43,11,9,0,0.1250,0.3750,0.2500,0.1250,4,1,21,21,5.0,6.000,1,4,0,0,20
model,50,43,11,9,0,-0.1250,0.3750,0.1250,0.2500,3,1,40,40,12.0,11.532,2,4,3,3,20
real,50,43,12,10,0,-0.1250,0.6250,0.3750,0.0000,4,0,37,5,12.0,12.340,1,3,5,3,22
model,50,43,12,10,0,0.6250,0.7500,0.6250,0.6250,3,1,46,46,20.0,19.234,6,5,6,3,22
real,50,43,11,11,0,0.2500,0.7500,0.8750,0.6250,6,0,2,13,4.0,4.234,1,0,1,2,22
model,50,43,11,11,0,-0.1250,0.7500,0.0000,0.2500,3,0,28,20,10.0,9.596,1,4,3,2,22
real,50,43,10,15,0,-0.1250,0.6250,0.6250,0.2500,4,0,9,24,9.0,9.596,0,4,1,4,25
model,50,43,10,15,0,-0.3750,0.5000,0.2500,0.3750,3,1,34,34,22.0,13.809,6,3,7,6,25
real,50,43,14,9,0,0.3750,0.5000,0.7500,0.2500,1,1,50,50,23.0,23.000,6,7,6,4,23
model,50,43,14,9,0,-0.1250,0.3750,0.5000,0.3750,6,0,27,12,9.0,7.638,1,5,2,1,23
real,50,43,11,10,0,0.0000,0.2500,0.1250,-0.2500,5,0,11,8,3.0,4.447,0,1,2,0,21
model,50,43,11,10,0,0.0000,0.7500,0.2500,0.6250,3,1,41,41,10.0,11.872,3,1,3,3,21
real,50,42,8,10,0,1.0000,1.0000,1.0000,1.0000,5,0,2,34,7.0,7.979,4,1,2,0,18
model,50,42,8,10,0,0.0000,0.6250,0.5000,0.1250,3,1,44,44,15.0,14.043,5,5,1,4,18
real,50,42,13,8,1,0.5000,0.6250,0.2500,0.1250,2,1,48,48,21.0,20.106,3,6,6,6,21
model,50,42,13,8,1,0.2500,0.6250,0.5000,0.2500,3,0,5,21,10.0,8.660,2,4,0,4,21
real,50,42,14,8,0,-0.2500,0.7500,0.8750,0.5000,2,1,27,27,10.0,10.681,3,4,2,1,22
model,50,42,14,8,0,0.0000,0.7500,0.2500,0.2500,3,1,41,41,16.0,14.851,5,3,5,3,22
real,50,42,12,13,0,-0.3750,0.8750,0.5000,-0.3750,3,0,40,6,17.0,17.298,3,4,5,5,25
model,50,42,12,13,0,0.0000,0.6250,0.3750,0.7500,3,1,41,41,16.0,18.043,6,0,6,4,25
real,50,21,12,8,0,0.1250,0.6250,0.5000,-0.3750,2,1,46,46,19.0,18.298,1,6,6,6,20
model,50,21,12,8,0,0.2500,0.2500,0.6250,0.5000,2,1,45,45,18.0,17.064,5,6,3,4,20
real,50,21,15,16,0,0.3750,0.5000,0.2500,-0.1250,6,0,21,7,11.0,9.383,1,4,3,3,31
model,50,21,15,16,0,0.3750,0.8750,0.2500,0.1250,2,1,44,44,24.0,25.511,4,5,8,7,31
real,50,21,11,15,0,-0.2500,0.7500,-0.1250,0.5000,3,1,44,44,19.0,21.064,0,4,6,9,26
model,50,21,11,15,0,-0.3750,0.8750,0.3750,0.2500,4,0,12,22,8.0,6.638,4,0,2,2,26
real,50,21,12,13,0,0.0000,0.8750,0.6250,0.7500,4,1,39,39,17.0,17.043,4,7,4,2,25
model,50,21,12,13,0,0.0000,0.6250,0.6250,0.5000,2,1,33,33,14.0,12.383,1,4,5,4,25
real,50,19,11,12,0,-0.2500,0.8750,0.2500,0.7500,5,1,22,22,3.0,6.957,0,1,1,1,23
model,50,19,11,12,0,0.1250,0.6250,0.5000,0.5000,4,0,33,3,9.0,13.638,4,0,2,3,23
real,50,6,14,13,0,-0.3750,0.8750,0.5000,0.3750,3,0,25,19,11.0,11.043,4,2,3,2,27
model,50,6,14,13,0,-0.1250,0.8750,0.6250,0.2500,3,0,7,23,11.0,10.021,3,2,5,1,27
real,50,19,11,6,2,0.5000,0.3750,0.0000,0.5000,5,1,36,36,11.0,8.915,3,2,3,3,17
model,50,19,11,6,2,0.2500,0.6250,0.5000,0.3750,4,0,38,3,13.0,10.213,4,2,4,3,17
real,50,19,15,12,0,0.0000,0.6250,0.5000,0.2500,1,1,50,50,27.0,27.000,7,3,9,8,27
model,50,19,15,12,0,1.0000,1.0000,1.0000,1.0000,7,1,22,22,5.0,6.511,1,2,1,1,27
real,50,31,10,14,0,-0.1250,0.8750,0.2500,0.6250,4,0,19,6,10.0,10.489,1,1,3,5,24
model,50,31,10,14,0,-0.2500,0.6250,0.3750,0.2500,6,0,10,13,6.0,3.979,3,2,0,1,24
real,50,13,8,14,0,0.0000,0.5000,0.2500,0.3750,5,0,15,21,6.0,6.085,1,4,1,0,22
model,50,13,8,14,0,0.2500,0.5000,0.2500,0.1250,2,0,11,39,16.0,14.340,4,5,4,3,22
real,50,31,10,9,1,-0.1250,0.8750,0.2500,0.6250,3,1,23,23,11.0,8.936,4,3,3,1,19
model,50,31,10,9,1,0.2500,0.5000,0.8750,0.5000,5,0,35,3,9.0,10.447,3,3,1,2,19
real,50,31,11,10,1,0.3750,0.8750,0.6250,0.5000,4,1,33,33,9.0,9.596,4,2,2,1,21
model,50,31,11,10,1,0.3750,0.6250,0.8750,0.5000,5,0,4,3,10.0,8.447,5,3,2,0,21
real,50,40,13,12,0,0.0000,0.8750,0.0000,0.2500,3,1,42,42,18.0,16.915,8,4,2,4,25
model,50,40,13,12,0,0.1250,0.7500,0.8750,0.6250,1,1,50,50,25.0,25.000,7,4,11,3,25
real,50,40,14,9,0,1.0000,1.0000,1.0000,1.0000,2,1,28,28,11.0,11.298,3,4,1,3,23
model,50,40,14,9,0,0.3750,0.8750,0.6250,0.8750,4,0,16,19,3.0,6.745,1,0,1,1,23
real,50,40,12,10,0,0.5000,0.6250,0.3750,0.7500,3,1,17,17,8.0,7.128,1,4,1,2,22
model,50,40,12,10,0,0.2500,0.2500,0.1250,0.3750,2,0,34,16,11.0,12.681,1,4,5,1,22
real,50,40,14,8,0,0.3750,1.0000,0.3750,0.6250,3,1,42,42,14.0,13.660,4,5,4,1,22
model,50,40,14,8,0,-0.2500,0.6250,0.3750,0.3750,4,1,19,19,9.0,7.787,0,3,2,4,22
real,50,32,14,11,0,0.3750,0.6250,0.7500,0.3750,6,0,3,19,5.0,5.766,2,1,2,0,25
model,50,32,14,11,0,0.1250,0.6250,0.2500,0.5000,6,1,9,9,8.0,11.787,4,1,1,2,25
real,50,32,9,15,1,0.2500,0.2500,0.1250,-0.1250,6,1,26,26,5.0,5.277,1,3,1,0,24
model,50,32,9,15,1,0.1250,0.7500,0.7500,-0.2500,4,0,26,18,11.0,9.298,4,1,2,4,24
real,50,32,13,17,0,-0.1250,0.6250,0.2500,0.2500,2,1,35,35,17.0,17.745,4,5,4,4,30
model,50,32,13,17,0,-0.2500,0.6250,0.5000,0.0000,4,0,14,32,15.0,13.851,3,3,3,6,30
real,50,32,11,12,1,-0.2500,0.7500,0.3750,0.6250,2,1,48,48,23.0,22.021,6,3,8,6,23
model,50,32,11,12,1,0.2500,1.0000,0.8750,0.6250,4,0,5,5,14.0,12.681,5,1,6,2,23
real,50,25,12,12,0,-0.3750,0.5000,0.3750,0.6250,1,1,50,50,24.0,24.000,7,5,6,6,24
model,50,25,12,12,0,1.0000,1.0000,1.0000,1.0000,4,1,15,15,12.0,12.106,3,4,4,1,24
real,50,25,11,10,0,0.3750,0.7500,0.3750,0.7500,2,1,44,44,16.0,13.723,3,5,4,4,21
model,50,25,11,10,0,0.5000,0.3750,0.6250,0.6250,3,0,2,46,18.0,17.787,8,2,6,2,21
real,50,25,12,10,0,0.6250,0.6250,0.7500,0.8750,3,1,39,39,12.0,12.170,1,4,6,1,22
model,50,25,12,10,0,0.1250,0.6250,0.3750,0.2500,2,1,44,44,18.0,18.426,4,5,4,5,22
real,50,25,12,13,0,0.0000,0.5000,0.5000,0.5000,3,0,25,18,11.0,8.809,2,3,4,2,25
model,50,25,12,13,0,0.0000,0.3750,0.5000,0.1250,4,1,31,31,12.0,11.830,4,5,3,0,25
real,50,20,15,12,0,0.0000,0.5000,0.5000,0.6250,3,0,26,14,10.0,11.298,3,1,3,3,27
model,50,20,15,12,0,0.3750,0.3750,0.7500,0.2500,3,1,36,36,13.0,13.787,3,2,3,5,27
real,50,20,13,10,0,-0.2500,0.6250,0.2500,-0.2500,1,1,50,50,23.0,23.000,4,4,10,5,23
model,50,20,13,10,0,0.1250,0.2500,0.5000,0.2500,5,0,6,8,7.0,5.447,0,3,2,2,23
real,50,20,10,11,1,0.1250,0.8750,0.7500,0.7500,4,1,35,35,11.0,9.660,3,2,3,3,21
model,50,20,10,11,1,-0.3750,0.6250,0.1250,-0.1250,3,1,38,38,10.0,12.511,3,4,1,2,21
real,50,20,12,11,0,0.3750,0.7500,0.8750,0.3750,2,0,27,23,7.0,11.723,3,1,2,1,23
model,50,20,12,11,0,0.3750,1.0000,0.8750,1.0000,3,0,8,40,17.0,15.766,2,8,4,3,23
real,50,23,14,16,0,-0.2500,0.7500,0.1250,0.0000,4,0,9,7,6.0,9.957,2,2,0,2,30
model,50,23,14,16,0,0.2500,0.6250,0.6250,0.5000,2,1,45,45,27.0,26.000,8,9,5,5,30
real,50,23,10,9,0,0.2500,0.7500,0.0000,0.2500,4,1,21,21,7.0,7.851,1,4,1,1,19
model,50,23,10,9,0,-0.3750,0.5000,0.2500,0.5000,4,1,32,32,7.0,8.915,1,3,0,3,19
real,50,23,11,14,0,0.0000,0.3750,0.3750,0.6250,5,0,10,15,5.0,6.298,2,1,2,0,25
model,50,23,11,14,0,-0.1250,0.7500,0.7500,0.5000,4,0,24,12,7.0,8.468,0,2,2,3,25
real,50,19,11,13,0,-0.1250,0.6250,0.3750,0.1250,3,0,9,39,14.0,16.851,1,3,7,3,24
model,50,19,11,13,0,0.3750,0.7500,0.6250,0.2500,6,0,8,33,10.0,11.362,1,4,4,1,24
real,50,29,13,10,1,0.3750,0.6250,0.6250,0.3750,7,1,27,27,10.0,6.511,4,3,3,0,23
model,50,29,13,10,1,-0.2500,0.6250,-0.1250,0.0000,5,1,13,13,5.0,6.894,1,2,0,2,23
real,50,29,13,13,0,1.0000,1.0000,1.0000,1.0000,4,1,10,10,5.0,6.489,2,2,0,1,26
model,50,29,13,13,0,1.0000,1.0000,1.0000,1.0000,5,1,8,8,6.0,7.255,2,2,2,0,26
real,50,29,9,11,0,0.0000,0.3750,0.5000,0.2500,4,1,39,39,14.0,11.149,1,3,5,5,20
model,50,29,9,11,0,0.3750,0.5000,0.5000,0.6250,3,0,19,29,7.0,9.787,0,1,4,2,20
real,50,29,13,10,0,-0.1250,0.3750,0.7500,0.5000,4,1,11,11,6.0,7.511,1,1,4,0,23
model,50,29,13,10,0,1.0000,1.0000,1.0000,1.0000,5,1,11,11,5.0,5.426,2,1,2,0,23
real,50,12,12,10,1,-0.1250,0.6250,0.2500,-0.3750,8,1,13,13,5.0,3.745,0,3,2,0,22
model,50,12,12,10,1,-0.5000,0.7500,0.3750,0.3750,4,1,29,29,8.0,8.511,2,1,3,2,22
real,50,31,12,15,0,-0.3750,0.3750,0.6250,0.3750,2,1,45,45,21.0,23.319,3,3,10,5,27
model,50,31,12,15,0,0.3750,0.6250,0.2500,0.1250,4,0,23,6,7.0,10.149,2,1,2,2,27
real,50,31,10,10,0,0.3750,0.5000,0.1250,-0.2500,3,1,15,15,9.0,11.170,2,4,2,1,20
model,50,31,10,10,0,0.8750,0.3750,0.6250,0.5000,3,0,27,9,11.0,8.468,4,0,4,3,20
real,50,31,15,10,0,0.5000,0.2500,0.6250,0.5000,2,1,43,43,20.0,19.106,5,5,7,3,25
model,50,31,15,10,0,0.0000,0.6250,0.1250,0.0000,3,1,23,23,6.0,10.638,0,1,3,2,25
real,50,39,13,12,0,0.1250,0.3750,-0.2500,0.0000,3,1,35,35,14.0,13.702,2,2,5,5,25
model,50,39,13,12,0,0.0000,0.6250,0.3750,0.7500,2,1,48,48,25.0,23.936,2,6,8,9,25
real,50,39,10,12,0,0.2500,0.8750,0.3750,0.1250,4,0,3,9,10.0,9.149,3,4,2,1,22
model,50,39,10,12,0,0.2500,0.6250,0.1250,0.1250,4,1,35,35,12.0,11.447,4,2,4,2,22
real,50,39,11,12,0,0.1250,0.3750,0.2500,0.5000,6,0,8,18,6.0,5.021,1,3,1,1,23
model,50,39,11,12,0,0.1250,0.7500,0.8750,0.8750,3,0,5,42,17.0,17.170,3,6,3,5,23
real,50,39,10,9,1,0.2500,0.5000,0.7500,0.2500,4,0,22,18,8.0,6.936,2,5,0,1,19
model,50,39,10,9,1,-0.1250,0.5000,0.3750,0.5000,2,0,32,18,9.0,9.745,1,3,2,3,19
real,50,12,13,13,0,0.0000,0.5000,0.1250,0.3750,4,0,16,9,4.0,6.085,0,2,2,0,26
model,50,12,13,13,0,-0.2500,0.8750,1.0000,0.6250,2,1,48,48,23.0,23.957,7,8,5,3,26
real,50,24,8,12,0,0.2500,0.5000,0.3750,0.8750,3,0,14,12,11.0,7.979,3,4,2,2,20
model,50,24,8,12,0,0.3750,0.7500,-0.1250,0.1250,3,0,12,35,12.0,9.468,2,2,4,4,20
real,50,24,11,8,0,-0.2500,0.1250,0.5000,0.5000,3,0,12,35,10.0,9.404,0,4,4,2,19
model,50,24,11,8,0,0.1250,0.6250,0.2500,0.1250,3,1,37,37,8.0,9.468,1,2,3,2,19
real,50,24,9,10,0,-0.2500,0.6250,0.5000,0.3750,2,0,41,9,12.0,14.404,3,4,3,2,19
model,50,24,9,10,0,0.1250,0.6250,0.2500,0.3750,2,1,46,46,15.0,15.681,2,6,6,1,19
real,50,44,11,15,0,0.3750,0.6250,0.6250,0.5000,3,1,21,21,8.0,9.638,3,2,3,0,26
model,50,44,11,15,0,-0.1250,0.6250,0.6250,0.2500,3,0,21,23,9.0,8.809,5,2,1,1,26
real,50,44,9,7,0,-0.1250,0.6250,0.6250,0.5000,3,0,43,4,13.0,11.468,1,7,2,3,16
model,50,44,9,7,0,1.0000,1.0000,1.0000,1.0000,3,1,22,22,7.0,7.872,3,2,2,0,16
real,50,44,13,11,1,0.0000,0.5000,0.3750,0.2500,5,1,27,27,9.0,7.468,1,4,3,1,24
model,50,44,13,11,1,0.3750,0.8750,0.5000,-0.1250,4,1,29,29,7.0,8.702,1,2,1,3,24
real,50,44,16,11,0,-0.1250,0.6250,0.6250,0.5000,3,0,12,35,13.0,13.723,5,3,0,5,27
model,50,44,16,11,0,0.1250,0.6250,0.1250,0.1250,3,0,30,9,12.0,12.383,4,3,3,2,27
real,50,26,14,11,1,0.1250,0.5000,0.3750,0.1250,5,0,40,4,15.0,16.319,3,7,2,3,25
model,50,26,14,11,1,0.3750,0.5000,0.1250,0.8750,4,0,33,5,13.0,12.277,3,5,2,3,25
real,50,21,11,12,0,0.5000,0.5000,0.7500,-0.1250,3,1,43,43,14.0,14.809,3,2,6,3,23
model,50,21,11,12,0,0.3750,0.8750,0.5000,0.3750,3,1,36,36,14.0,13.532,1,4,5,4,23
real,50,21,10,11,0,-0.1250,0.7500,0.5000,-0.1250,3,0,12,12,10.0,7.979,1,5,4,0,21
model,50,21,10,11,0,-0.1250,0.5000,0.3750,0.3750,3,0,44,4,15.0,15.319,4,6,3,2,21
real,50,21,11,14,0,0.1250,0.5000,0.7500,0.1250,2,0,15,35,16.0,15.851,4,2,2,8,25
model,50,21,11,14,0,-0.5000,0.5000,0.5000,0.3750,4,0,21,13,6.0,8.447,1,1,1,3,25
real,50,46,8,11,0,0.1250,0.6250,0.2500,0.1250,4,1,27,27,7.0,6.979,2,2,2,1,19
model,50,46,8,11,0,0.3750,0.7500,0.3750,0.3750,3,1,44,44,16.0,14.915,7,4,3,2,19
real,50,46,12,10,2,0.2500,0.3750,0.3750,0.5000,6,0,6,36,14.0,12.660,2,4,3,5,22
model,50,46,12,10,2,0.3750,0.7500,0.7500,0.7500,3,0,25,21,11.0,9.660,1,4,2,4,22
real,50,46,8,9,0,0.3750,0.3750,0.1250,0.0000,3,0,6,42,10.0,9.745,2,3,4,1,17
model,50,46,8,9,0,0.3750,0.3750,0.6250,0.3750,2,1,42,42,11.0,12.064,1,3,2,5,17
real,50,46,13,14,0,0.0000,0.5000,0.3750,0.0000,2,1,33,33,13.0,15.149,4,2,4,3,27
model,50,46,13,14,0,-0.1250,0.2500,0.2500,0.1250,2,1,48,48,24.0,24.915,7,5,3,9,27
real,50,35,12,9,0,0.0000,0.5000,-0.1250,0.5000,2,1,28,28,13.0,10.489,2,4,4,3,21
model,50,35,12,9,0,-0.1250,0.3750,0.2500,0.3750,4,0,26,14,8.0,6.149,3,1,2,2,21
real,50,35,11,9,0,0.0000,0.2500,0.3750,0.0000,2,0,12,38,7.0,11.447,2,1,4,0,20
model,50,35,11,9,0,-0.1250,0.3750,0.6250,0.1250,2,0,32,18,10.0,10.383,3,4,0,3,20
real,50,13,7,8,0,1.0000,1.0000,1.0000,1.0000,6,0,5,12,3.0,3.128,0,2,0,1,15
model,50,13,7,8,0,0.0000,0.5000,0.1250,0.2500,4,1,15,15,6.0,6.532,2,3,1,0,15
real,50,35,8,14,0,-0.2500,0.7500,0.2500,0.1250,4,0,19,23,8.0,7.468,4,1,3,0,22
model,50,35,8,14,0,-0.1250,0.6250,0.2500,0.3750,2,1,47,47,18.0,19.702,5,5,3,5,22
real,50,23,7,15,0,0.2500,0.6250,0.7500,0.7500,3,0,3,34,8.0,11.149,0,4,2,2,22
model,50,23,7,15,0,1.0000,1.0000,1.0000,1.0000,2,1,38,38,10.0,12.298,3,1,2,4,22
real,50,27,11,13,0,0.2500,0.6250,0.6250,0.0000,5,0,8,17,4.0,4.532,1,0,2,1,24
model,50,27,11,13,0,0.3750,0.8750,0.3750,0.7500,2,1,42,42,15.0,18.553,8,4,1,2,24
real,50,27,14,15,0,-0.2500,0.6250,0.5000,0.2500,2,0,25,25,15.0,14.191,4,2,3,6,29
model,50,27,14,15,0,-0.3750,0.6250,0.2500,0.2500,3,1,28,28,8.0,11.596,3,0,2,3,29
real,50,27,8,13,0,-0.3750,0.3750,0.0000,0.1250,2,1,48,48,18.0,20.106,4,5,3,6,21
model,50,27,8,13,0,0.1250,0.7500,0.3750,0.3750,1,1,50,50,21.0,21.000,7,2,6,6,21
real,50,30,10,13,0,0.1250,0.2500,0.2500,-0.2500,2,1,48,48,21.0,21.085,4,6,6,5,23
model,50,30,10,13,0,0.3750,0.6250,0.6250,0.1250,4,0,4,3,16.0,16.298,5,2,5,4,23
real,50,30,11,10,0,0.3750,0.8750,0.5000,0.7500,3,0,16,32,13.0,11.021,2,2,7,2,21
model,50,30,11,10,0,0.5000,0.6250,0.1250,0.3750,1,1,50,50,21.0,21.000,8,1,4,8,21
real,50,30,11,11,0,0.2500,0.8750,0.5000,0.0000,2,0,13,37,10.0,11.277,3,1,6,0,22
model,50,30,11,11,0,0.2500,0.7500,0.6250,0.1250,2,1,48,48,21.0,19.191,2,5,9,5,22
real,50,30,11,7,0,0.3750,0.3750,0.5000,0.3750,4,1,14,14,4.0,4.596,0,0,3,1,18
model,50,30,11,7,0,-0.3750,0.6250,0.3750,0.1250,6,0,14,11,3.0,2.915,0,1,1,1,18
real,50,22,11,14,0,-0.1250,0.6250,0.5000,0.2500,2,1,44,44,17.0,19.511,3,6,6,2,25
model,50,22,11,14,0,0.1250,0.7500,0.1250,0.2500,3,1,44,44,22.0,20.149,2,5,9,6,25
real,50,19,11,8,0,0.0000,0.8750,0.3750,0.6250,5,1,36,36,12.0,10.085,1,3,5,3,19
model,50,19,11,8,0,0.2500,0.6250,0.6250,0.5000,6,0,20,12,3.0,4.660,0,0,1,2,19
real,50,22,11,10,0,0.1250,0.6250,0.2500,0.1250,4,1,34,34,11.0,10.447,3,0,6,2,21
model,50,22,11,10,0,0.0000,0.8750,0.7500,0.3750,6,0,32,4,13.0,9.489,4,2,3,4,21
real,50,22,13,10,0,0.1250,0.7500,0.7500,0.5000,4,1,25,25,9.0,8.702,4,1,2,2,23
model,50,22,13,10,0,0.2500,0.6250,0.8750,0.5000,4,1,21,21,9.0,7.234,3,2,1,3,23
real,50,6,11,10,0,0.1250,0.6250,0.3750,0.6250,5,1,31,31,9.0,8.511,3,2,3,1,21
model,50,6,11,10,0,0.2500,0.3750,0.3750,0.2500,4,0,17,29,7.0,8.319,0,3,2,2,21
real,50,40,11,9,0,0.3750,0.7500,0.2500,0.5000,4,0,13,12,4.0,6.085,2,0,0,2,20
model,50,40,11,9,0,0.1250,1.0000,0.7500,0.3750,4,0,31,5,10.0,8.085,2,0,4,4,20
real,50,40,9,14,1,-0.1250,0.7500,0.3750,0.1250,5,0,11,23,5.0,7.340,1,1,3,0,23
model,50,40,9,14,1,-0.6250,0.7500,0.6250,0.3750,2,1,48,48,21.0,22.021,5,3,6,7,23
real,50,40,13,10,0,0.0000,0.5000,0.6250,0.5000,6,0,22,7,4.0,6.468,0,2,0,2,23
model,50,40,13,10,0,-0.2500,0.5000,0.2500,0.1250,3,1,19,19,6.0,10.043,2,1,1,2,23
real,50,47,10,12,0,0.3750,0.5000,0.6250,0.2500,2,0,36,14,14.0,14.043,2,4,4,4,22
model,50,47,10,12,0,0.1250,0.1250,0.6250,0.5000,4,0,16,5,8.0,7.319,1,4,2,1,22
real,50,47,10,8,0,0.0000,0.8750,0.6250,0.5000,3,0,6,38,8.0,12.447,2,0,3,3,18
model,50,47,10,8,0,0.0000,0.6250,0.3750,-0.1250,3,0,27,18,10.0,8.553,1,3,4,2,18
real,50,47,12,14,0,0.3750,0.3750,0.3750,0.2500,4,0,12,22,8.0,7.106,0,1,5,2,26
model,50,47,12,14,0,0.7500,0.7500,0.3750,0.3750,5,0,30,3,10.0,11.638,1,5,3,1,26
real,50,47,9,10,0,-0.1250,0.3750,0.6250,0.0000,4,0,5,3,12.0,11.745,4,3,3,2,19
model,50,47,9,10,0,0.1250,0.3750,0.5000,0.3750,2,1,46,46,18.0,16.532,5,7,4,2,19
real,50,38,11,11,0,1.0000,1.0000,1.0000,1.0000,5,1,4,4,12.0,10.745,2,3,2,5,22
model,50,38,11,11,0,0.5000,0.7500,0.2500,0.0000,4,0,25,6,9.0,7.404,2,1,3,3,22
real,50,38,10,12,0,0.0000,0.3750,-0.1250,0.1250,3,0,39,6,15.0,14.511,4,5,2,4,22
model,50,38,10,12,0,0.0000,0.5000,0.6250,0.5000,7,0,6,12,3.0,3.489,2,0,1,0,22
real,50,38,12,10,1,-0.1250,0.5000,0.1250,0.3750,2,1,48,48,22.0,21.064,1,7,10,4,22
model,50,38,12,10,1,-0.1250,0.6250,0.7500,0.2500,3,1,39,39,15.0,15.064,1,5,5,4,22
real,50,38,14,11,0,0.0000,0.8750,0.7500,0.5000,2,0,33,17,12.0,12.745,1,3,4,4,25
model,50,38,14,11,0,-0.1250,1.0000,0.7500,0.7500,3,0,9,3,15.0,14.574,4,3,8,0,25
real,50,31,12,13,0,0.5000,0.3750,0.3750,0.5000,3,0,7,16,9.0,9.745,3,1,2,3,25
model,50,31,12,13,0,-0.1250,0.8750,0.7500,0.3750,2,1,44,44,18.0,20.277,2,6,6,4,25
real,50,31,14,13,0,-0.1250,0.5000,0.2500,-0.1250,7,1,23,23,9.0,7.000,0,2,6,1,27
model,50,31,14,13,0,0.3750,0.7500,0.3750,0.5000,2,1,48,48,25.0,25.851,5,6,5,9,27
real,50,31,10,11,0,0.1250,0.3750,0.3750,0.3750,1,1,50,50,21.0,21.000,6,6,4,5,21
model,50,31,10,11,0,0.1250,0.6250,0.3750,0.8750,6,0,11,25,4.0,5.979,1,3,0,0,21
real,50,31,11,8,0,0.2500,0.6250,0.0000,0.3750,5,0,18,11,4.0,5.043,0,1,2,1,19
model,50,31,11,8,0,0.0000,0.2500,0.7500,0.0000,3,1,34,34,7.0,10.234,1,4,0,2,19
real,50,48,10,11,1,0.3750,0.2500,0.6250,0.0000,6,0,4,18,5.0,4.830,0,2,1,2,21
model,50,48,10,11,1,-0.2500,0.5000,0.1250,0.2500,5,0,15,17,3.0,5.255,1,1,1,0,21
real,50,48,11,11,0,0.3750,0.8750,0.6250,0.0000,1,1,50,50,22.0,22.000,5,8,5,4,22
model,50,48,11,11,0,0.1250,0.3750,0.3750,0.3750,2,1,48,48,21.0,21.064,3,7,4,7,22
real,50,48,13,14,0,-0.3750,0.7500,0.1250,0.2500,2,1,47,47,24.0,24.383,5,5,6,8,27
model,50,48,13,14,0,-0.3750,0.7500,0.5000,0.3750,6,0,11,5,9.0,6.915,3,1,1,4,27
real,50,48,11,11,0,0.2500,0.6250,0.2500,0.3750,4,1,38,38,9.0,10.383,3,3,2,1,22
model,50,48,11,11,0,0.1250,0.5000,0.7500,0.0000,5,1,18,18,6.0,7.851,1,1,3,1,22
real,50,37,11,10,0,0.0000,0.7500,0.3750,0.6250,3,0,23,2,12.0,10.085,2,4,4,2,21
model,50,37,11,10,0,1.0000,1.0000,1.0000,1.0000,2,1,36,36,13.0,11.340,5,0,1,7,21
real,50,37,12,9,0,0.0000,0.5000,0.2500,-0.2500,1,1,50,50,21.0,21.000,6,10,2,3,21
model,50,37,12,9,0,0.7500,0.8750,0.7500,0.6250,4,0,17,22,10.0,6.489,1,2,3,4,21
real,50,37,7,9,0,0.3750,0.8750,0.6250,0.7500,6,0,8,5,5.0,3.681,0,2,3,0,16
model,50,37,7,9,0,1.0000,1.0000,1.0000,1.0000,5,1,7,7,8.0,4.404,0,4,1,3,16
real,50,37,8,13,0,0.0000,0.6250,0.5000,0.3750,4,0,23,18,9.0,7.468,3,3,0,3,21
model,50,37,8,13,0,0.7500,0.6250,0.3750,0.7500,2,0,18,32,15.0,11.319,3,6,2,4,21
real,50,25,13,14,0,0.2500,0.8750,0.2500,0.1250,5,1,26,26,7.0,8.383,1,1,3,2,27
model,50,25,13,14,0,-0.1250,0.3750,0.7500,0.2500,3,1,39,39,14.0,17.553,7,4,3,0,27
real,50,25,15,12,0,-0.2500,0.6250,0.5000,0.0000,4,0,19,20,7.0,8.787,2,2,2,1,27
model,50,25,15,12,0,-0.1250,0.5000,0.6250,0.3750,2,1,45,45,21.0,20.894,8,6,3,4,27
real,50,10,10,11,0,0.3750,0.6250,0.7500,0.7500,3,1,22,22,5.0,6.787,3,2,0,0,21
model,50,10,10,11,0,0.1250,0.6250,0.5000,0.3750,5,1,33,33,7.0,7.532,1,2,2,2,21
real,50,10,8,14,0,0.2500,0.8750,0.3750,0.8750,5,0,2,9,8.0,5.489,1,4,1,2,22
model,50,10,8,14,0,-0.2500,0.5000,0.2500,-0.1250,1,1,50,50,22.0,22.000,10,6,4,2,22
real,50,33,12,11,0,0.2500,0.7500,0.2500,0.2500,2,1,43,43,15.0,15.957,2,5,7,1,23
model,50,33,12,11,0,0.2500,1.0000,0.8750,0.2500,3,0,41,2,19.0,16.851,6,4,4,5,23
real,50,33,10,8,0,0.0000,0.6250,0.1250,-0.3750,2,1,35,35,14.0,9.574,4,2,5,3,18
model,50,33,10,8,0,0.2500,0.2500,0.0000,0.3750,4,1,28,28,5.0,6.489,0,3,2,0,18
real,50,33,11,13,0,-0.1250,0.3750,-0.1250,0.0000,4,0,23,8,5.0,6.574,1,3,1,0,24
model,50,33,11,13,0,0.1250,0.3750,0.6250,0.7500,5,1,19,19,4.0,5.723,1,1,0,2,24
real,50,33,11,11,1,-0.1250,0.6250,0.2500,0.2500,3,0,13,35,12.0,13.574,1,1,7,3,22
model,50,33,11,11,1,-0.1250,0.6250,0.7500,0.3750,4,1,38,38,12.0,14.362,1,2,5,4,22
real,50,10,15,9,0,0.1250,0.7500,0.6250,0.7500,3,1,37,37,13.0,13.936,0,7,4,2,24
model,50,10,15,9,0,0.0000,1.0000,0.6250,0.5000,1,1,50,50,24.0,24.000,7,5,7,5,24
real,50,10,10,10,0,-0.1250,0.8750,0.6250,0.7500,3,1,17,17,6.0,8.021,0,3,2,1,20
model,50,10,10,10,0,-0.1250,0.5000,0.2500,0.3750,4,0,16,16,5.0,5.553,0,2,2,1,20
real,50,23,12,10,0,0.0000,0.1250,0.7500,0.5000,1,1,50,50,22.0,22.000,5,6,5,6,22
model,50,23,12,10,0,0.1250,0.7500,0.7500,0.1250,5,0,27,17,8.0,8.170,3,2,2,1,22
real,50,23,12,9,0,0.0000,0.5000,0.3750,0.3750,2,0,7,43,15.0,16.787,4,5,4,2,21
model,50,23,12,9,0,0.2500,0.5000,0.2500,0.5000,3,1,46,46,16.0,18.319,2,6,3,5,21
real,50,50,11,11,0,-0.1250,0.6250,0.2500,0.1250,5,0,19,22,6.0,6.702,1,1,4,0,22
model,50,50,11,11,0,0.1250,0.8750,0.6250,0.5000,7,0,6,27,9.0,8.362,1,0,4,4,22
real,50,50,10,11,0,0.0000,0.0000,0.6250,0.5000,4,0,31,6,6.0,8.489,2,2,0,2,21
model,50,50,10,11,0,0.0000,0.6250,0.8750,0.2500,5,1,28,28,9.0,7.553,0,3,2,4,21
real,50,50,12,11,1,0.1250,0.8750,0.6250,0.5000,5,0,12,22,5.0,5.787,0,2,2,1,23
model,50,50,12,11,1,-0.5000,0.6250,0.1250,0.2500,6,0,16,7,4.0,4.277,0,3,1,0,23
real,50,50,13,12,0,-0.2500,1.0000,0.7500,0.5000,3,1,34,34,12.0,13.234,3,5,1,3,25
model,50,50,13,12,0,-0.3750,0.5000,0.6250,-0.1250,3,1,38,38,16.0,15.851,5,4,5,2,25
real,50,43,12,9,0,0.0000,0.0000,0.1250,0.3750,2,1,32,32,14.0,10.915,2,4,2,6,21
model,50,43,12,9,0,0.2500,0.7500,0.6250,0.6250,4,0,37,3,14.0,13.681,7,1,3,3,21
real,50,43,8,9,0,0.2500,0.5000,0.6250,0.5000,6,0,33,8,9.0,8.234,2,1,3,3,17
model,50,43,8,9,0,0.2500,0.6250,0.5000,0.1250,3,0,16,25,3.0,6.021,0,0,3,0,17
real,50,43,13,11,0,0.2500,0.6250,0.3750,0.1250,4,1,42,42,15.0,15.191,1,3,8,3,24
model,50,43,13,11,0,-0.5000,0.6250,0.2500,0.1250,4,1,35,35,10.0,11.617,0,2,6,2,24
real,50,43,11,10,0,0.0000,0.2500,0.5000,0.3750,5,0,11,6,5.0,4.255,1,2,2,0,21
model,50,43,11,10,0,0.3750,0.5000,0.7500,0.6250,1,1,50,50,21.0,21.000,4,4,4,9,21
real,50,44,10,12,0,0.3750,0.6250,0.5000,0.6250,4,0,5,8,7.0,8.362,2,1,2,2,22
model,50,44,10,12,0,-0.5000,0.3750,0.3750,0.3750,2,0,45,5,19.0,18.426,6,2,5,6,22
real,50,44,12,12,0,0.3750,0.7500,0.8750,0.6250,4,0,17,20,8.0,7.234,3,1,2,2,24
model,50,44,12,12,0,-0.3750,0.2500,0.6250,0.3750,1,1,50,50,24.0,24.000,5,7,7,5,24
real,50,44,12,12,0,0.1250,0.8750,0.7500,0.5000,4,0,33,2,13.0,12.574,4,3,4,2,24
model,50,44,12,12,0,-0.2500,0.3750,0.5000,0.0000,5,0,28,11,9.0,9.723,2,0,4,3,24
real,50,44,12,10,0,-0.1250,0.6250,0.2500,0.1250,4,1,21,21,5.0,7.340,0,2,2,1,22
model,50,44,12,10,0,0.0000,0.6250,0.3750,0.2500,2,1,28,28,10.0,10.766,1,3,4,2,22
real,50,11,12,13,1,0.0000,1.0000,0.5000,0.5000,6,0,3,22,10.0,7.085,0,5,4,1,25
model,50,11,12,13,1,0.5000,0.3750,0.5000,0.5000,2,1,43,43,19.0,17.660,4,7,3,5,25
real,50,11,9,10,0,0.1250,0.2500,0.3750,0.2500,1,1,50,50,19.0,19.000,1,9,6,3,19
model,50,11,9,10,0,0.0000,0.2500,0.7500,0.3750,4,0,19,16,7.0,5.511,1,1,3,2,19
real,50,23,14,14,0,-0.1250,0.8750,0.2500,-0.3750,4,0,17,13,6.0,8.191,1,3,1,1,28
model,50,23,14,14,0,1.0000,1.0000,1.0000,1.0000,4,1,3,3,20.0,19.191,2,3,9,6,28
real,50,23,9,13,0,-0.2500,0.5000,0.3750,0.0000,2,1,42,42,15.0,16.213,2,3,5,5,22
model,50,23,9,13,0,0.0000,1.0000,0.5000,0.3750,4,1,39,39,16.0,13.340,3,4,3,6,22
real,50,20,12,13,0,-0.2500,0.7500,1.0000,0.2500,2,0,24,26,12.0,12.128,3,2,5,2,25
model,50,20,12,13,0,-0.1250,0.7500,0.2500,0.5000,1,1,50,50,25.0,25.000,2,9,6,8,25
real,50,28,9,12,1,0.3750,0.6250,0.5000,0.1250,3,1,45,45,18.0,17.064,3,5,6,4,21
model,50,28,9,12,1,0.1250,0.7500,0.6250,0.2500,6,1,20,20,4.0,5.383,1,2,0,1,21
real,50,20,13,10,0,-0.3750,0.7500,0.2500,0.8750,5,0,15,9,5.0,6.064,1,2,1,1,23
model,50,20,13,10,0,0.3750,0.7500,0.6250,0.5000,6,0,4,12,9.0,6.298,3,1,2,3,23
real,50,28,10,9,1,1.0000,1.0000,1.0000,1.0000,6,1,5,5,3.0,4.511,0,0,1,2,19
model,50,28,10,9,1,0.3750,0.5000,0.6250,0.6250,7,0,30,3,7.0,8.021,4,2,1,0,19
real,50,21,14,13,0,-0.1250,0.1250,0.2500,0.3750,2,1,48,48,23.0,23.979,4,9,8,2,27
model,50,21,14,13,0,-0.1250,0.7500,0.2500,0.3750,2,1,34,34,13.0,15.426,3,4,2,4,27
real,50,27,13,13,0,0.2500,0.2500,0.1250,0.8750,4,0,26,2,8.0,9.787,3,1,3,1,26
model,50,27,13,13,0,-0.1250,0.8750,0.6250,0.7500,8,1,8,8,4.0,5.298,1,2,1,0,26
real,50,27,14,11,0,0.0000,1.0000,0.2500,-0.1250,6,1,23,23,8.0,5.383,1,2,4,1,25
model,50,27,14,11,0,0.2500,0.6250,0.7500,0.6250,3,1,44,44,20.0,20.957,2,2,10,6,25
real,50,27,13,10,1,-0.2500,0.2500,0.3750,0.6250,5,0,2,20,5.0,6.681,1,0,3,1,23
model,50,27,13,10,1,0.0000,0.6250,0.7500,0.1250,4,0,22,23,12.0,8.404,7,2,2,1,23
real,50,30,13,13,0,0.1250,0.7500,0.5000,0.2500,4,1,33,33,13.0,10.830,4,2,5,2,26
model,50,30,13,13,0,0.0000,0.7500,0.6250,0.6250,5,0,6,12,6.0,6.277,0,1,3,2,26
real,50,30,13,12,0,0.1250,0.6250,0.3750,0.1250,3,0,29,2,11.0,11.872,1,4,5,1,25
model,50,30,13,12,0,-0.1250,0.5000,0.7500,0.3750,2,1,38,38,17.0,14.021,5,5,1,6,25
real,50,30,13,12,0,0.1250,0.3750,0.2500,0.2500,4,1,35,35,12.0,15.340,2,3,2,5,25
model,50,30,13,12,0,-0.2500,0.6250,0.6250,0.6250,2,0,12,38,13.0,15.277,4,2,2,5,25
real,50,30,12,13,0,0.1250,0.6250,0.1250,-0.1250,3,1,39,39,18.0,16.574,2,6,6,4,25
model,50,30,12,13,0,0.2500,0.7500,0.3750,0.5000,4,1,13,13,13.0,9.468,2,3,5,3,25
real,50,21,10,7,0,0.1250,0.3750,0.3750,-0.2500,2,1,45,45,14.0,12.766,5,3,2,4,17
model,50,21,10,7,0,0.3750,0.7500,0.5000,0.5000,4,0,30,14,1.0,6.681,0,0,0,1,17
real,50,21,11,10,0,0.0000,0.7500,0.5000,0.0000,3,1,45,45,17.0,16.191,6,3,3,5,21
model,50,21,11,10,0,-0.2500,0.5000,0.1250,0.1250,2,1,40,40,11.0,12.957,2,2,4,3,21
real,50,29,14,10,0,0.1250,0.5000,0.6250,0.0000,3,1,42,42,17.0,14.574,3,8,2,4,24
model,50,29,14,10,0,0.1250,0.5000,0.6250,0.2500,3,1,45,45,17.0,19.723,1,8,4,4,24
real,50,29,14,11,0,0.3750,0.7500,0.5000,0.3750,4,1,44,44,18.0,18.404,3,7,6,2,25
model,50,29,14,11,0,0.2500,0.5000,0.1250,0.5000,2,0,33,17,15.0,13.426,6,5,3,1,25
real,50,42,11,14,0,0.6250,0.5000,0.7500,1.0000,5,1,24,24,11.0,7.851,2,2,4,3,25
model,50,42,11,14,0,0.2500,0.5000,0.5000,0.6250,3,1,36,36,16.0,14.617,2,6,2,6,25
real,50,42,10,12,0,0.2500,0.8750,-0.1250,0.3750,5,0,13,11,7.0,6.149,3,4,0,0,22
model,50,42,10,12,0,0.1250,0.7500,0.8750,0.5000,4,0,9,27,8.0,7.106,3,0,2,3,22
real,50,42,13,11,0,0.0000,0.3750,0.3750,0.1250,2,0,14,36,13.0,15.021,5,0,4,4,24
model,50,42,13,11,0,0.3750,0.6250,0.5000,0.2500,6,0,2,12,5.0,4.723,3,1,1,0,24
real,50,42,12,11,0,0.2500,0.5000,0.3750,0.6250,1,1,50,50,23.0,23.000,4,8,4,7,23
model,50,42,12,11,0,0.1250,0.3750,-0.2500,-0.1250,5,1,14,14,4.0,4.489,1,0,2,1,23
real,50,18,13,10,0,0.1250,0.2500,0.6250,0.3750,2,1,48,48,22.0,22.021,3,6,8,5,23
model,50,18,13,10,0,0.1250,0.7500,0.7500,0.7500,4,0,22,4,10.0,7.574,3,2,2,3,23
real,50,18,10,14,0,0.0000,0.3750,0.5000,0.6250,4,1,22,22,8.0,6.681,1,4,0,3,24
model,50,18,10,14,0,-0.2500,0.7500,0.3750,0.1250,3,0,16,8,9.0,10.213,4,2,2,1,24
real,50,29,13,11,0,0.1250,0.5000,0.2500,0.2500,5,1,36,36,10.0,11.277,2,2,4,2,24
model,50,29,13,11,0,0.5000,0.3750,0.0000,0.5000,1,1,50,50,24.0,24.000,4,6,7,7,24
real,50,29,9,10,0,-0.1250,0.7500,0.6250,0.2500,2,1,48,48,18.0,18.191,4,6,4,4,19
model,50,29,9,10,0,-0.1250,1.0000,0.6250,0.6250,2,1,47,47,17.0,16.000,3,4,3,7,19
real,50,13,12,12,0,-0.2500,0.5000,0.5000,0.1250,3,0,25,18,8.0,8.298,1,4,2,1,24
model,50,13,12,12,0,0.1250,1.0000,0.7500,0.5000,5,0,19,4,8.0,6.255,0,0,4,4,24
real,50,8,10,15,1,0.0000,0.7500,-0.1250,-0.1250,3,1,34,34,12.0,12.277,0,4,4,4,25
model,50,8,10,15,1,0.0000,0.8750,0.5000,0.3750,1,1,50,50,25.0,25.000,7,6,9,3,25
real,50,13,10,11,0,0.5000,0.6250,0.7500,0.1250,7,0,14,9,5.0,3.064,0,0,3,2,21
model,50,13,10,11,0,-0.3750,0.5000,0.2500,0.1250,5,0,22,21,8.0,7.574,3,2,1,2,21
real,50,20,13,13,0,0.1250,0.7500,0.6250,-0.3750,3,1,25,25,6.0,8.596,0,1,1,4,26
model,50,20,13,13,0,0.2500,0.6250,0.2500,0.3750,3,1,38,38,17.0,16.851,6,7,2,2,26
real,50,41,12,11,0,0.0000,0.5000,0.3750,0.0000,4,1,30,30,11.0,9.979,2,2,3,4,23
model,50,41,12,11,0,0.3750,0.6250,0.6250,0.2500,4,0,21,3,9.0,8.638,1,2,4,2,23
real,50,41,11,10,0,-0.1250,0.2500,0.3750,-0.2500,3,0,15,29,7.0,10.574,1,3,2,1,21
model,50,41,11,10,0,0.0000,0.5000,0.8750,-0.1250,5,0,10,30,8.0,10.596,4,1,0,3,21
real,50,41,11,13,0,-0.3750,0.6250,0.1250,0.2500,2,1,47,47,19.0,19.787,5,5,5,4,24
model,50,41,11,13,0,0.1250,0.3750,0.0000,-0.2500,3,1,40,40,12.0,13.277,4,3,3,2,24
real,50,41,11,12,0,0.7500,0.6250,0.5000,0.6250,5,0,22,5,4.0,6.213,1,2,1,0,23
model,50,41,11,12,0,0.0000,0.6250,0.3750,0.1250,2,1,42,42,15.0,15.681,5,3,3,4,23
real,50,39,13,15,0,0.1250,0.6250,0.2500,0.5000,3,1,31,31,11.0,12.298,1,2,4,4,28
model,50,39,13,15,0,0.3750,0.6250,0.7500,0.7500,5,1,23,23,12.0,7.979,4,1,4,3,28
real,50,39,9,10,1,-0.2500,-0.1250,0.2500,0.1250,4,0,19,19,4.0,5.681,1,2,0,1,19
model,50,39,9,10,1,-0.1250,0.1250,0.0000,0.3750,3,0,24,11,10.0,6.596,5,2,3,0,19
real,50,39,9,10,1,0.1250,0.1250,0.0000,0.6250,6,0,29,9,7.0,7.021,2,1,3,1,19
model,50,39,9,10,1,0.6250,0.7500,0.3750,0.7500,3,0,33,12,9.0,8.702,2,3,2,2,19
real,50,39,12,11,0,0.6250,0.6250,0.1250,0.6250,2,1,36,36,13.0,12.319,2,3,5,3,23
model,50,39,12,11,0,0.3750,0.6250,0.7500,0.5000,2,1,48,48,22.0,22.021,5,6,5,6,23
real,50,20,8,8,0,0.3750,0.5000,0.6250,0.5000,1,1,50,50,16.0,16.000,6,3,4,3,16
model,50,20,8,8,0,1.0000,1.0000,1.0000,1.0000,3,1,5,5,9.0,8.234,1,3,1,4,16
real,50,13,11,14,0,0.1250,0.7500,0.6250,0.6250,5,1,11,11,11.0,10.128,2,3,2,4,25
model,50,13,11,14,0,0.5000,0.8750,0.5000,0.0000,2,0,13,37,18.0,15.553,7,1,6,4,25
real,50,20,11,13,0,-0.1250,0.8750,0.6250,0.6250,4,0,6,3,10.0,14.553,2,3,2,3,24
model,50,20,11,13,0,-0.1250,0.5000,0.3750,0.2500,2,1,48,48,21.0,22.043,3,6,4,8,24
real,50,20,12,9,0,-0.1250,0.8750,0.5000,0.3750,5,1,23,23,8.0,8.745,0,3,2,3,21
model,50,20,12,9,0,0.1250,0.6250,0.7500,0.3750,5,1,21,21,7.0,6.404,2,1,1,3,21
real,50,22,12,14,0,0.1250,1.0000,0.6250,0.2500,3,0,31,16,10.0,11.702,3,3,1,3,26
model,50,22,12,14,0,0.1250,0.7500,0.8750,0.3750,3,0,24,4,10.0,10.213,2,5,2,1,26
real,50,22,11,16,0,0.0000,0.2500,0.2500,0.2500,3,0,37,9,17.0,18.830,3,7,4,3,27
model,50,22,11,16,0,0.1250,0.2500,0.6250,0.2500,3,1,27,27,13.0,11.426,4,2,4,3,27
real,50,22,12,14,0,0.1250,0.2500,0.1250,0.1250,3,1,32,32,9.0,11.447,1,3,2,3,26
model,50,22,12,14,0,0.1250,0.3750,0.2500,0.3750,1,1,50,50,26.0,26.000,5,7,11,3,26
real,50,22,13,9,1,0.3750,0.3750,0.3750,0.0000,4,0,8,38,13.0,14.191,3,2,6,2,22
model,50,22,13,9,1,-0.1250,0.7500,0.6250,0.3750,6,0,4,13,3.0,6.213,2,1,0,0,22
real,50,7,9,13,0,-0.1250,0.3750,0.5000,0.0000,3,0,13,31,8.0,10.255,4,0,2,2,22
model,50,7,9,13,0,0.1250,0.2500,0.1250,0.3750,3,0,14,31,9.0,8.745,4,2,1,2,22
real,50,26,11,9,0,-0.1250,0.7500,0.6250,0.2500,2,1,45,45,16.0,17.064,3,4,6,3,20
model,50,26,11,9,0,0.5000,0.7500,0.6250,0.7500,2,0,8,42,17.0,16.298,7,2,3,5,20
real,50,17,13,12,0,0.5000,0.7500,1.0000,0.1250,5,1,28,28,9.0,8.574,3,2,3,1,25
model,50,17,13,12,0,-0.3750,0.3750,0.3750,0.6250,6,0,13,17,8.0,5.489,3,2,2,1,25
real,50,26,14,13,1,0.3750,0.3750,0.3750,0.3750,6,1,20,20,6.0,6.213,3,1,1,1,27
model,50,26,14,13,1,-0.3750,0.5000,0.0000,0.6250,4,1,17,17,11.0,8.319,3,3,3,2,27
real,50,50,9,13,0,0.2500,0.5000,0.3750,0.3750,5,1,30,30,8.0,7.298,3,3,2,0,22
model,50,50,9,13,0,0.1250,0.8750,0.6250,0.6250,2,1,45,45,16.0,18.851,2,7,3,4,22
real,50,50,8,15,0,-0.1250,0.5000,0.0000,0.5000,4,0,5,20,5.0,8.085,0,0,3,2,23
model,50,50,8,15,0,0.1250,0.6250,0.2500,0.0000,1,1,50,50,23.0,23.000,5,6,7,5,23
real,50,50,11,11,0,-0.1250,0.3750,0.1250,0.3750,1,1,50,50,22.0,22.000,2,7,5,8,22
model,50,50,11,11,0,0.0000,0.7500,0.2500,0.2500,4,1,17,17,2.0,6.021,1,1,0,0,22
real,50,50,15,12,0,-0.2500,0.3750,0.1250,0.5000,4,0,30,14,11.0,12.170,3,2,4,2,27
model,50,50,15,12,0,-0.2500,0.2500,0.2500,0.5000,2,0,6,44,21.0,23.319,3,8,6,4,27
real,50,31,11,11,0,-0.2500,0.6250,0.1250,0.1250,6,0,13,11,4.0,4.638,0,2,2,0,22
model,50,31,11,11,0,1.0000,1.0000,1.0000,1.0000,2,1,26,26,9.0,10.766,2,3,1,3,22
real,50,31,9,10,0,-0.2500,0.7500,0.3750,0.1250,8,0,6,9,1.0,2.681,0,0,1,0,19
model,50,31,9,10,0,-0.1250,0.0000,0.3750,0.2500,3,0,15,14,10.0,6.383,2,1,5,2,19
real,50,31,10,10,0,0.5000,1.0000,0.7500,0.7500,4,0,19,2,4.0,7.128,0,1,3,0,20
model,50,31,10,10,0,-0.1250,0.7500,0.3750,0.2500,2,0,23,27,10.0,9.787,2,3,2,3,20
real,50,31,9,10,0,-0.1250,0.3750,0.2500,0.3750,4,0,19,22,4.0,6.426,1,2,0,1,19
model,50,31,9,10,0,-0.1250,0.7500,0.5000,0.5000,2,1,35,35,10.0,10.638,2,3,3,2,19
real,50,11,9,8,2,0.2500,0.6250,-0.1250,0.2500,6,0,12,26,5.0,5.979,0,2,3,0,17
model,50,11,9,8,2,0.1250,0.1250,-0.1250,0.3750,3,1,40,40,12.0,11.979,4,3,3,2,17
real,50,26,11,10,0,-0.2500,0.6250,0.7500,0.1250,3,1,39,39,11.0,12.723,3,3,3,2,21
model,50,26,11,10,0,0.0000,0.6250,0.0000,0.5000,2,1,26,26,10.0,10.277,2,3,4,1,21
real,50,26,15,11,0,0.0000,0.2500,0.2500,0.1250,2,1,42,42,17.0,16.809,5,2,7,3,26
model,50,26,15,11,0,1.0000,1.0000,1.0000,1.0000,4,1,9,9,12.0,12.404,4,3,3,2,26
real,50,26,12,13,0,-0.1250,0.3750,0.5000,0.1250,5,0,10,24,12.0,7.213,2,4,4,2,25
model,50,26,12,13,0,-0.1250,0.7500,0.2500,0.6250,5,0,31,3,12.0,9.809,2,2,4,4,25
real,50,50,13,13,0,0.1250,0.3750,0.5000,0.5000,4,1,34,34,11.0,12.149,1,3,3,4,26
model,50,50,13,13,0,0.2500,0.6250,0.6250,0.7500,3,0,32,14,14.0,12.957,5,4,3,2,26
real,50,50,9,13,0,0.2500,0.0000,0.2500,0.1250,3,0,37,5,10.0,13.149,3,3,3,1,22
model,50,50,9,13,0,0.1250,0.6250,0.1250,0.6250,3,1,37,37,11.0,12.723,2,3,3,3,22
real,50,50,10,12,1,0.2500,1.0000,0.1250,-0.5000,4,0,38,8,15.0,13.979,3,8,3,1,22
model,50,50,10,12,1,-0.1250,0.3750,0.3750,0.5000,2,0,24,26,7.0,10.723,1,3,1,2,22
real,50,50,12,11,0,-0.2500,0.5000,0.5000,0.0000,4,0,29,6,11.0,9.128,0,2,6,3,23
model,50,50,12,11,0,-0.1250,1.0000,0.3750,0.7500,6,0,2,5,6.0,6.745,2,1,2,1,23
real,50,15,12,11,0,0.2500,0.3750,0.5000,0.2500,7,1,12,12,0.0,3.106,0,0,0,0,23
model,50,15,12,11,0,-0.2500,0.8750,0.5000,0.5000,3,1,45,45,17.0,17.936,4,3,3,7,23
real,50,15,9,10,0,-0.1250,0.6250,0.7500,0.8750,3,0,4,33,13.0,10.106,3,5,5,0,19
model,50,15,9,10,0,0.5000,0.7500,0.6250,0.2500,5,0,37,3,11.0,12.723,1,3,5,2,19
real,50,15,12,11,0,0.3750,0.6250,0.2500,0.0000,2,0,13,37,9.0,13.043,1,2,4,2,23
model,50,15,12,11,0,-0.1250,0.6250,0.2500,-0.2500,4,1,31,31,10.0,8.319,4,1,2,3,23
real,50,10,13,9,0,0.0000,0.3750,-0.2500,0.0000,1,1,50,50,22.0,22.000,1,9,7,5,22
model,50,10,13,9,0,0.0000,0.5000,0.6250,0.3750,3,1,28,28,14.0,10.021,4,5,4,1,22
real,50,42,7,14,0,0.5000,0.5000,0.6250,0.0000,2,1,48,48,18.0,19.170,5,3,5,5,21
model,50,42,7,14,0,0.3750,0.8750,0.2500,-0.1250,2,1,31,31,8.0,10.170,2,2,2,2,21
real,50,42,10,14,0,0.5000,0.7500,0.3750,0.6250,4,1,21,21,12.0,9.872,4,3,2,3,24
model,50,42,10,14,0,0.1250,0.8750,0.7500,0.3750,3,1,31,31,14.0,11.021,1,3,6,4,24
real,50,42,11,11,1,-0.1250,0.7500,0.6250,0.0000,3,1,46,46,19.0,19.234,5,5,6,3,22
model,50,42,11,11,1,0.2500,0.3750,0.6250,0.3750,2,1,46,46,18.0,19.277,3,5,4,6,22
real,50,42,15,8,0,-0.2500,0.6250,0.3750,0.1250,4,1,29,29,8.0,9.149,1,2,3,2,23
model,50,42,15,8,0,-0.2500,0.5000,0.2500,0.7500,2,1,28,28,7.0,11.468,1,3,2,1,23
real,50,36,11,12,0,0.2500,0.5000,0.3750,0.1250,2,1,39,39,17.0,14.851,4,7,4,2,23
model,50,36,11,12,0,-0.1250,0.7500,0.6250,-0.1250,3,1,14,14,5.0,8.894,1,2,0,2,23
real,50,36,11,13,0,-0.1250,0.8750,0.8750,0.7500,5,0,28,13,9.0,9.681,3,1,3,2,24
model,50,36,11,13,0,-0.1250,0.5000,0.1250,0.0000,4,0,11,16,5.0,7.340,1,2,2,0,24
real,50,36,9,11,0,-0.1250,0.1250,0.3750,0.5000,6,0,29,9,6.0,5.149,2,2,2,0,20
model,50,36,9,11,0,-0.2500,0.5000,0.6250,0.5000,5,1,21,21,8.0,5.234,3,2,2,1,20
real,50,36,10,9,0,-0.2500,0.6250,0.1250,0.0000,3,0,11,24,6.0,6.830,0,1,3,2,19
model,50,36,10,9,0,0.1250,0.5000,0.3750,0.0000,4,0,6,27,4.0,6.851,1,1,1,1,19
real,50,40,8,10,1,-0.2500,0.7500,0.6250,-0.2500,6,0,15,15,4.0,4.447,0,0,2,2,18
model,50,40,8,10,1,0.1250,0.5000,0.5000,0.5000,3,1,38,38,10.0,10.468,2,3,0,5,18
real,50,40,9,9,0,-0.3750,0.6250,0.2500,0.7500,5,0,14,21,5.0,4.915,1,3,0,1,18
model,50,40,9,9,0,-0.3750,0.6250,0.6250,0.3750,2,1,28,28,10.0,8.723,2,2,2,4,18
real,50,40,10,12,0,0.6250,0.6250,0.3750,-0.1250,2,1,42,42,14.0,17.574,3,3,6,2,22
model,50,40,10,12,0,-0.1250,0.5000,0.2500,0.2500,4,0,16,17,7.0,6.426,1,1,4,1,22
real,50,40,12,11,0,0.0000,0.5000,0.1250,0.2500,3,0,9,17,8.0,9.213,0,5,3,0,23
model,50,40,12,11,0,0.0000,0.6250,-0.1250,0.6250,2,0,44,6,19.0,19.745,2,3,5,9,23
real,50,22,11,9,0,0.1250,0.6250,0.5000,0.2500,4,0,21,7,5.0,7.000,0,1,2,2,20
model,50,22,11,9,0,0.5000,1.0000,0.7500,0.7500,3,1,40,40,15.0,15.745,6,5,1,3,20
real,50,22,13,10,0,-0.2500,0.7500,0.7500,0.5000,9,0,9,5,1.0,2.936,0,1,0,0,23
model,50,22,13,10,0,0.5000,0.2500,0.1250,0.1250,2,1,25,25,8.0,11.362,3,3,0,2,23
real,50,12,12,10,0,-0.1250,0.7500,0.3750,0.6250,2,1,35,35,11.0,12.298,3,2,2,4,22
model,50,12,12,10,0,-0.3750,0.3750,0.3750,0.5000,2,1,47,47,21.0,20.596,8,6,3,4,22
real,50,22,8,9,0,0.0000,0.6250,0.3750,0.1250,2,1,46,46,12.0,13.000,2,3,4,3,17
model,50,22,8,9,0,0.1250,0.7500,0.6250,0.5000,4,0,32,9,8.0,9.723,1,4,2,1,17
real,50,34,9,7,1,0.3750,0.5000,0.6250,0.2500,5,1,34,34,7.0,6.298,1,2,3,1,16
model,50,34,9,7,1,-0.2500,0.5000,0.2500,0.5000,4,0,8,18,7.0,5.660,4,0,0,3,16
real,50,34,11,13,0,0.2500,0.8750,0.5000,0.3750,1,1,50,50,24.0,24.000,6,4,10,4,24
model,50,34,11,13,0,0.1250,0.7500,0.6250,0.7500,6,1,21,21,6.0,5.191,3,0,2,1,24
real,50,34,9,9,1,0.2500,0.8750,0.5000,0.8750,5,0,4,25,7.0,6.404,0,3,2,2,18
model,50,34,9,9,1,0.3750,0.6250,0.3750,0.3750,4,1,41,41,12.0,13.021,5,1,2,4,18
real,50,34,12,12,0,0.1250,0.8750,0.3750,0.3750,2,1,44,44,17.0,17.106,1,9,2,5,24
model,50,34,12,12,0,-0.1250,0.7500,0.6250,0.3750,1,1,50,50,24.0,24.000,8,5,6,5,24
real,50,36,7,13,0,0.1250,1.0000,0.7500,0.8750,1,1,50,50,20.0,20.000,6,3,4,7,20
model,50,36,7,13,0,0.2500,1.0000,0.6250,0.5000,4,1,26,26,9.0,8.617,3,2,2,2,20
real,50,36,12,16,0,0.3750,0.7500,0.2500,0.3750,3,0,14,19,6.0,9.000,0,2,3,1,28
model,50,36,12,16,0,-0.2500,0.7500,0.5000,0.6250,5,1,20,20,7.0,7.064,2,1,2,2,28
real,50,36,13,12,0,0.0000,0.6250,0.1250,0.1250,3,0,6,38,18.0,16.511,2,5,2,9,25
model,50,36,13,12,0,-0.2500,0.7500,0.6250,0.2500,2,1,42,42,18.0,18.702,6,7,3,2,25
real,50,36,10,12,0,0.3750,0.7500,0.6250,0.3750,1,1,50,50,22.0,22.000,5,6,5,6,22
model,50,36,10,12,0,-0.1250,0.5000,0.6250,0.5000,3,0,12,34,13.0,11.574,5,3,3,2,22
real,50,48,11,9,0,0.3750,0.8750,0.3750,0.5000,4,0,18,20,3.0,5.404,0,0,2,1,20
model,50,48,11,9,0,0.1250,0.3750,0.3750,0.0000,2,1,43,43,15.0,14.128,4,4,3,4,20
real,50,48,13,12,0,0.3750,0.5000,0.5000,0.2500,2,1,41,41,18.0,18.298,2,4,7,5,25
model,50,48,13,12,0,0.0000,0.7500,0.6250,0.6250,2,1,43,43,21.0,19.830,10,4,2,5,25
real,50,48,12,10,0,-0.1250,0.3750,0.2500,0.3750,2,1,48,48,20.0,21.064,1,8,5,6,22
model,50,48,12,10,0,-0.1250,0.7500,0.7500,0.6250,2,1,46,46,18.0,19.277,5,2,6,5,22
real,50,48,11,11,0,0.5000,0.7500,0.3750,0.6250,4,0,10,14,9.0,7.362,2,3,3,1,22
model,50,48,11,11,0,0.6250,0.5000,0.0000,0.2500,2,1,47,47,19.0,18.809,5,7,3,4,22
real,50,13,8,9,0,0.2500,1.0000,0.5000,0.6250,2,1,23,23,12.0,8.638,3,3,2,4,17
model,50,13,8,9,0,-0.1250,0.6250,0.2500,0.2500,5,0,18,12,4.0,3.766,1,1,2,0,17
real,50,31,14,11,0,0.2500,0.5000,0.6250,0.6250,1,1,50,50,25.0,25.000,7,5,9,4,25
model,50,31,14,11,0,-0.1250,0.7500,0.2500,0.2500,3,1,37,37,16.0,15.021,5,3,1,7,25
real,50,31,9,13,0,-0.3750,0.6250,0.5000,0.2500,3,0,36,7,11.0,11.085,1,3,4,3,22
model,50,31,9,13,0,-0.6250,0.6250,0.2500,0.6250,3,1,38,38,14.0,14.532,3,5,5,1,22
real,50,31,8,14,0,-0.1250,0.5000,0.2500,-0.2500,3,0,27,4,10.0,9.191,3,3,2,2,22
model,50,31,8,14,0,0.1250,0.6250,0.3750,0.2500,5,1,31,31,11.0,8.447,2,5,3,1,22
real,50,45,16,12,1,0.5000,0.8750,0.2500,0.6250,6,0,8,24,11.0,8.043,1,1,6,3,28
model,50,45,16,12,1,-0.2500,0.7500,0.5000,0.5000,2,1,44,44,21.0,21.362,5,6,4,6,28
real,50,45,15,11,0,-0.2500,0.3750,0.3750,0.1250,1,1,50,50,26.0,26.000,5,5,10,6,26
model,50,45,15,11,0,0.2500,0.2500,0.3750,0.7500,3,0,17,23,13.0,9.447,2,5,3,3,26
real,50,45,11,12,0,0.2500,0.6250,0.6250,0.3750,4,0,18,17,7.0,6.766,2,0,3,2,23
model,50,45,11,12,0,0.0000,0.3750,0.2500,0.3750,2,1,47,47,21.0,20.638,4,5,6,6,23
real,50,45,13,9,0,0.2500,0.7500,0.5000,0.2500,4,0,40,4,17.0,16.255,3,5,5,4,22
model,50,45,13,9,0,0.2500,0.2500,0.7500,0.3750,2,1,43,43,14.0,15.830,4,4,3,3,22
real,50,50,9,12,0,0.2500,0.8750,0.6250,0.7500,4,1,21,21,2.0,5.915,2,0,0,0,21
model,50,50,9,12,0,0.3750,0.7500,0.7500,0.5000,3,0,5,41,12.0,12.830,4,3,1,4,21
real,50,50,11,11,0,-0.1250,0.6250,0.7500,0.6250,6,0,6,6,3.0,3.894,0,1,0,2,22
model,50,50,11,11,0,-0.2500,0.7500,0.3750,0.0000,3,1,44,44,15.0,16.702,3,5,3,4,22
real,50,50,14,9,0,0.1250,0.5000,0.8750,0.5000,3,0,26,13,8.0,8.319,3,3,1,1,23
model,50,50,14,9,0,0.0000,0.6250,0.7500,0.5000,5,0,2,26,12.0,7.426,0,2,7,3,23
real,50,50,9,14,0,0.6250,0.7500,0.5000,0.7500,4,1,27,27,5.0,8.362,1,1,2,1,23
model,50,50,9,14,0,-0.2500,0.3750,0.7500,0.2500,4,0,3,31,10.0,11.128,3,4,2,1,23
real,50,28,13,12,0,-0.2500,0.3750,-0.1250,0.2500,4,0,9,26,7.0,9.553,2,1,1,3,25
model,50,28,13,12,0,-0.2500,0.8750,0.1250,0.3750,5,1,33,33,9.0,12.043,2,3,2,2,25
real,50,28,13,14,0,0.1250,0.2500,0.2500,0.0000,2,1,34,34,12.0,13.043,3,3,4,2,27
model,50,28,13,14,0,1.0000,1.0000,1.0000,1.0000,3,1,11,11,16.0,15.957,5,5,3,3,27
real,50,28,14,14,0,-0.2500,0.3750,0.5000,0.2500,4,1,19,19,8.0,9.404,1,5,1,1,28
model,50,28,14,14,0,0.1250,0.6250,0.1250,0.3750,5,1,35,35,12.0,14.298,2,4,6,0,28
real,50,28,11,7,0,0.2500,0.3750,0.5000,0.2500,3,1,45,45,13.0,13.511,1,4,4,4,18
model,50,28,11,7,0,-0.1250,0.3750,0.1250,0.5000,4,0,8,12,2.0,7.340,0,0,2,0,18
real,50,46,7,13,0,-0.1250,0.6250,0.2500,0.6250,3,1,43,43,15.0,14.617,3,4,3,5,20
model,50,46,7,13,0,0.3750,0.6250,0.2500,-0.1250,5,0,17,9,5.0,5.830,1,0,4,0,20
real,50,46,9,10,0,-0.2500,0.7500,0.1250,0.2500,5,1,21,21,3.0,6.106,0,1,1,1,19
model,50,46,9,10,0,0.0000,0.6250,-0.1250,0.3750,2,0,22,28,7.0,9.617,1,2,1,3,19
real,50,46,11,13,0,0.1250,1.0000,0.7500,0.6250,5,0,3,29,7.0,8.851,1,4,1,1,24
model,50,46,11,13,0,0.2500,0.7500,0.7500,0.6250,5,0,16,11,9.0,6.128,1,2,3,3,24
real,50,46,13,12,0,0.0000,0.8750,0.0000,0.0000,4,0,33,10,10.0,9.957,3,1,5,1,25
model,50,46,13,12,0,0.5000,0.5000,0.7500,0.1250,2,1,48,48,23.0,23.936,5,4,5,9,25
real,50,12,13,13,0,-0.2500,0.7500,0.5000,0.3750,4,0,22,5,8.0,8.957,1,4,1,2,26
model,50,12,13,13,0,0.6250,0.7500,0.3750,0.2500,3,1,43,43,19.0,20.596,5,4,5,5,26
real,50,22,10,11,0,-0.2500,0.2500,0.3750,0.0000,2,1,47,47,17.0,17.872,3,2,6,6,21
model,50,22,10,11,0,-0.6250,0.6250,0.1250,0.0000,3,0,8,37,13.0,13.702,1,5,4,3,21
real,50,22,11,12,0,0.1250,0.6250,0.6250,0.2500,4,0,14,4,9.0,11.234,3,2,2,2,23
model,50,22,11,12,0,0.1250,0.6250,0.3750,0.0000,3,0,7,39,16.0,13.936,5,2,4,5,23
real,50,22,13,9,0,0.5000,0.5000,0.2500,0.0000,3,0,32,3,9.0,9.809,0,1,3,5,22
model,50,22,13,9,0,1.0000,1.0000,1.0000,1.0000,3,1,39,39,17.0,14.936,6,2,4,5,22
real,50,43,12,13,0,-0.2500,0.7500,0.3750,0.3750,6,1,24,24,6.0,6.766,0,2,1,3,25
model,50,43,12,13,0,1.0000,1.0000,1.0000,1.0000,3,1,37,37,17.0,15.340,3,6,4,4,25
real,50,43,15,17,0,0.2500,0.3750,0.5000,0.3750,2,1,19,19,14.0,17.447,3,3,3,5,32
model,50,43,15,17,0,-0.1250,0.7500,0.1250,0.3750,5,0,7,3,14.0,17.681,2,4,4,4,32
real,50,43,9,11,0,0.0000,0.7500,0.7500,0.1250,2,1,38,38,8.0,12.340,3,1,1,3,20
model,50,43,9,11,0,0.0000,0.6250,0.7500,0.1250,2,1,45,45,20.0,17.064,6,5,3,6,20
real,50,43,8,11,1,-0.1250,0.7500,0.3750,0.2500,4,1,18,18,6.0,6.404,1,2,2,1,19
model,50,43,8,11,1,0.0000,0.7500,0.0000,0.2500,4,0,28,14,4.0,6.915,1,2,1,0,19
real,50,19,12,13,0,0.0000,0.2500,0.6250,0.2500,1,1,50,50,25.0,25.000,6,6,4,9,25
model,50,19,12,13,0,-0.1250,0.8750,0.1250,0.6250,2,0,14,36,15.0,15.277,1,2,4,8,25
real,50,19,14,12,0,-0.2500,0.6250,0.6250,0.3750,2,1,37,37,13.0,16.000,1,6,1,5,26
model,50,19,14,12,0,-0.2500,0.8750,0.7500,0.7500,2,0,38,12,19.0,17.149,6,3,7,3,26
real,50,19,13,12,0,-0.1250,0.7500,0.2500,0.0000,2,0,39,11,17.0,16.106,7,2,5,3,25
model,50,19,13,12,0,0.2500,0.3750,0.3750,0.3750,3,0,8,15,12.0,8.915,0,4,4,4,25
real,50,19,13,9,0,0.1250,0.8750,0.5000,-0.1250,2,1,46,46,18.0,18.426,2,6,6,4,22
model,50,19,13,9,0,0.0000,0.1250,0.2500,0.0000,2,0,44,6,16.0,17.234,4,4,4,4,22
real,50,48,14,11,0,-0.5000,0.7500,0.2500,0.3750,3,0,24,22,11.0,10.064,0,5,6,0,25
model,50,48,14,11,0,1.0000,1.0000,1.0000,1.0000,4,1,33,33,10.0,10.213,1,5,1,3,25
real,50,48,14,14,0,-0.1250,0.5000,0.0000,0.3750,4,1,42,42,19.0,17.723,3,5,5,6,28
model,50,48,14,14,0,0.2500,0.6250,0.3750,-0.1250,2,0,8,42,16.0,18.043,5,3,5,3,28
real,50,48,10,13,0,-0.5000,0.6250,0.2500,0.1250,2,1,34,34,13.0,11.426,1,4,4,4,23
model,50,48,10,13,0,-0.2500,0.8750,0.3750,0.7500,4,0,3,33,10.0,12.404,3,0,3,4,23
real,50,48,14,10,0,0.2500,0.8750,0.6250,0.6250,2,0,48,2,23.0,23.489,7,7,5,4,24
model,50,48,14,10,0,0.2500,0.8750,0.5000,0.5000,4,1,30,30,11.0,10.745,3,2,4,2,24
real,50,27,12,7,0,0.6250,0.6250,0.2500,-0.1250,1,1,50,50,19.0,19.000,8,3,3,5,19
model,50,27,12,7,0,0.0000,0.6250,0.5000,0.2500,4,0,39,3,13.0,11.298,3,3,3,4,19
real,50,27,10,11,1,0.0000,0.8750,0.8750,0.3750,4,1,17,17,13.0,9.596,3,4,2,4,21
model,50,27,10,11,1,0.2500,0.3750,0.2500,0.3750,4,0,7,27,10.0,8.915,4,2,3,1,21
real,50,12,9,14,0,0.5000,0.7500,0.7500,0.7500,3,0,39,3,18.0,15.426,2,6,5,5,23
model,50,12,9,14,0,-0.1250,0.5000,0.8750,0.6250,5,0,5,12,4.0,4.681,1,0,2,1,23
real,50,27,14,12,0,0.2500,0.5000,0.6250,0.5000,5,0,12,9,7.0,6.787,2,2,1,2,26
model,50,27,14,12,0,0.2500,0.6250,0.1250,0.3750,2,1,48,48,22.0,22.085,4,8,4,6,26
real,50,26,11,15,0,0.5000,0.8750,0.5000,0.0000,3,1,24,24,10.0,10.000,1,2,3,4,26
model,50,26,11,15,0,0.1250,0.2500,0.5000,0.6250,4,0,18,3,9.0,9.170,2,1,5,1,26
real,50,11,12,11,0,-0.3750,0.7500,0.3750,0.5000,2,0,45,5,19.0,20.191,6,4,6,3,23
model,50,11,12,11,0,-0.1250,0.7500,0.3750,0.3750,4,0,11,19,9.0,7.638,1,0,4,4,23
real,50,26,12,13,0,0.0000,0.5000,-0.1250,0.5000,3,0,18,11,4.0,8.234,0,1,2,1,25
model,50,26,12,13,0,0.7500,0.7500,0.8750,0.8750,4,0,37,6,15.0,15.213,6,2,4,3,25
real,50,11,8,10,0,0.2500,0.3750,0.2500,0.3750,4,0,9,19,3.0,4.766,0,1,2,0,18
model,50,11,8,10,0,0.2500,0.2500,0.2500,0.3750,4,0,11,5,8.0,7.745,2,1,3,2,18
real,50,19,12,10,0,0.1250,0.7500,0.6250,0.1250,3,1,23,23,9.0,8.979,0,2,4,3,22
model,50,19,12,10,0,0.0000,0.7500,0.0000,0.1250,2,1,48,48,20.0,20.128,6,7,1,6,22
real,50,19,14,9,0,0.0000,0.5000,-0.1250,0.0000,3,1,33,33,11.0,11.319,2,5,1,3,23
model,50,19,14,9,0,0.3750,0.7500,0.1250,0.5000,2,0,15,35,15.0,12.319,5,3,5,2,23
real,50,19,9,11,0,0.3750,0.8750,0.3750,0.2500,1,1,50,50,20.0,20.000,7,2,8,3,20
model,50,19,9,11,0,0.1250,0.7500,0.7500,-0.1250,2,0,15,35,9.0,12.340,3,2,2,2,20
real,50,19,10,12,0,0.5000,0.6250,0.1250,0.5000,4,0,19,26,12.0,8.468,0,4,7,1,22
model,50,19,10,12,0,0.0000,0.6250,0.3750,-0.1250,4,0,35,9,11.0,11.957,3,3,1,4,22
real,50,18,13,11,1,0.1250,0.3750,0.3750,-0.2500,5,0,28,15,8.0,10.319,1,4,2,1,24
model,50,18,13,11,1,0.1250,0.7500,0.7500,0.1250,1,1,50,50,24.0,24.000,3,8,4,9,24
real,50,9,11,14,0,-0.1250,0.7500,0.8750,0.1250,3,0,7,41,18.0,15.596,5,5,5,3,25
model,50,9,11,14,0,1.0000,1.0000,1.0000,1.0000,1,1,50,50,25.0,25.000,3,6,10,6,25
real,50,18,16,7,0,0.1250,0.5000,0.0000,0.1250,2,0,5,45,19.0,21.043,7,5,4,3,23
model,50,18,16,7,0,-0.1250,1.0000,0.7500,0.5000,6,0,20,5,7.0,5.234,1,3,1,2,23
real,50,18,12,8,0,-0.3750,0.7500,0.3750,0.0000,3,1,38,38,14.0,11.766,1,9,4,0,20
model,50,18,12,8,0,0.0000,0.3750,0.1250,0.2500,2,0,12,38,11.0,12.553,3,3,2,3,20
real,50,39,8,11,0,0.5000,0.7500,0.5000,0.6250,4,1,18,18,5.0,5.660,0,1,2,2,19
model,50,39,8,11,0,-0.1250,0.5000,0.7500,0.2500,3,0,28,3,6.0,8.277,1,2,2,1,19
real,50,39,10,14,0,0.3750,1.0000,0.6250,0.6250,5,0,2,37,12.0,13.851,2,4,3,3,24
model,50,39,10,14,0,-0.5000,0.0000,0.2500,-0.3750,3,0,40,7,18.0,17.298,3,2,6,7,24
real,50,39,11,12,0,0.3750,0.8750,0.7500,0.5000,4,0,3,14,10.0,7.277,1,5,3,1,23
model,50,39,11,12,0,-0.2500,0.1250,0.2500,-0.2500,2,1,40,40,16.0,16.319,6,3,7,0,23
real,50,39,10,12,1,1.0000,1.0000,1.0000,1.0000,4,1,6,6,19.0,17.489,3,5,5,6,22
model,50,39,10,12,1,0.1250,0.7500,0.6250,0.1250,5,1,33,33,9.0,7.851,2,1,3,3,22
real,50,48,10,15,0,-0.2500,0.3750,0.3750,0.3750,2,1,32,32,16.0,13.128,2,5,6,3,25
model,50,48,10,15,0,1.0000,1.0000,1.0000,1.0000,4,1,21,21,13.0,7.617,2,4,5,2,25
real,50,48,9,7,0,-0.1250,0.2500,-0.2500,-0.5000,2,0,41,9,11.0,10.553,3,5,1,2,16
model,50,48,9,7,0,-0.2500,0.1250,0.5000,0.0000,2,1,48,48,15.0,14.383,4,2,4,5,16
real,50,48,11,14,0,0.0000,0.7500,0.2500,-0.2500,2,1,43,43,18.0,16.936,3,8,4,3,25
model,50,48,11,14,0,-0.2500,0.5000,0.6250,0.3750,2,1,44,44,21.0,20.277,7,5,4,5,25
real,50,48,13,13,0,0.2500,0.8750,0.2500,0.3750,3,1,41,41,16.0,18.298,4,6,5,1,26
model,50,48,13,13,0,0.1250,0.6250,0.2500,0.0000,2,1,47,47,24.0,23.447,7,7,4,6,26
real,50,18,11,13,0,0.3750,0.3750,1.0000,0.1250,6,0,4,6,5.0,6.894,0,3,0,2,24
model,50,18,11,13,0,0.2500,0.5000,0.6250,0.7500,1,1,50,50,24.0,24.000,5,7,7,5,24
real,50,14,11,7,0,-0.1250,0.8750,0.1250,0.3750,4,1,37,37,10.0,10.468,1,0,7,2,18
model,50,14,11,7,0,-0.2500,0.8750,0.6250,0.3750,2,1,43,43,14.0,13.872,3,1,4,6,18
real,50,18,13,13,0,0.1250,0.2500,0.1250,0.3750,2,1,45,45,19.0,19.191,3,1,7,8,26
model,50,18,13,13,0,0.3750,0.6250,0.6250,0.5000,7,0,4,5,6.0,7.617,1,2,1,2,26
real,50,18,9,9,0,-0.2500,0.6250,0.1250,0.3750,5,0,10,17,2.0,5.170,0,0,1,1,18
model,50,18,9,9,0,-0.1250,0.5000,0.3750,0.7500,4,0,41,3,11.0,11.745,3,3,2,3,18
real,50,40,12,12,0,0.1250,0.6250,0.2500,0.6250,1,1,50,50,24.0,24.000,6,6,5,7,24
model,50,40,12,12,0,0.2500,0.5000,0.6250,0.3750,2,1,47,47,21.0,20.681,3,7,6,5,24
real,50,40,14,11,0,-0.5000,0.3750,0.2500,0.2500,3,0,43,4,18.0,20.979,4,5,5,4,25
model,50,40,14,11,0,0.2500,0.1250,0.3750,0.5000,5,0,8,13,3.0,5.319,0,1,1,1,25
real,50,40,13,11,0,0.2500,0.3750,0.0000,0.0000,3,1,45,45,20.0,20.574,5,3,6,6,24
model,50,40,13,11,0,1.0000,1.0000,1.0000,1.0000,4,1,14,14,10.0,10.319,5,1,2,2,24
real,50,40,8,16,0,-0.2500,0.7500,0.3750,1.0000,4,0,6,5,8.0,11.128,3,1,0,4,24
model,50,40,8,16,0,0.0000,0.5000,0.1250,-0.2500,5,0,11,10,6.0,6.191,0,2,3,1,24
real,50,30,11,11,0,-0.2500,0.8750,0.1250,-0.1250,3,1,30,30,10.0,11.234,2,3,3,2,22
model,50,30,11,11,0,0.5000,0.1250,0.5000,0.0000,6,0,13,11,3.0,4.000,0,1,1,1,22
real,50,18,12,12,0,1.0000,1.0000,1.0000,1.0000,2,1,44,44,19.0,17.106,7,1,3,8,24
model,50,18,12,12,0,-0.7500,0.8750,0.3750,0.2500,1,1,50,50,24.0,24.000,2,8,7,7,24
real,50,30,12,13,0,-0.1250,0.3750,0.2500,0.1250,2,0,42,8,20.0,18.383,7,6,5,2,25
model,50,30,12,13,0,0.0000,0.1250,0.7500,0.2500,2,1,44,44,17.0,18.745,7,2,4,4,25
real,50,30,12,10,0,0.2500,0.5000,0.0000,-0.2500,1,1,50,50,22.0,22.000,4,5,7,6,22
model,50,30,12,10,0,0.2500,0.6250,0.5000,0.5000,1,1,50,50,22.0,22.000,12,2,2,6,22
real,50,12,12,12,0,-0.1250,0.6250,0.1250,0.2500,3,0,13,33,13.0,11.404,1,4,3,5,24
model,50,12,12,12,0,-0.1250,0.2500,0.1250,0.0000,4,0,14,21,6.0,6.340,2,0,2,2,24
real,50,24,11,13,0,-0.3750,0.5000,0.6250,0.2500,3,1,44,44,18.0,20.936,3,4,6,5,24
model,50,24,11,13,0,1.0000,1.0000,1.0000,1.0000,2,1,25,25,11.0,11.830,4,4,1,2,24
real,50,12,13,12,0,-0.1250,0.3750,0.2500,0.1250,2,1,47,47,24.0,23.404,6,6,7,5,25
model,50,12,13,12,0,0.0000,0.6250,0.1250,0.2500,5,0,6,22,10.0,7.553,3,2,1,4,25
real,50,24,11,12,0,-0.1250,0.2500,0.3750,0.3750,3,0,5,32,10.0,12.000,0,1,6,3,23
model,50,24,11,12,0,0.2500,0.8750,0.6250,0.5000,5,1,41,41,14.0,14.702,4,2,7,1,23
real,50,36,11,13,0,0.0000,0.5000,0.6250,0.0000,3,1,32,32,13.0,9.766,1,2,6,4,24
model,50,36,11,13,0,-0.1250,0.7500,0.5000,0.2500,7,0,16,11,8.0,5.447,1,1,4,2,24
real,50,36,14,14,0,-0.2500,0.6250,0.6250,0.5000,4,0,7,32,14.0,12.702,3,3,3,5,28
model,50,36,14,14,0,0.0000,0.8750,-0.2500,-0.6250,3,1,40,40,18.0,16.511,6,6,6,0,28
real,50,36,9,10,0,0.0000,0.8750,0.5000,0.6250,5,0,24,9,3.0,7.021,1,2,0,0,19
model,50,36,9,10,0,1.0000,1.0000,1.0000,1.0000,2,1,35,35,15.0,11.021,2,5,7,1,19
real,50,36,11,8,0,0.1250,0.7500,-0.1250,0.0000,1,1,50,50,19.0,19.000,5,2,10,2,19
model,50,36,11,8,0,0.2500,0.8750,0.3750,0.6250,3,0,14,34,13.0,9.723,3,5,4,1,19
real,50,41,12,12,0,0.1250,0.3750,0.3750,0.5000,3,1,39,39,13.0,14.574,1,4,3,5,24
model,50,41,12,12,0,0.0000,0.3750,0.5000,0.2500,2,1,48,48,23.0,22.043,5,2,7,9,24
real,50,41,12,12,0,0.1250,0.5000,0.6250,0.3750,2,0,31,19,14.0,13.532,3,3,5,3,24
model,50,41,12,12,0,0.3750,0.7500,0.6250,0.2500,3,1,43,43,17.0,18.064,6,4,4,3,24
real,50,41,8,13,0,0.0000,0.5000,0.3750,0.2500,3,0,13,26,5.0,8.213,2,1,1,1,21
model,50,41,8,13,0,-0.2500,0.7500,0.8750,0.5000,3,1,18,18,9.0,6.957,2,2,2,3,21
real,50,41,5,12,0,0.2500,0.5000,0.5000,0.2500,1,1,50,50,17.0,17.000,1,6,5,5,17
model,50,41,5,12,0,0.1250,0.5000,0.5000,0.0000,4,1,41,41,14.0,12.298,6,0,2,6,17
real,50,5,8,14,0,0.0000,0.8750,0.7500,0.2500,5,0,10,7,6.0,6.128,0,4,1,1,22
model,50,5,8,14,0,-0.5000,0.8750,0.6250,0.6250,5,1,23,23,6.0,5.851,1,2,3,0,22
real,50,22,10,9,1,0.2500,0.5000,0.3750,0.3750,5,0,11,9,4.0,4.468,2,1,1,0,19
model,50,22,10,9,1,-0.2500,0.2500,0.1250,-0.2500,2,0,13,37,11.0,12.106,3,2,5,1,19
real,50,15,12,12,0,0.2500,0.5000,0.7500,0.0000,4,0,5,34,13.0,12.298,3,3,4,3,24
model,50,15,12,12,0,0.3750,0.3750,0.3750,0.3750,6,0,2,17,6.0,6.170,1,1,3,1,24
real,50,8,11,13,0,0.6250,0.2500,0.2500,0.6250,4,0,12,20,6.0,6.681,1,1,3,1,24
model,50,8,11,13,0,1.0000,1.0000,1.0000,1.0000,3,1,27,27,11.0,11.234,1,5,3,2,24
real,50,48,14,9,0,-0.1250,0.6250,0.5000,0.0000,4,1,30,30,8.0,8.000,0,4,2,2,23
model,50,48,14,9,0,0.5000,0.6250,0.2500,0.0000,5,0,16,20,7.0,7.426,0,2,3,2,23
real,50,48,11,11,0,-0.2500,0.7500,0.6250,0.1250,2,1,33,33,11.0,13.149,0,4,3,4,22
model,50,48,11,11,0,0.1250,0.5000,0.6250,0.7500,5,0,14,10,6.0,5.809,4,0,2,0,22
real,50,48,11,14,0,-0.1250,0.5000,0.7500,0.2500,2,1,30,30,11.0,12.489,1,4,1,5,25
model,50,48,11,14,0,0.0000,0.5000,0.2500,0.2500,2,1,44,44,20.0,19.511,6,5,5,4,25
real,50,48,12,12,0,0.3750,0.3750,0.3750,0.0000,5,1,37,37,15.0,13.447,5,3,3,4,24
model,50,48,12,12,0,0.2500,1.0000,0.2500,0.1250,3,0,23,24,12.0,11.106,6,4,2,0,24
real,50,39,13,13,1,0.1250,0.7500,0.5000,0.0000,4,1,40,40,18.0,17.574,3,4,6,5,26
model,50,39,13,13,1,0.2500,0.8750,0.6250,0.7500,7,0,11,9,9.0,4.191,3,2,2,2,26
real,50,39,13,12,0,-0.1250,0.5000,0.5000,0.0000,2,0,34,16,15.0,14.340,2,3,7,3,25
model,50,39,13,12,0,-0.1250,0.7500,0.3750,0.2500,4,0,20,26,12.0,10.745,0,4,8,0,25
real,50,39,10,12,0,0.0000,0.3750,0.7500,0.3750,4,1,27,27,4.0,7.660,3,1,0,0,22
model,50,39,10,12,0,0.6250,0.3750,0.2500,0.3750,2,1,48,48,19.0,19.191,10,2,3,4,22
real,50,39,15,12,0,0.0000,0.7500,-0.1250,0.2500,3,1,34,34,12.0,14.553,1,6,3,2,27
model,50,39,15,12,0,0.5000,0.3750,0.6250,0.3750,3,0,5,35,14.0,12.319,2,6,3,3,27
real,50,35,12,12,0,0.3750,0.6250,0.7500,0.2500,5,1,27,27,8.0,9.489,1,3,3,1,24
model,50,35,12,12,0,0.0000,0.5000,0.6250,-0.1250,5,0,17,6,6.0,6.702,0,1,3,2,24
real,50,35,9,13,0,0.0000,0.7500,0.5000,0.1250,5,0,27,11,5.0,6.596,0,1,2,2,22
model,50,35,9,13,0,0.0000,0.5000,0.2500,0.2500,4,0,22,24,8.0,9.596,2,4,1,1,22
real,50,12,9,12,0,-0.2500,0.6250,0.1250,0.6250,3,1,42,42,16.0,16.702,2,5,7,2,21
model,50,12,9,12,0,0.5000,0.5000,0.8750,0.2500,2,1,47,47,18.0,17.872,1,5,5,7,21
real,50,35,13,10,2,-0.2500,0.8750,0.6250,0.6250,5,0,7,28,11.0,9.340,1,6,1,3,23
model,50,35,13,10,2,0.0000,1.0000,0.2500,0.1250,4,0,16,15,5.0,6.277,0,4,1,0,23
real,50,25,11,12,1,0.0000,0.7500,0.5000,0.3750,5,1,28,28,7.0,8.170,1,4,0,2,23
model,50,25,11,12,1,0.2500,0.6250,0.6250,0.5000,5,0,3,26,6.0,7.766,0,3,1,2,23
real,50,25,14,11,0,0.2500,0.3750,0.6250,0.1250,2,0,18,32,15.0,13.574,5,2,3,5,25
model,50,25,14,11,0,-0.1250,0.7500,0.1250,0.0000,4,0,43,3,18.0,20.106,4,6,6,2,25
real,50,8,12,11,0,0.3750,0.5000,0.5000,0.5000,5,0,4,9,6.0,6.255,2,1,2,1,23
model,50,8,12,11,0,0.1250,0.6250,0.3750,0.5000,6,0,6,26,4.0,7.383,0,1,0,3,23
real,50,25,12,12,0,0.3750,1.0000,0.2500,0.2500,2,1,45,45,20.0,19.021,4,8,4,4,24
model,50,25,12,12,0,0.3750,0.8750,0.1250,0.3750,4,1,31,31,11.0,12.553,3,4,2,2,24
real,50,25,10,7,0,-0.2500,0.3750,0.2500,0.6250,5,1,41,41,10.0,9.809,2,3,1,4,17
model,50,25,10,7,0,-0.2500,0.8750,0.7500,0.1250,4,1,39,39,11.0,12.277,1,4,1,5,17
real,50,25,14,14,0,-0.2500,0.5000,0.7500,0.7500,4,0,10,31,11.0,12.872,5,2,1,3,28
model,50,25,14,14,0,-0.1250,0.5000,0.3750,0.6250,4,1,13,13,13.0,13.660,3,1,5,4,28
real,50,25,13,12,1,0.1250,0.6250,0.6250,-0.2500,5,0,30,8,11.0,9.000,4,4,3,0,25
model,50,25,13,12,1,0.1250,0.1250,0.5000,-0.3750,3,0,17,18,6.0,7.957,3,0,2,1,25
real,50,25,13,8,0,0.2500,0.8750,0.5000,0.3750,2,1,35,35,15.0,11.617,6,3,4,2,21
model,50,25,13,8,0,0.5000,0.2500,0.3750,-0.1250,1,1,50,50,21.0,21.000,5,4,7,5,21
real,50,27,11,10,0,0.5000,0.8750,0.8750,0.8750,6,0,17,8,7.0,4.596,0,5,1,1,21
model,50,27,11,10,0,0.1250,0.8750,0.7500,0.7500,4,1,30,30,9.0,9.468,1,1,4,3,21
real,50,27,15,13,0,0.2500,0.3750,0.5000,0.6250,5,0,16,16,7.0,6.191,2,3,1,1,28
model,50,27,15,13,0,-0.1250,0.8750,0.2500,0.0000,2,1,47,47,24.0,25.319,7,8,4,5,28
real,50,27,14,14,0,0.0000,0.2500,0.7500,0.3750,3,0,26,3,10.0,12.213,1,5,2,2,28
model,50,27,14,14,0,0.0000,0.7500,0.5000,-0.2500,5,0,3,26,14.0,9.723,6,2,4,2,28
real,50,27,11,13,0,0.1250,0.7500,1.0000,0.5000,2,1,48,48,21.0,21.106,0,4,12,5,24
model,50,27,11,13,0,-0.1250,0.5000,0.8750,0.0000,3,1,22,22,6.0,10.149,3,1,1,1,24
real,50,27,12,12,0,-0.2500,0.7500,0.6250,0.5000,4,0,5,37,13.0,13.149,0,4,6,3,24
model,50,27,12,12,0,-0.5000,0.7500,0.2500,0.5000,5,0,5,8,12.0,12.234,5,2,2,3,24
real,50,27,12,11,0,-0.2500,0.0000,0.3750,0.1250,3,1,31,31,10.0,12.043,3,3,3,1,23
model,50,27,12,11,0,0.1250,0.3750,0.6250,0.2500,4,0,17,20,5.0,6.064,0,1,4,0,23
real,50,27,13,10,0,0.2500,0.1250,0.0000,-0.1250,1,1,50,50,23.0,23.000,1,9,4,9,23
model,50,27,13,10,0,0.1250,0.6250,0.6250,0.2500,3,0,10,15,8.0,7.936,3,0,1,4,23
real,50,10,11,10,0,0.3750,0.0000,0.5000,0.1250,5,1,40,40,10.0,10.532,1,4,3,2,21
model,50,10,11,10,0,-0.1250,0.7500,0.5000,0.3750,2,1,47,47,20.0,18.766,4,2,7,7,21
real,50,44,11,12,0,0.2500,0.5000,0.2500,-0.1250,4,1,26,26,8.0,8.128,0,5,3,0,23
model,50,44,11,12,0,0.6250,0.6250,0.7500,0.6250,8,1,8,8,6.0,5.574,2,1,3,0,23
real,50,44,12,11,0,-0.3750,0.1250,0.3750,0.2500,5,0,13,28,6.0,8.660,3,0,1,2,23
model,50,44,12,11,0,0.2500,0.6250,0.0000,0.2500,3,1,25,25,11.0,8.574,3,2,4,2,23
real,50,44,10,11,0,-0.1250,0.5000,0.5000,0.5000,3,0,28,17,8.0,9.277,1,3,1,3,21
model,50,44,10,11,0,0.1250,0.6250,0.2500,0.6250,7,0,2,4,5.0,6.723,0,1,2,2,21
real,50,44,13,13,0,-0.1250,0.6250,0.6250,0.0000,2,0,21,29,10.0,12.894,1,5,3,1,26
model,50,44,13,13,0,0.2500,0.8750,0.6250,0.1250,3,1,40,40,15.0,15.872,3,4,4,4,26
real,50,6,10,11,0,0.3750,0.3750,0.6250,0.3750,4,0,20,8,2.0,7.319,0,1,1,0,21
model,50,6,10,11,0,1.0000,1.0000,1.0000,1.0000,2,1,45,45,19.0,17.149,5,4,6,4,21
real,50,21,6,13,1,0.6250,0.7500,0.5000,0.3750,8,0,18,2,3.0,4.106,1,0,2,0,19
model,50,21,6,13,1,0.3750,0.5000,0.5000,0.1250,3,0,3,45,16.0,15.596,4,5,2,5,19
real,50,21,14,13,0,-0.6250,0.6250,0.3750,0.3750,5,1,7,7,6.0,6.872,0,2,4,0,27
model,50,21,14,13,0,0.0000,0.5000,0.5000,0.6250,2,1,43,43,19.0,21.532,5,5,4,5,27
real,50,21,13,11,0,0.6250,0.6250,0.8750,0.8750,3,0,10,31,12.0,10.340,1,4,3,4,24
model,50,21,13,11,0,0.6250,0.7500,0.7500,0.8750,4,0,2,16,8.0,7.532,1,3,2,2,24
real,50,40,10,13,0,-0.1250,0.6250,0.6250,0.3750,4,0,12,13,10.0,7.234,1,4,1,4,23
model,50,40,10,13,0,0.0000,0.5000,0.2500,-0.2500,5,1,40,40,16.0,15.851,4,2,3,7,23
real,50,40,12,12,0,0.2500,0.6250,0.2500,0.1250,2,1,38,38,12.0,12.255,2,2,6,2,24
model,50,40,12,12,0,-0.1250,0.5000,0.1250,0.0000,3,1,41,41,15.0,13.064,2,5,5,3,24
real,50,40,13,12,0,0.3750,0.6250,0.8750,0.3750,5,0,9,28,11.0,8.745,2,5,2,2,25
model,50,40,13,12,0,0.3750,0.5000,0.7500,0.1250,3,0,42,3,18.0,18.851,4,4,5,5,25
real,50,40,11,12,0,0.5000,1.0000,0.2500,0.1250,2,0,20,30,9.0,11.362,1,3,1,4,23
model,50,40,11,12,0,-0.2500,0.5000,0.3750,0.2500,2,1,41,41,16.0,16.043,4,5,3,4,23
real,50,7,11,11,0,0.2500,1.0000,0.5000,0.6250,8,0,5,8,2.0,2.596,0,1,1,0,22
model,50,7,11,11,0,0.3750,0.3750,0.1250,0.2500,4,0,7,14,11.0,8.213,1,1,6,3,22
real,50,35,12,12,0,0.1250,0.6250,0.6250,0.5000,4,1,28,28,8.0,9.617,2,2,2,2,24
model,50,35,12,12,0,-0.1250,0.5000,0.1250,0.3750,3,1,39,39,15.0,14.468,3,6,4,2,24
real,50,35,15,9,0,0.3750,0.6250,0.5000,0.7500,2,0,42,8,18.0,17.532,3,2,10,3,24
model,50,35,15,9,0,0.5000,0.7500,0.8750,0.2500,4,1,32,32,10.0,10.298,1,5,3,1,24
real,50,35,9,9,2,0.2500,0.1250,0.6250,0.0000,8,0,7,22,6.0,5.021,1,2,0,3,18
model,50,35,9,9,2,0.7500,0.8750,0.5000,0.5000,1,1,50,50,18.0,18.000,1,5,7,5,18
real,50,29,12,12,1,-0.1250,0.6250,0.3750,0.2500,6,0,9,17,3.0,5.489,1,2,0,0,24
model,50,29,12,12,1,-0.1250,0.5000,0.1250,0.2500,1,1,50,50,24.0,24.000,6,11,4,3,24
real,50,29,9,11,0,0.2500,1.0000,0.8750,0.7500,1,1,50,50,20.0,20.000,5,2,4,9,20
model,50,29,9,11,0,0.1250,0.7500,0.3750,0.5000,7,1,18,18,2.0,3.723,0,1,0,1,20
real,50,29,8,12,0,-0.2500,0.5000,0.2500,0.5000,4,0,7,14,4.0,6.340,1,1,1,1,20
model,50,29,8,12,0,0.1250,0.8750,0.6250,0.3750,3,0,7,16,6.0,9.596,0,1,2,3,20
real,50,21,15,11,0,0.1250,0.7500,0.2500,0.3750,3,0,24,21,12.0,10.383,2,5,2,3,26
model,50,21,15,11,0,0.2500,0.7500,0.6250,0.2500,2,1,44,44,18.0,18.085,5,3,3,7,26
real,50,32,12,9,1,0.6250,0.7500,0.3750,0.7500,4,0,4,38,13.0,12.000,5,3,3,2,21
model,50,32,12,9,1,0.1250,0.7500,0.8750,0.7500,2,1,46,46,16.0,16.660,3,2,6,5,21
real,50,32,11,12,0,0.0000,0.1250,0.3750,0.5000,4,0,27,6,10.0,8.213,1,2,4,3,23
model,50,32,11,12,0,0.0000,0.5000,0.3750,0.2500,4,0,9,13,7.0,7.766,1,2,3,1,23
real,50,32,9,11,0,0.1250,0.5000,0.2500,0.0000,2,1,32,32,13.0,10.553,4,5,3,1,20
model,50,32,9,11,0,0.2500,0.6250,0.3750,0.3750,3,0,10,26,9.0,7.809,6,1,2,0,20
real,50,32,11,9,0,0.1250,0.6250,0.3750,0.5000,4,0,34,5,10.0,9.319,3,5,1,1,20
model,50,32,11,9,0,0.0000,0.6250,0.3750,0.0000,4,0,14,24,4.0,5.468,2,1,1,0,20
real,50,15,14,12,0,0.0000,0.3750,0.3750,0.2500,1,1,50,50,26.0,26.000,8,7,6,5,26
model,50,15,14,12,0,1.0000,1.0000,1.0000,1.0000,3,1,12,12,11.0,9.000,4,2,4,1,26
real,50,31,11,13,0,-0.3750,0.6250,0.5000,-0.1250,2,0,16,34,13.0,13.660,3,4,4,2,24
model,50,31,11,13,0,0.5000,0.7500,0.8750,0.7500,5,0,26,3,12.0,8.787,2,3,2,5,24
real,50,31,12,14,0,-0.1250,0.5000,0.2500,0.2500,2,0,39,11,16.0,16.894,2,3,5,6,26
model,50,31,12,14,0,0.1250,0.8750,0.6250,0.5000,5,0,25,4,11.0,8.787,3,2,2,4,26
real,50,31,13,8,0,0.3750,0.6250,0.8750,0.0000,4,0,11,11,7.0,5.170,4,3,0,0,21
model,50,31,13,8,0,0.6250,0.8750,0.5000,0.7500,2,1,43,43,17.0,15.702,2,6,4,5,21
real,50,25,11,11,0,-0.2500,0.6250,0.6250,0.5000,1,1,50,50,22.0,22.000,4,7,5,6,22
model,50,25,11,11,0,0.1250,0.2500,0.3750,-0.1250,3,1,43,43,18.0,16.298,2,7,6,3,22
real,50,25,13,15,0,0.1250,0.7500,0.0000,0.2500,3,0,18,25,14.0,11.362,3,7,4,0,28
model,50,25,13,15,0,-0.1250,0.6250,0.7500,0.1250,3,0,7,37,16.0,15.106,4,7,1,4,28
real,50,25,11,13,0,0.1250,0.7500,0.3750,0.2500,3,1,8,8,9.0,8.468,2,0,5,2,24
model,50,25,11,13,0,-0.1250,0.7500,0.8750,0.7500,3,0,4,40,15.0,14.426,1,4,6,4,24
real,50,25,11,12,2,0.0000,0.5000,0.2500,0.3750,5,0,22,7,10.0,8.426,5,1,2,2,23
model,50,25,11,12,2,0.2500,0.8750,0.2500,0.3750,5,1,19,19,4.0,5.851,0,1,0,3,23
real,50,21,9,12,0,0.1250,0.6250,0.3750,0.5000,6,0,2,23,7.0,7.447,1,2,2,2,21
model,50,21,9,12,0,0.2500,0.5000,0.2500,0.2500,3,0,23,5,9.0,8.617,0,4,1,4,21
real,50,21,9,11,0,0.2500,0.5000,0.5000,0.2500,2,1,42,42,13.0,15.915,4,4,2,3,20
model,50,21,9,11,0,0.0000,0.7500,0.5000,0.0000,3,0,31,7,9.0,9.404,3,5,1,0,20
real,50,21,12,13,0,0.0000,0.5000,0.6250,0.6250,3,1,33,33,13.0,10.957,4,5,3,1,25
model,50,21,12,13,0,-0.1250,0.2500,0.5000,0.5000,4,0,34,11,13.0,13.298,3,6,3,1,25
real,50,6,13,9,0,0.2500,0.6250,0.7500,0.8750,3,0,12,12,8.0,9.787,0,3,4,1,22
model,50,6,13,9,0,0.1250,0.8750,0.7500,0.5000,3,0,18,28,10.0,8.787,3,2,3,2,22
real,50,36,11,11,0,0.0000,0.5000,0.5000,0.0000,4,0,9,10,7.0,5.340,2,1,2,2,22
model,50,36,11,11,0,0.1250,0.7500,0.0000,0.2500,6,0,17,9,4.0,4.660,1,2,0,1,22
real,50,36,12,9,0,0.0000,0.7500,0.2500,0.2500,4,0,20,21,7.0,7.660,2,2,2,1,21
model,50,36,12,9,0,0.1250,1.0000,0.2500,0.3750,4,0,7,28,11.0,7.979,5,2,0,4,21
real,50,36,10,12,0,0.3750,0.6250,0.5000,0.2500,2,1,41,41,15.0,14.596,3,4,3,5,22
model,50,36,10,12,0,0.3750,0.7500,0.3750,0.1250,2,1,48,48,18.0,17.319,7,3,3,5,22
real,50,36,11,11,0,0.3750,0.3750,0.3750,0.2500,5,0,8,30,7.0,7.936,2,3,0,2,22
model,50,36,11,11,0,0.0000,-0.1250,0.3750,0.0000,3,1,33,33,11.0,10.979,3,1,5,2,22
real,50,35,16,14,0,0.3750,0.5000,0.1250,-0.1250,2,1,38,38,15.0,19.277,2,2,4,7,30
model,50,35,16,14,0,-0.2500,0.2500,0.5000,0.3750,4,0,3,31,16.0,13.745,2,5,3,6,30
real,50,35,7,11,0,0.2500,0.7500,0.5000,0.1250,3,1,32,32,11.0,8.851,1,4,3,3,18
model,50,35,7,11,0,0.0000,0.2500,-0.1250,0.3750,4,1,34,34,9.0,9.128,1,5,2,1,18
real,50,35,11,8,0,0.1250,0.0000,0.5000,0.5000,2,0,13,37,14.0,11.085,4,4,2,4,19
model,50,35,11,8,0,0.6250,0.8750,1.0000,0.8750,2,1,48,48,19.0,18.191,9,2,3,5,19
real,50,35,13,13,0,0.3750,0.8750,0.6250,0.6250,4,0,19,26,10.0,10.511,3,5,0,2,26
model,50,35,13,13,0,0.1250,0.3750,0.7500,0.6250,1,1,50,50,26.0,26.000,6,7,7,6,26
real,50,32,12,11,0,0.0000,0.2500,0.7500,0.0000,5,0,34,7,10.0,10.234,3,2,4,1,23
model,50,32,12,11,0,-0.3750,0.8750,-0.1250,0.3750,4,1,37,37,14.0,13.170,1,2,7,4,23
real,50,32,10,16,0,0.8750,1.0000,0.8750,1.0000,4,1,42,42,17.0,18.468,4,2,5,6,26
model,50,32,10,16,0,0.3750,0.5000,0.2500,0.2500,3,0,37,8,18.0,16.149,4,6,6,2,26
real,50,32,15,10,0,-0.2500,0.8750,0.7500,0.6250,3,0,24,4,8.0,11.021,1,4,2,1,25
model,50,32,15,10,0,0.3750,-0.1250,0.3750,0.3750,2,1,42,42,18.0,19.383,8,4,4,2,25
real,50,32,10,11,0,0.2500,0.5000,0.5000,0.1250,2,0,30,20,6.0,10.170,1,2,2,1,21
model,50,32,10,11,0,0.0000,0.6250,0.8750,0.2500,3,0,35,10,11.0,12.362,0,1,6,4,21
real,50,50,9,12,0,0.3750,0.5000,0.7500,0.3750,5,0,9,12,4.0,6.574,1,2,0,1,21
model,50,50,9,12,0,0.1250,0.5000,0.5000,0.5000,3,0,40,8,16.0,13.574,3,7,0,6,21
real,50,50,8,14,0,0.2500,0.7500,0.3750,0.6250,3,1,9,9,12.0,10.277,1,3,5,3,22
model,50,50,8,14,0,0.2500,0.5000,0.3750,0.6250,3,0,21,14,7.0,7.043,2,2,2,1,22
real,50,50,10,10,0,-0.1250,0.6250,0.2500,0.1250,2,1,46,46,16.0,16.596,4,5,5,2,20
model,50,50,10,10,0,-0.2500,0.6250,0.1250,0.3750,6,0,20,3,7.0,6.745,1,3,2,1,20
real,50,50,10,12,0,0.8750,1.0000,0.8750,0.6250,4,0,2,4,17.0,15.447,1,5,4,7,22
model,50,50,10,12,0,0.3750,0.8750,0.2500,0.1250,5,0,4,26,6.0,8.511,1,1,2,2,22
real,50,19,11,6,0,0.6250,0.8750,1.0000,0.8750,5,0,29,7,9.0,6.681,3,2,2,2,17
model,50,19,11,6,0,1.0000,1.0000,1.0000,1.0000,2,1,20,20,8.0,8.702,0,1,4,3,17
real,50,19,6,11,1,-0.2500,0.6250,0.3750,0.3750,3,1,42,42,15.0,12.660,4,5,4,2,17
model,50,19,6,11,1,0.3750,0.8750,1.0000,0.2500,4,0,38,6,12.0,9.532,4,1,4,3,17
real,50,10,7,10,0,-0.2500,0.7500,0.3750,0.2500,5,0,16,10,2.0,4.085,0,1,1,0,17
model,50,10,7,10,0,0.5000,0.7500,0.5000,0.2500,2,1,35,35,15.0,9.660,1,4,9,1,17
real,50,10,7,12,0,-0.1250,0.8750,0.8750,0.6250,5,0,34,3,8.0,8.745,0,2,2,4,19
model,50,10,7,12,0,-0.5000,0.6250,0.5000,0.1250,5,0,16,10,4.0,4.106,1,0,3,0,19
real,50,20,11,11,0,-0.1250,0.6250,-0.1250,0.0000,3,1,38,38,11.0,13.255,3,1,4,3,22
model,50,20,11,11,0,0.5000,0.7500,0.5000,0.6250,4,1,39,39,14.0,12.638,4,3,3,4,22
real,50,20,12,13,0,0.0000,0.3750,0.2500,0.3750,4,1,42,42,18.0,17.596,2,7,4,5,25
model,50,20,12,13,0,-0.2500,0.7500,0.6250,0.7500,2,1,47,47,23.0,21.617,5,9,5,4,25
real,50,20,12,13,0,0.3750,0.7500,0.6250,0.3750,4,0,16,22,6.0,7.489,0,1,3,2,25
model,50,20,12,13,0,-0.2500,0.7500,0.2500,0.7500,5,1,23,23,5.0,7.745,0,0,4,1,25
real,50,20,10,13,0,-0.3750,0.7500,0.7500,0.2500,4,0,24,2,11.0,8.681,3,3,1,4,23
model,50,20,10,13,0,1.0000,1.0000,1.0000,1.0000,5,1,28,28,7.0,7.681,1,1,3,2,23
real,50,22,13,12,0,-0.3750,0.3750,0.2500,0.2500,2,0,8,42,20.0,19.830,8,4,4,4,25
model,50,22,13,12,0,-0.3750,-0.1250,0.5000,0.0000,4,0,35,9,14.0,13.766,1,7,4,2,25
real,50,22,16,11,0,0.0000,0.8750,0.1250,0.1250,2,0,9,41,19.0,21.043,7,7,2,3,27
model,50,22,16,11,0,0.2500,0.8750,0.6250,0.2500,3,0,43,4,21.0,21.064,9,4,3,5,27
real,50,22,11,11,1,0.0000,0.6250,0.5000,0.1250,4,1,17,17,4.0,7.255,0,2,1,1,22
model,50,22,11,11,1,0.2500,0.6250,0.2500,-0.1250,6,1,18,18,5.0,4.149,0,0,4,1,22
real,50,17,10,15,0,0.1250,0.3750,0.2500,0.5000,4,0,8,19,11.0,6.957,4,1,5,1,25
model,50,17,10,15,0,0.2500,0.7500,0.5000,0.3750,4,1,22,22,9.0,7.468,0,3,4,2,25
real,50,15,11,12,0,0.3750,0.5000,0.3750,0.5000,2,1,40,40,13.0,16.915,3,4,2,4,23
model,50,15,11,12,0,-0.2500,0.6250,0.5000,0.3750,4,0,30,13,11.0,9.511,3,1,4,3,23
real,50,17,14,12,0,-0.2500,0.8750,0.6250,0.7500,5,1,23,23,7.0,7.447,1,3,1,2,26
model,50,17,14,12,0,0.2500,1.0000,0.3750,0.1250,2,1,45,45,22.0,20.000,7,5,4,6,26
real,50,15,13,6,0,0.2500,0.5000,0.3750,0.1250,5,0,5,9,4.0,3.957,1,0,2,1,19
model,50,15,13,6,0,0.1250,0.8750,0.2500,0.2500,5,0,5,6,8.0,7.936,1,1,3,3,19
real,50,8,10,9,0,0.1250,0.3750,0.2500,0.2500,5,0,12,5,3.0,5.426,0,2,0,1,19
model,50,8,10,9,0,0.2500,0.6250,0.2500,-0.1250,3,1,35,35,9.0,9.830,1,2,2,4,19
real,50,28,11,12,0,0.2500,0.8750,0.5000,0.0000,3,0,13,28,14.0,10.553,3,6,4,1,23
model,50,28,11,12,0,0.2500,0.3750,0.2500,0.7500,4,1,37,37,13.0,12.021,2,1,5,5,23
real,50,28,9,11,0,0.3750,0.5000,0.6250,0.0000,4,0,27,18,11.0,8.617,3,4,2,2,20
model,50,28,9,11,0,0.1250,0.6250,0.5000,-0.3750,2,1,46,46,17.0,15.745,5,4,2,6,20
real,50,22,13,11,0,0.5000,0.8750,0.6250,0.5000,6,0,28,2,8.0,8.298,3,2,2,1,24
model,50,22,13,11,0,0.8750,0.6250,0.6250,0.3750,4,1,28,28,6.0,10.553,2,1,3,0,24
real,50,22,8,9,1,0.8750,0.6250,0.7500,0.7500,7,0,2,6,11.0,9.213,2,2,5,2,17
model,50,22,8,9,1,1.0000,1.0000,1.0000,1.0000,6,0,12,2,3.0,4.766,0,1,2,0,17
real,50,34,13,10,0,0.1250,1.0000,0.8750,0.3750,3,0,43,3,16.0,18.447,1,6,2,7,23
model,50,34,13,10,0,1.0000,1.0000,1.0000,1.0000,3,1,7,7,8.0,8.681,1,3,3,1,23
real,50,34,16,11,0,0.0000,0.7500,0.6250,0.1250,3,1,44,44,19.0,18.574,3,9,2,5,27
model,50,34,16,11,0,-0.1250,1.0000,0.3750,0.5000,5,0,9,17,5.0,6.489,2,2,0,1,27
real,50,34,12,14,0,0.1250,0.7500,0.5000,0.1250,4,1,39,39,16.0,14.426,3,4,5,4,26
model,50,34,12,14,0,0.0000,0.7500,0.6250,0.3750,4,0,11,11,10.0,10.255,4,2,3,1,26
real,50,34,12,9,1,0.1250,0.7500,0.1250,0.2500,3,0,25,23,9.0,9.894,4,1,2,2,21
model,50,34,12,9,1,0.2500,0.7500,0.7500,-0.1250,4,0,35,8,12.0,11.106,4,3,3,2,21
real,50,50,15,12,0,0.3750,0.5000,0.3750,0.3750,3,1,42,42,20.0,20.064,4,8,3,5,27
model,50,50,15,12,0,0.5000,0.7500,0.6250,0.3750,2,1,47,47,25.0,23.489,8,8,6,3,27
real,50,50,12,7,1,0.1250,0.5000,0.3750,0.2500,3,0,19,29,8.0,9.638,1,2,3,2,19
model,50,50,12,7,1,-0.2500,0.5000,0.1250,0.3750,4,0,14,14,3.0,4.596,1,1,0,1,19
real,50,50,13,11,0,0.2500,1.0000,0.7500,0.7500,2,1,48,48,23.0,22.979,5,6,5,7,24
model,50,50,13,11,0,-0.2500,0.6250,0.7500,0.5000,2,1,47,47,20.0,21.574,1,6,6,7,24
real,50,50,13,11,0,1.0000,1.0000,1.0000,1.0000,1,1,50,50,24.0,24.000,5,8,6,5,24
model,50,50,13,11,0,-0.1250,0.7500,0.5000,0.5000,4,0,11,13,6.0,7.915,2,0,1,3,24
real,50,27,13,14,0,0.0000,0.7500,0.7500,0.6250,5,1,15,15,5.0,5.298,1,0,2,2,27
model,50,27,13,14,0,-0.1250,0.8750,0.8750,0.3750,7,0,17,5,4.0,5.447,1,0,2,1,27
real,50,27,10,8,1,0.0000,0.8750,0.7500,0.7500,3,1,35,35,9.0,9.702,3,3,0,3,18
model,50,27,10,8,1,0.3750,0.3750,0.3750,0.0000,4,0,16,24,9.0,6.553,1,3,3,2,18
real,50,27,8,13,0,0.2500,0.7500,0.2500,0.2500,4,0,9,33,9.0,10.149,1,3,1,4,21
model,50,27,8,13,0,1.0000,1.0000,1.0000,1.0000,4,1,19,19,9.0,6.830,3,2,4,0,21
real,50,27,7,11,0,0.5000,0.6250,0.8750,0.3750,3,0,6,34,10.0,10.191,2,5,2,1,18
model,50,27,7,11,0,-0.3750,0.3750,0.6250,0.3750,5,0,20,6,4.0,4.915,2,0,1,1,18
real,50,43,10,10,0,0.0000,0.6250,0.2500,0.1250,5,1,28,28,5.0,6.213,1,2,2,0,20
model,50,43,10,10,0,0.0000,0.6250,0.0000,-0.3750,4,1,22,22,5.0,6.000,1,1,3,0,20
real,50,43,10,9,0,0.1250,0.7500,0.8750,0.7500,4,0,14,4,8.0,8.085,4,0,3,1,19
model,50,43,10,9,0,1.0000,1.0000,1.0000,1.0000,1,1,50,50,19.0,19.000,3,6,7,3,19
real,50,43,14,10,0,0.2500,0.8750,0.6250,0.2500,2,1,47,47,22.0,21.574,4,3,7,8,24
model,50,43,14,10,0,0.0000,0.3750,0.2500,0.5000,3,0,10,37,15.0,16.149,4,4,5,2,24
real,50,43,10,12,0,-0.3750,0.6250,0.5000,0.1250,1,1,50,50,22.0,22.000,5,6,5,6,22
model,50,43,10,12,0,0.2500,0.7500,0.7500,0.3750,6,0,2,39,15.0,15.787,4,6,0,5,22
real,50,30,13,12,0,0.0000,0.7500,0.5000,0.1250,3,1,20,20,12.0,8.723,3,2,5,2,25
model,50,30,13,12,0,0.2500,0.5000,0.8750,0.6250,4,1,37,37,11.0,13.362,1,4,2,4,25
real,50,30,14,8,0,0.3750,0.3750,0.0000,0.3750,2,0,40,10,15.0,14.596,4,4,4,3,22
model,50,30,14,8,0,0.3750,0.8750,0.3750,0.6250,5,0,12,24,5.0,5.617,2,0,0,3,22
real,50,30,14,7,1,0.2500,0.2500,0.1250,0.1250,2,1,48,48,21.0,20.106,6,4,7,4,21
model,50,30,14,7,1,-0.1250,0.7500,0.1250,0.3750,2,1,47,47,18.0,17.872,3,6,2,7,21
real,50,30,10,10,0,0.3750,0.5000,0.5000,0.2500,2,1,44,44,15.0,14.383,3,7,4,1,20
model,50,30,10,10,0,0.1250,0.5000,0.2500,0.2500,3,1,43,43,15.0,15.362,2,6,4,3,20
real,50,41,14,11,0,1.0000,1.0000,1.0000,1.0000,4,0,2,17,7.0,8.255,0,2,2,3,25
model,50,41,14,11,0,0.2500,0.2500,0.1250,0.0000,2,1,48,48,22.0,22.064,6,6,7,3,25
real,50,41,14,11,0,0.1250,0.8750,0.6250,0.1250,2,1,46,46,21.0,21.170,2,7,4,8,25
model,50,41,14,11,0,-0.2500,0.5000,0.1250,0.1250,4,0,7,32,8.0,11.787,1,1,1,5,25
real,50,41,8,13,0,0.5000,0.6250,0.5000,0.3750,5,0,23,6,7.0,6.766,1,2,3,1,21
model,50,41,8,13,0,0.0000,0.3750,0.5000,0.1250,3,1,43,43,18.0,15.511,5,3,3,7,21
real,50,41,8,11,0,-0.5000,0.1250,0.2500,-0.2500,3,1,34,34,9.0,8.532,0,2,4,3,19
model,50,41,8,11,0,0.3750,0.2500,0.1250,-0.1250,3,0,13,28,4.0,8.340,1,2,1,0,19
real,50,7,14,9,0,0.0000,0.2500,0.2500,0.3750,2,0,14,36,16.0,14.766,3,6,4,3,23
model,50,7,14,9,0,0.1250,1.0000,1.0000,0.7500,3,1,40,40,18.0,14.574,7,3,2,6,23
real,50,24,12,10,0,0.1250,0.3750,0.1250,-0.5000,6,0,20,3,2.0,5.021,1,0,0,1,22
model,50,24,12,10,0,0.2500,0.7500,0.5000,0.3750,4,0,24,9,10.0,8.000,1,5,0,4,22
real,50,24,10,9,0,-0.3750,0.3750,0.5000,0.5000,2,0,13,37,14.0,12.617,2,5,2,5,19
model,50,24,10,9,0,0.6250,0.8750,0.8750,0.5000,2,1,43,43,17.0,14.000,2,6,3,6,19
real,50,24,9,9,0,0.2500,0.5000,0.3750,0.2500,5,0,29,8,3.0,5.532,1,1,0,1,18
model,50,24,9,9,0,0.0000,0.6250,0.2500,0.0000,2,1,44,44,14.0,14.170,5,4,3,2,18
real,50,32,10,13,0,0.6250,1.0000,0.8750,0.5000,3,1,20,20,10.0,10.106,2,3,3,2,23
model,50,32,10,13,0,-0.1250,0.7500,0.7500,0.3750,6,1,10,10,6.0,5.553,3,1,2,0,23
real,50,32,13,11,0,0.0000,0.5000,0.2500,0.0000,3,0,33,9,12.0,11.234,3,3,3,3,24
model,50,32,13,11,0,0.2500,0.2500,0.6250,0.1250,1,1,50,50,24.0,24.000,5,5,9,5,24
real,50,32,13,12,0,0.0000,0.6250,0.3750,0.2500,2,0,34,16,14.0,13.957,5,3,5,1,25
model,50,32,13,12,0,1.0000,1.0000,1.0000,1.0000,2,1,48,48,22.0,22.064,5,8,5,4,25
real,50,32,10,12,0,0.2500,0.0000,0.2500,0.0000,3,0,17,18,5.0,7.128,2,3,0,0,22
model,50,32,10,12,0,0.1250,0.3750,0.2500,0.5000,4,0,29,11,10.0,10.128,2,4,3,1,22
real,50,36,14,13,0,0.6250,0.8750,0.3750,0.2500,2,0,34,16,11.0,14.553,3,1,5,2,27
model,50,36,14,13,0,0.1250,0.7500,0.2500,-0.1250,1,1,50,50,27.0,27.000,4,10,5,8,27
real,50,36,13,14,0,0.3750,0.7500,0.5000,-0.2500,4,0,6,36,14.0,14.957,2,4,3,5,27
model,50,36,13,14,0,0.2500,0.3750,0.2500,0.2500,3,1,45,45,21.0,21.532,3,9,5,4,27
real,50,36,7,9,0,-0.1250,0.5000,0.5000,0.3750,4,1,38,38,9.0,8.489,3,3,0,3,16
model,50,36,7,9,0,0.3750,0.6250,0.3750,0.0000,2,1,32,32,10.0,8.596,3,2,2,3,16
real,50,36,11,8,0,-0.6250,0.8750,0.6250,0.1250,4,1,34,34,8.0,9.809,3,2,1,2,19
model,50,36,11,8,0,0.0000,0.5000,0.7500,0.3750,3,1,38,38,15.0,13.043,4,1,7,3,19
real,50,37,11,12,0,-0.1250,0.0000,0.6250,0.6250,3,0,37,9,14.0,13.979,2,5,3,4,23
model,50,37,11,12,0,-0.2500,0.7500,0.3750,0.2500,2,1,48,48,21.0,20.149,2,5,10,4,23
real,50,37,10,13,0,0.1250,0.1250,0.3750,0.5000,5,0,22,3,7.0,7.298,0,2,2,3,23
model,50,37,10,13,0,-0.1250,0.3750,0.7500,0.6250,1,1,50,50,23.0,23.000,8,4,5,6,23
real,50,37,12,10,0,-0.2500,0.5000,0.1250,0.6250,7,0,9,6,4.0,3.830,0,1,1,2,22
model,50,37,12,10,0,0.5000,0.6250,0.5000,0.6250,2,1,26,26,10.0,10.766,2,3,4,1,22
real,50,37,7,9,1,-0.1250,0.6250,0.8750,0.6250,4,1,31,31,5.0,7.362,0,1,3,1,16
model,50,37,7,9,1,0.3750,0.7500,0.5000,0.3750,5,0,23,12,5.0,4.383,2,1,0,2,16
real,50,31,14,8,0,0.2500,0.6250,0.6250,0.1250,2,1,30,30,5.0,11.106,1,1,2,1,22
model,50,31,14,8,0,0.1250,0.5000,0.1250,0.6250,4,0,24,18,8.0,8.298,3,1,3,1,22
real,50,31,8,13,0,0.0000,0.7500,0.6250,0.7500,3,0,5,41,15.0,13.596,4,3,3,5,21
model,50,31,8,13,0,0.1250,0.7500,0.5000,-0.1250,4,1,32,32,6.0,9.894,1,1,3,1,21
real,50,31,10,8,0,0.2500,0.6250,0.0000,-0.2500,1,1,50,50,18.0,18.000,1,7,6,4,18
model,50,31,10,8,0,-0.3750,0.7500,0.3750,-0.1250,3,1,36,36,10.0,10.298,2,3,2,3,18
real,50,31,12,10,0,-0.1250,0.6250,0.3750,0.3750,5,0,6,15,3.0,6.213,3,0,0,0,22
model,50,31,12,10,0,0.2500,0.6250,0.6250,0.5000,3,0,31,16,10.0,10.255,2,5,3,0,22
real,50,21,11,9,0,-0.1250,0.3750,0.6250,0.2500,2,1,33,33,6.0,10.085,1,1,1,3,20
model,50,21,11,9,0,-0.2500,0.2500,0.2500,0.2500,4,0,3,30,5.0,7.213,1,3,1,0,20
real,50,21,8,13,1,0.2500,0.8750,0.5000,0.1250,5,0,8,30,9.0,8.660,1,2,5,1,21
model,50,21,8,13,1,0.3750,0.3750,0.0000,-0.1250,2,1,48,48,20.0,20.106,7,5,5,3,21
real,50,21,12,11,0,0.0000,0.3750,0.3750,-0.1250,4,0,36,8,11.0,13.319,1,2,4,4,23
model,50,21,12,11,0,0.1250,0.7500,0.7500,0.3750,1,1,50,50,23.0,23.000,11,2,4,6,23
real,50,21,12,11,0,-0.1250,0.5000,0.0000,0.6250,3,0,8,38,11.0,15.638,2,3,5,1,23
model,50,21,12,11,0,0.1250,0.6250,0.2500,-0.3750,1,1,50,50,23.0,23.000,4,7,3,9,23
real,50,42,12,10,0,-0.1250,0.6250,0.8750,0.7500,1,1,50,50,22.0,22.000,7,5,6,4,22
model,50,42,12,10,0,0.3750,0.6250,0.7500,0.3750,1,1,50,50,22.0,22.000,4,7,7,4,22
real,50,42,13,10,0,0.2500,0.6250,0.1250,0.0000,4,0,36,7,17.0,13.511,5,7,2,3,23
model,50,42,13,10,0,0.2500,0.1250,0.2500,0.0000,3,0,27,5,10.0,9.128,3,4,3,0,23
real,50,42,12,7,0,-0.1250,0.3750,0.3750,0.1250,1,1,50,50,19.0,19.000,7,2,6,4,19
model,50,42,12,7,0,-0.3750,0.6250,0.5000,0.7500,3,1,40,40,11.0,14.298,4,4,3,0,19
real,50,42,16,12,0,-0.1250,0.3750,0.7500,0.0000,1,1,50,50,28.0,28.000,6,5,7,10,28
model,50,42,16,12,0,0.0000,0.7500,0.6250,0.1250,5,0,19,14,7.0,7.553,1,1,3,2,28
real,50,29,10,13,0,0.1250,0.6250,0.5000,-0.1250,2,1,43,43,16.0,18.128,2,3,6,5,23
model,50,29,10,13,0,0.2500,0.5000,0.7500,0.5000,3,0,24,19,9.0,8.340,3,1,3,2,23
real,50,29,10,15,0,-0.2500,0.3750,0.2500,0.1250,2,0,33,17,13.0,14.106,2,6,3,2,25
model,50,29,10,15,0,1.0000,1.0000,1.0000,1.0000,6,0,5,22,7.0,6.851,2,3,2,0,25
real,50,16,12,13,0,0.1250,0.2500,0.5000,0.2500,5,0,7,5,6.0,5.766,2,3,1,0,25
model,50,16,12,13,0,0.1250,0.6250,0.5000,0.3750,5,0,9,27,13.0,8.000,3,3,1,6,25
real,50,16,12,11,1,0.1250,0.7500,0.3750,0.2500,5,0,9,23,6.0,8.085,2,2,1,1,23
model,50,16,12,11,1,0.1250,0.2500,0.1250,0.6250,4,0,19,13,5.0,6.660,1,2,1,1,23
real,50,41,11,11,0,0.0000,0.3750,0.6250,0.2500,4,0,17,19,12.0,6.553,2,3,3,4,22
model,50,41,11,11,0,-0.3750,0.6250,0.3750,0.1250,4,0,6,40,16.0,16.213,5,4,3,4,22
real,50,41,15,6,0,0.0000,0.6250,0.2500,0.0000,4,1,14,14,5.0,4.915,1,1,3,0,21
model,50,41,15,6,0,-0.5000,0.6250,0.5000,0.0000,5,1,31,31,8.0,8.064,4,2,1,1,21
real,50,41,14,12,0,-0.1250,0.7500,0.2500,-0.2500,4,0,30,4,9.0,9.723,1,4,3,1,26
model,50,41,14,12,0,0.1250,0.7500,0.7500,0.8750,10,0,9,2,2.0,2.915,0,1,1,0,26
real,50,41,12,12,0,0.2500,0.8750,0.2500,0.1250,5,1,37,37,12.0,11.447,3,3,5,1,24
model,50,41,12,12,0,0.2500,1.0000,0.8750,0.6250,6,1,26,26,10.0,7.574,5,1,3,1,24
real,50,38,9,13,0,-0.2500,0.2500,0.3750,0.5000,4,0,4,28,9.0,9.106,2,4,1,2,22
model,50,38,9,13,0,0.7500,1.0000,0.8750,1.0000,4,0,22,3,12.0,9.340,7,3,1,1,22
real,50,12,13,11,0,0.3750,0.6250,0.3750,0.2500,3,0,13,21,10.0,8.255,4,3,1,2,24
model,50,12,13,11,0,-0.3750,0.3750,0.6250,-0.2500,1,1,50,50,24.0,24.000,2,8,9,5,24
real,50,38,15,14,0,-0.1250,0.6250,0.6250,0.2500,5,0,5,24,8.0,8.532,1,0,6,1,29
model,50,38,15,14,0,0.3750,0.7500,0.3750,0.2500,3,0,22,14,10.0,10.255,2,3,3,2,29
real,50,38,13,11,0,0.3750,0.8750,1.0000,0.2500,3,1,41,41,13.0,17.213,3,4,2,4,24
model,50,38,13,11,0,0.1250,0.6250,0.1250,0.6250,2,1,48,48,22.0,22.043,6,4,6,6,24
real,50,11,11,13,0,-0.1250,0.7500,0.5000,0.7500,5,0,4,7,9.0,11.574,1,3,3,2,24
model,50,11,11,13,0,0.1250,0.3750,0.2500,0.0000,3,0,11,28,7.0,9.787,1,3,1,2,24
real,50,11,14,11,0,0.3750,0.7500,0.6250,0.2500,1,1,50,50,25.0,25.000,13,5,2,5,25
model,50,11,14,11,0,0.1250,0.3750,0.2500,0.3750,2,1,40,40,17.0,16.702,3,6,5,3,25
real,50,32,14,13,0,0.3750,0.8750,0.6250,0.6250,3,1,33,33,12.0,14.255,3,3,2,4,27
model,50,32,14,13,0,1.0000,1.0000,1.0000,1.0000,3,1,39,39,16.0,18.021,2,5,4,5,27
real,50,32,12,11,0,-0.2500,0.6250,0.3750,0.0000,3,0,41,6,15.0,15.234,3,3,3,6,23
model,50,32,12,11,0,0.1250,0.2500,0.3750,0.2500,2,1,45,45,19.0,17.319,6,6,1,6,23
real,50,40,13,13,0,-0.2500,0.6250,0.3750,0.3750,4,1,39,39,13.0,12.872,2,5,2,4,26
model,50,40,13,13,0,0.1250,0.5000,0.2500,0.3750,3,1,44,44,22.0,21.064,4,4,5,9,26
real,50,40,13,11,0,-0.2500,0.6250,0.3750,0.5000,2,1,46,46,19.0,18.553,3,4,6,6,24
model,50,40,13,11,0,0.2500,0.6250,0.5000,0.0000,2,0,31,19,9.0,12.255,4,4,0,1,24
real,50,40,11,11,1,0.3750,0.6250,0.5000,0.1250,5,1,21,21,7.0,6.809,2,4,0,1,22
model,50,40,11,11,1,-0.3750,0.3750,0.5000,0.2500,6,0,24,9,8.0,5.191,1,2,4,1,22
real,50,40,14,9,0,0.7500,0.8750,0.3750,0.6250,4,1,43,43,17.0,17.085,6,6,2,3,23
model,50,40,14,9,0,0.1250,0.8750,0.6250,0.1250,2,1,46,46,20.0,19.340,6,4,4,6,23
real,50,38,12,15,0,-0.2500,0.7500,0.5000,-0.1250,5,1,39,39,15.0,17.766,2,5,5,3,27
model,50,38,12,15,0,0.0000,0.2500,0.6250,0.3750,3,0,20,20,9.0,9.191,0,2,3,4,27
real,50,38,10,16,0,-0.2500,0.5000,0.2500,-0.3750,4,0,21,10,5.0,6.894,3,1,0,1,26
model,50,38,10,16,0,-0.2500,0.7500,0.8750,0.1250,3,1,43,43,19.0,18.170,5,4,9,1,26
real,50,38,16,12,0,0.3750,0.7500,0.3750,0.3750,4,1,37,37,17.0,14.936,4,8,3,2,28
model,50,38,16,12,0,0.0000,0.2500,0.5000,0.5000,2,1,42,42,19.0,21.872,5,7,4,3,28
real,50,38,13,13,0,-0.3750,0.2500,0.5000,0.2500,3,1,31,31,13.0,12.723,2,7,2,2,26
model,50,38,13,13,0,0.1250,1.0000,0.8750,0.6250,4,0,2,42,18.0,18.936,6,6,4,2,26
real,50,37,12,12,0,-0.1250,0.6250,0.3750,0.5000,5,0,12,3,11.0,12.255,2,3,3,3,24
model,50,37,12,12,0,0.2500,0.6250,0.1250,0.5000,4,1,38,38,12.0,13.191,2,4,1,5,24
real,50,37,15,12,0,0.3750,0.8750,0.7500,0.0000,1,1,50,50,27.0,27.000,4,3,8,12,27
model,50,37,15,12,0,1.0000,1.0000,1.0000,1.0000,5,1,22,22,5.0,8.383,1,1,1,2,27
real,50,37,12,16,0,-0.3750,0.6250,0.6250,0.6250,1,1,50,50,28.0,28.000,7,7,6,8,28
model,50,37,12,16,0,1.0000,1.0000,1.0000,1.0000,2,1,47,47,24.0,23.532,6,7,5,6,28
real,50,37,12,12,0,0.1250,0.6250,0.6250,0.1250,3,0,21,27,9.0,10.851,0,5,2,2,24
model,50,37,12,12,0,0.2500,0.5000,0.7500,0.2500,4,1,35,35,10.0,11.979,2,0,5,3,24
real,50,42,12,10,1,-0.2500,0.6250,0.2500,0.3750,4,1,41,41,14.0,14.000,4,3,3,4,22
model,50,42,12,10,1,1.0000,1.0000,1.0000,1.0000,4,0,3,28,11.0,9.170,0,4,2,5,22
real,50,42,13,15,0,0.3750,0.5000,0.3750,0.2500,3,0,16,6,12.0,11.213,2,3,5,2,28
model,50,42,13,15,0,0.1250,0.5000,0.6250,0.0000,3,1,46,46,23.0,22.043,7,5,3,8,28
real,50,42,13,13,0,0.3750,0.6250,0.1250,-0.2500,2,1,45,45,25.0,22.426,5,8,8,4,26
model,50,42,13,13,0,-0.1250,0.5000,0.5000,0.6250,5,0,18,24,8.0,8.468,0,2,1,5,26
real,50,42,11,12,0,-0.2500,0.2500,-0.1250,0.0000,3,1,24,24,10.0,8.745,1,4,3,2,23
model,50,42,11,12,0,0.1250,0.6250,0.5000,0.5000,6,0,16,6,8.0,4.851,1,5,2,0,23
real,50,18,9,13,0,0.2500,1.0000,0.8750,0.2500,6,0,11,21,2.0,5.596,1,0,1,0,22
model,50,18,9,13,0,-0.1250,0.7500,0.2500,0.5000,3,1,37,37,14.0,11.766,2,3,5,4,22
real,50,18,12,8,0,-0.1250,0.6250,0.2500,0.6250,5,0,20,12,2.0,5.106,0,1,0,1,20
model,50,18,12,8,0,1.0000,1.0000,1.0000,1.0000,5,0,2,41,17.0,15.787,7,1,5,4,20
real,50,5,11,10,0,0.2500,1.0000,0.2500,0.5000,4,0,13,15,5.0,5.894,0,3,1,1,21
model,50,5,11,10,0,0.0000,0.7500,0.6250,0.2500,4,0,4,21,9.0,7.936,6,1,1,1,21
real,50,12,11,10,0,0.2500,0.5000,0.1250,0.6250,5,0,23,3,4.0,5.979,0,3,0,1,21
model,50,12,11,10,0,0.2500,0.5000,0.3750,-0.1250,2,1,47,47,17.0,16.979,4,6,4,3,21
real,50,39,11,10,0,0.1250,0.3750,0.2500,-0.2500,4,1,32,32,8.0,9.362,1,2,2,3,21
model,50,39,11,10,0,1.0000,1.0000,1.0000,1.0000,2,1,14,14,14.0,12.574,8,2,3,1,21
real,50,39,13,12,2,0.5000,0.5000,0.5000,-0.3750,5,0,24,19,11.0,10.106,2,2,6,1,25
model,50,39,13,12,2,-0.2500,0.5000,0.5000,0.5000,2,1,47,47,21.0,22.511,6,3,6,6,25
real,50,39,12,11,0,0.1250,0.7500,0.1250,0.0000,3,0,10,23,6.0,8.000,2,0,2,2,23
model,50,39,12,11,0,0.0000,0.7500,0.6250,0.6250,3,1,45,45,16.0,18.830,4,2,6,4,23
real,50,39,13,11,0,-0.1250,0.6250,0.5000,0.3750,1,1,50,50,24.0,24.000,5,5,10,4,24
model,50,39,13,11,0,-0.2500,0.0000,0.5000,-0.1250,2,1,43,43,18.0,16.085,4,5,5,4,24
real,50,35,10,11,0,0.1250,0.7500,0.6250,0.2500,4,0,25,8,5.0,5.404,3,0,2,0,21
model,50,35,10,11,0,1.0000,1.0000,1.0000,1.0000,3,1,46,46,18.0,19.213,5,4,4,5,21
real,50,35,11,12,0,0.3750,-0.2500,0.1250,-0.6250,4,0,19,16,6.0,5.766,1,2,2,1,23
model,50,35,11,12,0,0.2500,0.5000,0.0000,0.0000,4,0,25,17,7.0,8.277,4,1,1,1,23
real,50,35,12,14,0,-0.3750,0.8750,0.6250,0.2500,5,0,11,13,5.0,5.872,0,2,2,1,26
model,50,35,12,14,0,0.3750,0.3750,0.3750,0.0000,2,1,44,44,19.0,21.149,4,8,3,4,26
real,50,35,11,12,0,-0.1250,0.5000,0.2500,0.3750,1,1,50,50,23.0,23.000,3,8,7,5,23
model,50,35,11,12,0,0.1250,0.2500,0.6250,0.6250,3,0,23,20,5.0,8.043,1,1,2,1,23
real,50,20,11,13,0,0.2500,0.7500,0.2500,0.3750,4,0,5,37,13.0,14.511,5,2,3,3,24
model,50,20,11,13,0,0.3750,0.5000,0.7500,0.5000,5,1,23,23,10.0,7.957,1,2,1,6,24
real,50,30,10,13,0,0.2500,0.6250,0.8750,0.5000,4,0,4,32,12.0,10.574,2,3,5,2,23
model,50,30,10,13,0,0.1250,0.5000,0.6250,0.6250,3,0,34,5,10.0,10.532,1,5,1,3,23
real,50,20,11,10,0,-0.2500,0.5000,0.5000,0.3750,4,1,40,40,14.0,12.936,3,3,3,5,21
model,50,20,11,10,0,0.3750,0.1250,0.1250,0.5000,3,1,44,44,17.0,16.660,6,4,3,4,21
real,50,30,9,8,0,0.3750,0.5000,0.6250,0.6250,2,0,34,16,11.0,9.660,4,2,3,2,17
model,50,30,9,8,0,-0.1250,0.7500,0.1250,0.7500,3,0,40,8,9.0,10.915,1,6,0,2,17
real,50,14,11,10,0,0.0000,0.5000,0.2500,0.5000,1,1,50,50,21.0,21.000,6,7,4,4,21
model,50,14,11,10,0,-0.1250,0.6250,0.5000,0.3750,3,0,35,12,11.0,12.617,4,0,4,3,21
real,50,18,9,10,1,-0.1250,0.3750,0.6250,0.1250,4,1,24,24,4.0,6.830,1,1,1,1,19
model,50,18,9,10,1,0.2500,0.7500,0.0000,-0.2500,1,1,50,50,19.0,19.000,4,6,3,6,19
real,50,18,14,11,0,0.1250,0.7500,0.5000,0.1250,3,0,15,13,7.0,8.702,2,2,2,1,25
model,50,18,14,11,0,-0.1250,0.5000,0.5000,0.6250,6,1,32,32,11.0,9.064,1,6,1,3,25
real,50,14,14,10,0,-0.2500,0.3750,0.0000,0.3750,5,1,28,28,6.0,8.489,2,0,1,3,24
model,50,14,14,10,0,0.1250,0.7500,0.6250,0.2500,4,0,3,36,12.0,13.574,4,1,5,2,24
real,50,36,11,10,0,0.0000,0.7500,0.5000,0.1250,5,0,18,7,2.0,4.787,1,0,1,0,21
model,50,36,11,10,0,-0.1250,0.6250,0.6250,-0.2500,6,0,10,11,5.0,3.830,0,1,3,1,21
real,50,36,12,12,0,0.2500,0.6250,0.0000,0.3750,2,1,30,30,11.0,12.085,3,2,2,4,24
model,50,36,12,12,0,1.0000,1.0000,1.0000,1.0000,3,1,36,36,14.0,13.021,6,2,3,3,24
real,50,36,12,13,0,-0.1250,0.6250,0.1250,-0.2500,3,1,15,15,10.0,8.277,2,6,2,0,25
model,50,36,12,13,0,-0.2500,0.8750,0.2500,0.3750,4,1,37,37,11.0,13.681,3,5,2,1,25
real,50,36,12,16,0,-0.1250,0.3750,0.3750,-0.1250,5,0,10,11,4.0,6.957,0,2,2,0,28
model,50,36,12,16,0,1.0000,1.0000,1.0000,1.0000,3,1,5,5,19.0,21.170,4,7,5,3,28
real,50,38,13,12,0,-0.1250,0.6250,0.1250,-0.2500,2,0,10,40,18.0,18.936,4,4,7,3,25
model,50,38,13,12,0,0.2500,0.7500,0.7500,0.3750,3,0,32,16,11.0,11.596,2,2,5,2,25
real,50,38,12,8,0,0.5000,0.7500,0.6250,0.7500,2,1,7,7,17.0,17.064,7,1,6,3,20
model,50,38,12,8,0,0.1250,0.5000,0.6250,0.3750,2,1,34,34,12.0,12.170,1,4,2,5,20
real,50,38,10,13,0,0.6250,0.6250,0.3750,0.7500,2,1,45,45,16.0,16.511,2,8,1,5,23
model,50,38,10,13,0,0.1250,0.3750,0.6250,0.1250,4,1,25,25,10.0,7.979,3,3,4,0,23
real,50,38,12,7,0,-0.1250,0.5000,0.5000,-0.1250,3,1,40,40,9.0,11.766,2,1,2,4,19
model,50,38,12,7,0,-0.2500,0.5000,0.2500,0.3750,6,0,30,8,9.0,8.319,2,4,2,1,19
real,50,50,10,13,0,-0.2500,0.5000,0.3750,0.1250,6,0,25,8,5.0,4.617,1,2,2,0,23
model,50,50,10,13,0,0.0000,0.6250,0.2500,0.3750,3,0,9,38,14.0,15.043,5,5,1,3,23
real,50,50,11,10,0,0.0000,0.5000,0.6250,0.6250,2,1,45,45,17.0,15.532,5,2,4,6,21
model,50,50,11,10,0,0.0000,0.5000,0.8750,-0.1250,5,0,13,14,7.0,5.468,0,5,0,2,21
real,50,50,11,12,0,0.5000,0.7500,0.7500,1.0000,4,1,24,24,7.0,6.128,1,2,3,1,23
model,50,50,11,12,0,1.0000,1.0000,1.0000,1.0000,4,0,2,34,14.0,11.404,6,1,2,5,23
real,50,50,9,8,0,0.2500,0.6250,0.5000,0.3750,4,0,25,14,4.0,3.915,1,2,0,1,17
model,50,50,9,8,0,0.3750,0.7500,0.8750,0.3750,2,0,8,42,14.0,12.298,1,3,8,2,17
real,50,42,12,10,0,0.0000,0.0000,0.3750,0.2500,4,0,10,35,13.0,11.851,2,5,4,2,22
model,50,42,12,10,0,-0.1250,0.7500,0.7500,0.5000,4,0,3,26,10.0,10.213,1,3,4,2,22
real,50,42,11,11,0,0.2500,0.5000,0.5000,0.1250,2,1,43,43,17.0,16.553,3,1,9,4,22
model,50,42,11,11,0,0.2500,0.6250,0.2500,-0.1250,4,0,8,3,7.0,7.362,3,2,2,0,22
real,50,42,15,10,0,0.7500,0.7500,0.7500,0.2500,4,0,12,4,7.0,7.213,1,2,3,1,25
model,50,42,15,10,0,0.0000,1.0000,0.3750,0.6250,3,1,27,27,10.0,10.340,2,3,1,4,25
real,50,42,14,9,0,0.1250,0.7500,0.6250,0.2500,4,0,21,2,8.0,7.809,1,2,4,1,23
model,50,42,14,9,0,0.3750,0.3750,1.0000,0.2500,3,0,6,39,15.0,13.894,5,3,3,4,23
real,50,50,13,16,0,0.1250,0.5000,0.6250,0.3750,4,1,37,37,16.0,16.596,5,4,3,4,29
model,50,50,13,16,0,0.1250,0.7500,0.2500,0.1250,1,1,50,50,29.0,29.000,9,6,10,4,29
real,50,50,9,12,0,0.0000,0.7500,0.5000,0.2500,2,1,42,42,17.0,14.702,2,7,4,4,21
model,50,50,9,12,0,0.0000,0.3750,0.3750,0.1250,3,0,9,33,11.0,9.766,3,3,4,1,21
real,50,50,14,10,1,0.0000,0.6250,0.3750,0.7500,8,1,11,11,1.0,3.340,0,1,0,0,24
model,50,50,14,10,1,0.5000,0.7500,0.7500,0.6250,2,1,41,41,16.0,15.574,6,1,6,3,24
real,50,50,12,11,0,0.1250,0.6250,0.1250,0.2500,5,0,12,13,3.0,5.000,0,1,2,0,23
model,50,50,12,11,0,0.3750,0.3750,0.3750,0.1250,6,0,2,22,6.0,5.617,2,1,2,1,23
real,50,37,10,15,0,-0.1250,0.3750,0.5000,0.5000,3,1,45,45,20.0,18.915,4,8,2,6,25
model,50,37,10,15,0,0.0000,0.7500,0.7500,0.2500,4,1,42,42,16.0,16.787,4,6,3,3,25
real,50,37,9,14,0,0.5000,0.8750,0.7500,0.2500,4,0,2,26,9.0,8.787,2,3,3,1,23
model,50,37,9,14,0,-0.1250,0.2500,0.2500,0.1250,3,0,17,27,6.0,9.681,0,4,2,0,23
real,50,37,11,14,0,0.0000,0.3750,0.3750,0.0000,5,0,6,21,5.0,7.085,2,0,3,0,25
model,50,37,11,14,0,-0.2500,0.7500,0.2500,0.1250,4,1,20,20,8.0,9.298,3,1,4,0,25
real,50,37,14,10,0,0.1250,0.6250,0.5000,0.2500,3,0,33,11,8.0,10.340,3,2,1,2,24
model,50,37,14,10,0,-0.1250,0.6250,0.7500,0.8750,4,0,39,6,19.0,17.383,5,7,4,3,24
real,50,20,10,14,0,0.1250,0.6250,0.6250,0.1250,4,1,17,17,10.0,8.383,4,1,4,1,24
model,50,20,10,14,0,0.3750,0.6250,0.1250,0.5000,5,1,25,25,7.0,5.830,1,3,1,2,24
real,50,13,13,8,0,-0.1250,0.7500,0.8750,0.5000,3,1,34,34,8.0,10.404,2,0,3,3,21
model,50,13,13,8,0,0.1250,0.8750,0.0000,-0.1250,2,0,27,23,13.0,10.660,4,6,1,2,21
real,50,20,14,11,0,0.0000,0.6250,0.8750,0.5000,3,0,30,17,8.0,11.851,2,1,3,2,25
model,50,20,14,11,0,0.1250,0.6250,0.6250,0.6250,5,0,22,17,4.0,8.170,0,0,1,3,25
real,50,20,14,11,0,0.1250,0.8750,0.7500,0.6250,2,1,36,36,10.0,14.149,3,4,1,2,25
model,50,20,14,11,0,0.0000,0.8750,0.5000,0.5000,4,0,18,20,11.0,8.170,3,2,3,3,25
real,50,15,13,10,0,-0.1250,0.7500,0.5000,0.6250,1,1,50,50,23.0,23.000,7,7,4,5,23
model,50,15,13,10,0,-0.1250,0.6250,0.3750,0.6250,3,0,6,39,14.0,13.894,4,4,3,3,23
real,50,15,9,13,0,0.1250,0.5000,0.2500,0.7500,3,1,27,27,10.0,9.957,0,2,6,2,22
model,50,15,9,13,0,0.8750,0.6250,0.7500,0.5000,2,1,48,48,20.0,19.191,5,2,5,8,22
real,50,19,11,13,0,0.0000,0.2500,0.5000,0.0000,2,1,48,48,21.0,21.106,6,4,7,4,24
model,50,19,11,13,0,0.2500,0.5000,0.2500,0.1250,2,0,15,35,11.0,12.170,3,3,2,3,24
real,50,15,8,11,1,0.0000,0.6250,0.0000,0.3750,6,0,2,23,5.0,5.617,2,1,1,1,19
model,50,15,8,11,1,0.1250,0.7500,0.6250,0.5000,3,1,39,39,6.0,10.745,1,1,3,1,19
real,50,38,10,12,0,0.3750,0.8750,0.1250,0.1250,2,1,44,44,17.0,16.894,6,3,6,2,22
model,50,38,10,12,0,0.3750,0.6250,0.3750,0.7500,3,0,25,2,8.0,10.511,2,3,1,2,22
real,50,38,9,8,0,0.0000,0.1250,0.5000,0.0000,3,0,17,15,4.0,5.468,0,1,2,1,17
model,50,38,9,8,0,1.0000,1.0000,1.0000,1.0000,4,0,2,25,7.0,7.149,3,1,1,2,17
real,50,38,11,13,0,0.2500,0.7500,0.6250,0.1250,5,0,14,8,7.0,8.170,1,2,2,2,24
model,50,38,11,13,0,-0.5000,0.6250,0.5000,0.0000,5,0,3,38,17.0,16.213,2,4,4,7,24
real,50,38,9,13,0,0.0000,0.3750,0.3750,0.0000,5,1,31,31,6.0,9.021,1,1,3,1,22
model,50,38,9,13,0,-0.1250,0.2500,-0.3750,0.0000,1,1,50,50,22.0,22.000,3,8,4,7,22
real,50,14,14,10,0,0.5000,0.8750,0.1250,0.0000,3,0,13,34,11.0,11.745,2,3,4,2,24
model,50,14,14,10,0,0.0000,0.6250,-0.2500,0.2500,1,1,50,50,24.0,24.000,6,4,10,4,24
real,50,19,10,12,0,-0.2500,0.2500,0.0000,0.5000,5,0,11,21,2.0,6.213,1,0,1,0,22
model,50,19,10,12,0,-0.1250,0.6250,0.2500,0.3750,4,1,30,30,5.0,9.106,0,4,1,0,22
real,50,19,9,10,0,0.0000,0.5000,0.0000,0.1250,2,1,47,47,17.0,16.000,4,5,7,1,19
model,50,19,9,10,0,-0.1250,0.7500,0.2500,0.1250,5,0,14,16,4.0,4.681,1,2,1,0,19
real,50,19,10,13,0,0.0000,0.5000,0.3750,0.3750,2,0,20,30,14.0,11.574,0,4,5,5,23
model,50,19,10,13,0,-0.1250,0.8750,0.6250,0.3750,6,0,22,2,4.0,6.638,1,1,1,1,23
real,50,27,11,13,0,-0.3750,0.6250,0.3750,0.6250,5,1,27,27,7.0,7.319,3,3,1,0,24
model,50,27,11,13,0,-0.3750,0.5000,0.7500,0.1250,4,1,25,25,6.0,8.468,1,1,3,1,24
real,50,27,10,8,0,0.2500,0.0000,-0.1250,0.2500,3,1,36,36,11.0,10.957,1,4,4,2,18
model,50,27,10,8,0,1.0000,1.0000,1.0000,1.0000,5,1,10,10,7.0,5.255,2,1,3,1,18
real,50,15,9,11,0,0.0000,0.7500,0.7500,0.0000,4,0,34,4,7.0,10.340,2,2,2,1,20
model,50,15,9,11,0,-0.2500,0.6250,1.0000,0.3750,4,0,31,12,5.0,8.723,1,2,0,2,20
real,50,27,12,12,0,0.2500,0.2500,0.5000,0.0000,1,1,50,50,24.0,24.000,5,5,5,9,24
model,50,27,12,12,0,0.0000,0.3750,0.2500,-0.2500,3,1,39,39,14.0,13.170,4,4,3,3,24
real,50,42,6,12,1,-0.2500,0.2500,0.2500,0.2500,4,0,29,16,7.0,8.979,0,1,4,2,18
model,50,42,6,12,1,0.2500,1.0000,0.5000,0.6250,7,0,12,10,5.0,3.170,0,2,3,0,18
real,50,42,9,12,0,-0.1250,0.2500,0.5000,0.0000,5,0,15,23,4.0,6.298,1,1,2,0,21
model,50,42,9,12,0,-0.1250,0.8750,0.5000,0.2500,2,1,35,35,13.0,12.000,1,4,3,5,21
real,50,42,8,10,2,-0.5000,0.3750,0.1250,0.1250,4,1,27,27,9.0,8.426,1,5,0,3,18
model,50,42,8,10,2,0.2500,0.5000,0.2500,0.1250,2,0,11,39,12.0,11.191,7,3,1,1,18
real,50,42,10,8,0,0.1250,0.6250,0.3750,0.0000,4,0,8,17,6.0,5.532,1,3,1,1,18
model,50,42,10,8,0,0.3750,1.0000,0.5000,0.6250,4,0,24,9,7.0,5.553,5,1,0,1,18
real,50,25,9,11,0,-0.1250,1.0000,0.7500,0.6250,3,1,19,19,10.0,9.149,5,2,2,1,20
model,50,25,9,11,0,0.0000,0.2500,0.6250,0.2500,2,1,23,23,10.0,10.298,2,1,3,4,20
real,50,25,13,9,0,0.6250,0.8750,1.0000,1.0000,5,0,4,6,10.0,7.489,3,2,3,2,22
model,50,25,13,9,0,0.1250,0.6250,0.6250,0.6250,3,1,46,46,21.0,20.128,8,1,6,6,22
real,50,25,12,11,0,-0.2500,0.6250,0.7500,0.1250,2,0,26,24,11.0,11.191,3,0,5,3,23
model,50,25,12,11,0,-0.2500,0.6250,0.3750,0.0000,3,1,43,43,17.0,16.404,6,6,4,1,23
real,50,25,11,11,1,1.0000,1.0000,1.0000,1.0000,4,1,14,14,14.0,11.617,1,6,5,2,22
model,50,25,11,11,1,0.1250,0.5000,0.1250,-0.2500,3,0,13,29,10.0,9.404,1,2,4,3,22
real,50,37,13,15,0,0.5000,0.6250,0.6250,0.6250,3,1,33,33,10.0,12.553,4,0,3,3,28
model,50,37,13,15,0,1.0000,1.0000,1.0000,1.0000,2,1,48,48,24.0,24.936,9,4,8,3,28
real,50,37,14,12,0,0.1250,1.0000,0.5000,0.2500,2,1,48,48,22.0,22.085,4,3,6,9,26
model,50,37,14,12,0,0.2500,1.0000,0.6250,0.6250,5,0,12,20,8.0,7.553,2,0,2,4,26
real,50,37,13,6,0,-0.1250,0.5000,0.1250,0.0000,5,0,20,9,1.0,5.404,0,0,1,0,19
model,50,37,13,6,0,-0.1250,0.7500,0.3750,0.3750,3,1,40,40,15.0,12.872,2,7,4,2,19
real,50,37,12,13,0,0.2500,0.7500,0.5000,0.5000,2,1,47,47,22.0,22.511,8,5,4,5,25
model,50,37,12,13,0,-0.2500,0.8750,0.3750,0.1250,4,1,30,30,8.0,10.830,1,2,4,1,25
real,50,32,10,12,0,0.1250,0.8750,0.5000,0.3750,2,0,2,48,21.0,20.553,8,4,5,4,22
model,50,32,10,12,0,0.0000,0.7500,0.3750,0.5000,4,0,27,7,8.0,8.553,0,1,3,4,22
real,50,13,12,15,0,-0.1250,0.7500,0.2500,0.2500,3,1,39,39,18.0,16.872,3,5,4,6,27
model,50,13,12,15,0,-0.1250,0.5000,0.1250,0.2500,3,0,35,13,12.0,14.277,3,3,3,3,27
real,50,32,9,8,1,0.5000,0.3750,0.7500,0.3750,6,0,17,15,2.0,3.809,0,0,1,1,17
model,50,32,9,8,1,-0.1250,0.6250,0.3750,0.1250,3,1,43,43,13.0,13.702,3,5,2,3,17
real,50,32,11,11,0,0.0000,0.7500,0.5000,0.6250,5,1,38,38,12.0,12.915,2,3,4,3,22
model,50,32,11,11,0,0.5000,0.0000,0.3750,0.0000,6,0,6,20,6.0,4.426,1,2,2,1,22
real,50,45,13,13,0,0.0000,0.6250,0.6250,0.3750,4,0,34,8,15.0,14.255,3,4,6,2,26
model,50,45,13,13,0,0.6250,1.0000,0.8750,0.8750,3,0,4,3,21.0,19.809,4,9,3,5,26
real,50,45,10,11,0,0.2500,0.3750,0.3750,0.5000,5,0,8,8,5.0,4.936,2,0,1,2,21
model,50,45,10,11,0,-0.1250,0.6250,0.7500,0.1250,3,0,30,14,11.0,11.000,4,2,5,0,21
real,50,45,13,10,0,-0.3750,0.5000,0.3750,0.0000,4,0,25,20,7.0,9.383,2,0,3,2,23
model,50,45,13,10,0,0.2500,0.3750,0.8750,0.1250,3,0,33,6,12.0,12.681,3,2,3,4,23
real,50,45,12,11,0,-0.1250,0.8750,0.5000,0.2500,3,1,43,43,17.0,16.362,3,4,4,6,23
model,50,45,12,11,0,0.1250,0.3750,0.5000,0.3750,5,1,32,32,7.0,11.553,2,2,2,1,23
real,50,13,9,9,0,0.3750,0.7500,0.3750,0.6250,2,1,42,42,11.0,14.255,6,2,1,2,18
model,50,13,9,9,0,-0.1250,0.3750,0.5000,0.6250,3,0,37,11,8.0,11.191,2,1,3,2,18
real,50,28,8,9,1,0.0000,0.2500,0.6250,0.3750,4,1,36,36,9.0,9.064,2,2,5,0,17
model,50,28,8,9,1,0.6250,0.8750,0.8750,0.2500,5,0,6,34,8.0,7.830,1,3,1,3,17
real,50,28,11,12,0,-0.1250,0.5000,0.1250,0.1250,2,1,48,48,21.0,21.085,7,5,4,5,23
model,50,28,11,12,0,0.2500,0.7500,0.1250,0.6250,4,0,19,25,4.0,8.617,1,1,1,1,23
real,50,28,8,10,0,-0.3750,1.0000,0.7500,0.6250,3,0,42,4,14.0,13.745,7,6,1,0,18
model,50,28,8,10,0,-0.1250,0.3750,0.0000,0.2500,3,0,18,13,5.0,5.957,2,1,2,0,18
real,50,19,13,12,0,-0.1250,0.2500,0.2500,0.3750,2,1,48,48,24.0,23.936,6,5,7,6,25
model,50,19,13,12,0,-0.2500,0.0000,0.2500,0.3750,1,1,50,50,25.0,25.000,5,7,4,9,25
real,50,25,12,16,0,0.2500,0.8750,0.6250,0.2500,3,0,40,7,18.0,17.596,5,4,6,3,28
model,50,25,12,16,0,-0.1250,0.6250,0.6250,0.6250,7,0,25,5,7.0,7.851,1,2,3,1,28
real,50,25,11,10,0,0.3750,0.5000,0.2500,0.1250,4,0,27,14,7.0,7.404,1,3,0,3,21
model,50,25,11,10,0,1.0000,1.0000,1.0000,1.0000,2,1,48,48,17.0,19.170,5,3,3,6,21
real,50,25,14,9,0,0.2500,0.6250,0.0000,0.2500,2,0,10,40,17.0,14.766,1,2,10,4,23
model,50,25,14,9,0,0.0000,0.6250,0.7500,0.3750,5,0,32,7,8.0,10.809,0,4,2,2,23
real,50,31,10,11,0,0.0000,0.5000,0.7500,0.8750,5,0,19,2,6.0,5.766,1,2,1,2,21
model,50,31,10,11,0,1.0000,1.0000,1.0000,1.0000,3,1,37,37,10.0,11.106,2,5,1,2,21
real,50,9,14,10,0,0.2500,0.7500,0.5000,0.3750,6,0,30,7,9.0,10.021,5,0,3,1,24
model,50,9,14,10,0,0.1250,0.7500,0.3750,0.1250,4,0,28,13,10.0,8.809,2,1,3,4,24
real,50,31,12,11,1,-0.1250,0.6250,0.7500,0.6250,6,0,6,11,5.0,4.936,1,2,1,1,23
model,50,31,12,11,1,-0.1250,1.0000,0.7500,0.1250,4,0,11,20,5.0,6.787,2,2,1,0,23
real,50,31,11,10,1,-0.3750,0.3750,0.6250,-0.2500,7,0,9,12,3.0,4.404,1,1,1,0,21
model,50,31,11,10,1,1.0000,1.0000,1.0000,1.0000,5,1,23,23,3.0,6.064,1,1,0,1,21
real,50,36,13,14,0,0.6250,0.6250,0.6250,0.3750,3,0,36,4,17.0,17.404,3,9,4,1,27
model,50,36,13,14,0,0.2500,0.6250,0.6250,0.6250,1,1,50,50,27.0,27.000,10,1,7,9,27
real,50,36,9,11,0,0.2500,0.6250,0.6250,0.3750,5,0,3,13,7.0,5.511,1,3,2,1,20
model,50,36,9,11,0,1.0000,1.0000,1.0000,1.0000,3,1,20,20,9.0,9.447,3,2,2,2,20
real,50,36,14,9,0,0.0000,0.8750,0.5000,0.8750,5,0,6,26,10.0,8.191,5,0,3,2,23
model,50,36,14,9,0,-0.5000,0.8750,0.3750,0.0000,3,1,21,21,10.0,11.021,2,2,3,3,23
real,50,36,12,10,0,0.5000,0.6250,0.8750,0.5000,3,1,35,35,10.0,12.617,4,2,2,2,22
model,50,36,12,10,0,0.2500,0.7500,0.5000,0.7500,3,0,43,5,13.0,13.447,3,2,5,3,22
real,50,46,14,15,0,0.0000,0.3750,0.3750,0.2500,4,1,39,39,18.0,19.447,7,5,3,3,29
model,50,46,14,15,0,-0.1250,0.8750,0.7500,0.7500,2,0,46,4,27.0,27.149,9,5,6,7,29
real,50,46,12,9,0,0.1250,0.6250,0.5000,0.2500,2,1,43,43,13.0,17.872,7,1,3,2,21
model,50,46,12,9,0,0.2500,0.6250,0.3750,0.1250,4,0,6,37,14.0,12.298,2,2,4,6,21
real,50,46,9,15,0,0.3750,0.5000,0.6250,-0.2500,3,1,21,21,14.0,11.383,2,3,4,5,24
model,50,46,9,15,0,0.1250,0.8750,0.5000,0.5000,4,0,15,17,10.0,7.362,1,5,2,2,24
real,50,46,9,16,0,0.2500,0.6250,0.3750,0.5000,2,0,2,48,23.0,24.468,4,7,7,5,25
model,50,46,9,16,0,0.2500,0.7500,0.2500,0.1250,4,1,13,13,7.0,7.723,1,3,1,2,25
real,50,50,10,15,0,0.3750,0.7500,0.5000,0.5000,7,0,5,3,1.0,4.213,0,0,1,0,25
model,50,50,10,15,0,0.3750,0.6250,1.0000,0.7500,4,0,22,19,10.0,7.894,5,2,1,2,25
real,50,50,11,13,0,0.2500,0.5000,0.5000,0.2500,2,0,31,19,14.0,12.766,3,5,4,2,24
model,50,50,11,13,0,0.1250,0.7500,0.7500,0.5000,4,0,2,33,11.0,9.979,3,0,5,3,24
real,50,50,7,14,1,0.1250,0.3750,0.7500,0.6250,2,1,48,48,21.0,20.106,2,7,3,9,21
model,50,50,7,14,1,0.5000,0.6250,0.1250,-0.1250,2,1,26,26,5.0,10.277,0,5,0,0,21
real,50,50,9,13,0,-0.3750,0.5000,0.6250,0.2500,2,1,47,47,19.0,19.702,4,6,6,3,22
model,50,50,9,13,0,-0.1250,0.6250,0.2500,0.5000,4,0,16,18,7.0,6.511,2,2,1,2,22
real,50,43,11,15,0,0.2500,0.7500,0.5000,0.3750,5,0,3,15,8.0,8.234,3,1,1,3,26
model,50,43,11,15,0,0.1250,0.5000,0.5000,0.6250,4,1,40,40,20.0,18.319,10,4,1,5,26
real,50,43,8,13,0,0.1250,0.5000,0.2500,0.0000,4,0,20,20,6.0,6.255,1,4,1,0,21
model,50,43,8,13,0,-0.1250,0.1250,0.5000,0.3750,1,1,50,50,21.0,21.000,6,8,4,3,21
real,50,43,11,14,0,-0.1250,0.8750,0.7500,0.6250,6,1,28,28,7.0,10.638,0,1,4,2,25
model,50,43,11,14,0,0.6250,0.6250,0.5000,0.1250,4,0,28,9,13.0,10.213,8,2,1,2,25
real,50,43,9,10,0,-0.2500,0.6250,-0.3750,0.1250,3,0,9,23,5.0,6.489,1,1,3,0,19
model,50,43,9,10,0,-0.1250,0.6250,0.7500,0.7500,2,1,39,39,13.0,13.447,4,2,1,6,19
real,50,11,12,10,0,0.2500,0.5000,0.3750,0.1250,2,1,46,46,20.0,18.426,6,7,4,3,22
model,50,11,12,10,0,-0.5000,0.7500,0.1250,0.0000,5,1,30,30,7.0,9.149,2,2,2,1,22
real,50,33,12,9,0,0.0000,0.6250,0.3750,0.3750,4,0,16,18,4.0,6.468,3,1,0,0,21
model,50,33,12,9,0,0.2500,0.5000,0.5000,0.5000,2,0,27,23,11.0,10.234,3,5,1,2,21
real,50,33,10,10,0,-0.1250,0.5000,0.3750,0.6250,3,0,26,8,5.0,7.149,0,3,1,1,20
model,50,33,10,10,0,0.0000,0.3750,0.6250,-0.2500,5,0,5,18,8.0,5.340,0,1,6,1,20
real,50,33,12,10,0,0.0000,0.6250,0.5000,0.1250,5,1,12,12,7.0,6.383,2,1,3,1,22
model,50,33,12,10,0,0.2500,0.7500,0.3750,0.1250,2,1,47,47,19.0,19.702,6,4,5,4,22
real,50,50,9,10,1,0.1250,0.3750,0.1250,0.5000,4,1,40,40,13.0,12.106,2,5,2,4,19
model,50,50,9,10,1,-0.3750,0.6250,-0.1250,0.2500,4,0,20,24,6.0,6.851,2,1,1,2,19
real,50,50,11,12,0,0.2500,0.6250,0.2500,0.2500,6,0,14,7,1.0,4.298,0,0,1,0,23
model,50,50,11,12,0,0.3750,0.6250,0.8750,0.1250,5,0,22,17,5.0,6.213,1,0,3,1,23
real,50,50,12,11,0,-0.1250,0.7500,0.2500,0.2500,5,0,9,4,7.0,7.766,2,4,1,0,23
model,50,50,12,11,0,-0.1250,0.2500,0.7500,0.2500,5,0,16,21,6.0,6.404,2,0,4,0,23
real,50,50,9,10,1,0.1250,0.6250,0.6250,0.1250,3,1,44,44,16.0,14.957,2,7,3,4,19
model,50,50,9,10,1,-0.2500,0.7500,0.3750,0.1250,4,0,36,10,13.0,11.383,5,4,2,2,19
real,50,14,10,11,0,-0.5000,0.7500,-0.1250,-0.3750,4,0,13,11,5.0,5.404,1,2,1,1,21
model,50,14,10,11,0,-0.1250,0.6250,0.7500,0.0000,3,1,46,46,19.0,18.319,7,4,6,2,21
real,50,14,10,12,3,-0.5000,0.3750,0.2500,0.0000,6,0,9,4,12.0,9.915,2,4,3,3,22
model,50,14,10,12,3,0.2500,0.2500,0.3750,0.3750,5,1,36,36,8.0,10.574,1,2,2,3,22
real,50,18,12,13,0,0.5000,0.5000,0.5000,0.5000,2,1,48,48,24.0,23.000,8,6,5,5,25
model,50,18,12,13,0,0.5000,0.8750,0.6250,0.5000,2,0,29,21,13.0,12.660,2,2,4,5,25
real,50,18,12,11,1,0.2500,0.6250,0.5000,0.0000,4,1,14,14,11.0,11.936,2,3,2,4,23
model,50,18,12,11,1,0.3750,0.5000,0.5000,0.1250,2,1,45,45,19.0,18.936,4,5,4,6,23
real,50,39,10,13,0,0.2500,1.0000,0.7500,0.7500,4,1,19,19,7.0,8.191,1,3,3,0,23
model,50,39,10,13,0,0.0000,0.5000,0.2500,0.2500,5,0,12,5,6.0,5.766,2,1,1,2,23
real,50,39,11,13,0,0.1250,0.3750,0.2500,0.5000,4,1,23,23,8.0,8.064,0,2,3,3,24
model,50,39,11,13,0,0.3750,0.6250,0.3750,0.0000,3,0,42,6,16.0,18.766,2,6,4,4,24
real,50,39,14,14,0,0.3750,0.7500,0.3750,0.2500,1,1,50,50,28.0,28.000,4,6,11,7,28
model,50,39,14,14,0,0.0000,0.7500,0.6250,0.6250,4,0,11,30,13.0,11.170,1,6,5,1,28
real,50,39,9,12,0,0.5000,0.2500,0.3750,0.2500,1,1,50,50,21.0,21.000,3,4,7,7,21
model,50,39,9,12,0,-0.1250,0.6250,0.6250,0.7500,3,1,39,39,9.0,11.617,1,2,3,3,21
real,50,35,12,12,0,0.5000,0.6250,0.5000,0.5000,4,0,5,21,10.0,8.681,2,2,5,1,24
model,50,35,12,12,0,-0.2500,0.1250,0.1250,-0.1250,3,0,9,28,7.0,9.766,3,2,1,1,24
real,50,35,11,12,0,0.1250,0.8750,0.1250,0.2500,3,1,38,38,13.0,12.277,1,6,4,2,23
model,50,35,11,12,0,0.0000,0.8750,0.6250,0.1250,3,0,40,6,16.0,16.404,3,2,4,7,23
real,50,35,11,9,1,-0.1250,0.6250,0.2500,0.0000,6,0,9,19,5.0,5.362,1,3,1,0,20
model,50,35,11,9,1,0.1250,0.5000,0.6250,0.5000,3,0,19,18,7.0,6.447,1,2,2,2,20
real,50,35,12,12,0,0.1250,0.7500,0.8750,-0.1250,6,1,18,18,5.0,5.447,0,1,2,2,24
model,50,35,12,12,0,0.0000,0.6250,0.2500,0.5000,3,0,20,13,8.0,8.447,0,4,3,1,24
real,50,7,15,9,0,0.6250,0.8750,0.6250,0.5000,4,1,19,19,9.0,7.745,0,5,3,1,24
model,50,7,15,9,0,-0.2500,1.0000,0.7500,0.6250,5,0,2,39,15.0,15.957,5,3,3,4,24
real,50,41,9,11,0,0.6250,0.8750,0.6250,0.3750,5,0,14,7,5.0,4.426,1,1,2,1,20
model,50,41,9,11,0,0.3750,0.7500,0.6250,0.3750,3,1,30,30,10.0,9.617,2,3,3,2,20
real,50,41,11,9,0,0.0000,1.0000,0.3750,0.6250,3,0,17,19,6.0,6.511,0,2,2,2,20
model,50,41,11,9,0,-0.1250,0.3750,0.3750,0.6250,5,1,29,29,8.0,7.234,2,0,2,4,20
real,50,41,13,9,0,-0.5000,0.5000,0.5000,0.2500,3,0,33,12,10.0,9.532,1,6,1,2,22
model,50,41,13,9,0,0.2500,0.6250,0.6250,0.6250,3,1,37,37,7.0,12.149,2,2,1,2,22
real,50,32,11,13,0,-0.3750,0.6250,0.0000,0.5000,5,0,14,22,7.0,7.468,2,2,1,2,24
model,50,32,11,13,0,0.1250,0.3750,0.5000,0.0000,5,0,4,4,9.0,9.340,0,1,5,3,24
real,50,18,11,10,0,0.0000,0.1250,0.1250,0.6250,5,1,9,9,3.0,6.362,0,2,0,1,21
model,50,18,11,10,0,-0.1250,0.3750,0.3750,0.0000,4,1,29,29,12.0,8.319,2,5,2,3,21
real,50,32,12,13,0,0.2500,0.8750,0.5000,-0.2500,6,0,7,3,6.0,5.745,1,2,2,1,25
model,50,32,12,13,0,0.1250,0.6250,0.5000,0.1250,4,1,22,22,9.0,7.277,0,1,1,7,25
real,50,32,12,13,0,0.0000,-0.1250,0.3750,0.2500,4,0,10,31,13.0,12.128,1,4,6,2,25
model,50,32,12,13,0,0.0000,0.2500,0.3750,0.0000,3,0,22,14,7.0,8.255,0,3,1,3,25
real,50,16,10,15,0,0.2500,0.7500,0.2500,0.3750,3,0,31,17,11.0,12.745,3,4,1,3,25
model,50,16,10,15,0,0.0000,0.7500,0.5000,0.5000,3,0,3,26,9.0,11.426,4,2,2,1,25
real,50,16,10,12,0,0.0000,0.8750,0.3750,-0.2500,2,1,37,37,12.0,12.638,4,2,1,5,22
model,50,16,10,12,0,1.0000,1.0000,1.0000,1.0000,5,0,3,3,14.0,11.362,4,3,4,3,22
real,50,34,13,12,0,-0.1250,0.6250,0.0000,0.6250,2,0,44,6,18.0,19.106,2,3,6,7,25
model,50,34,13,12,0,0.6250,1.0000,0.7500,0.5000,2,1,47,47,24.0,22.511,5,5,6,8,25
real,50,34,15,11,0,0.3750,0.6250,0.7500,0.7500,4,1,22,22,8.0,8.809,1,2,3,2,26
model,50,34,15,11,0,0.1250,0.2500,0.2500,0.1250,3,1,37,37,16.0,15.383,2,3,5,6,26
real,50,46,10,11,0,0.0000,0.7500,-0.1250,0.5000,2,1,43,43,14.0,14.979,4,4,3,3,21
model,50,46,10,11,0,0.0000,0.5000,0.3750,0.3750,5,1,32,32,8.0,9.191,4,1,1,2,21
real,50,46,10,10,0,0.0000,0.5000,0.5000,0.1250,2,0,35,15,9.0,12.340,2,7,0,0,20
model,50,46,10,10,0,0.3750,1.0000,0.5000,0.6250,3,0,39,8,13.0,13.681,3,5,3,2,20
real,50,46,14,11,0,1.0000,1.0000,1.0000,1.0000,2,0,47,3,25.0,23.936,7,10,4,4,25
model,50,46,14,11,0,0.0000,0.7500,0.5000,0.7500,7,0,7,4,3.0,3.745,0,1,1,1,25
real,50,46,14,11,0,0.0000,0.7500,0.1250,0.5000,4,0,13,25,10.0,7.936,2,5,1,2,25
model,50,46,14,11,0,0.2500,0.7500,0.8750,0.5000,3,0,8,34,12.0,11.574,2,2,2,6,25
real,50,20,8,12,0,0.1250,0.5000,0.3750,-0.1250,3,1,13,13,11.0,10.043,3,3,2,3,20
model,50,20,8,12,0,-0.2500,0.5000,0.1250,0.0000,6,1,13,13,4.0,3.681,1,0,1,2,20
real,50,23,13,12,0,0.0000,0.2500,0.6250,0.5000,4,1,39,39,13.0,16.277,1,8,4,0,25
model,50,23,13,12,0,-0.3750,0.6250,0.0000,0.2500,2,1,46,46,19.0,22.021,5,6,5,3,25
real,50,23,11,11,0,-0.5000,0.3750,0.2500,0.2500,4,0,6,28,9.0,7.702,5,2,2,0,22
model,50,23,11,11,0,0.5000,0.6250,0.3750,0.0000,4,1,33,33,5.0,10.234,1,1,1,2,22
real,50,23,12,12,0,0.5000,0.7500,0.6250,0.6250,3,0,43,2,19.0,17.787,6,3,7,3,24
model,50,23,12,12,0,-0.1250,0.5000,0.8750,1.0000,4,0,9,18,7.0,6.915,2,2,0,3,24
real,50,45,10,12,0,0.1250,0.5000,0.3750,0.2500,3,0,29,15,8.0,9.617,3,2,2,1,22
model,50,45,10,12,0,-0.3750,0.8750,0.7500,0.0000,3,1,43,43,18.0,15.532,2,6,5,5,22
real,50,45,11,12,0,-0.1250,0.6250,0.2500,0.1250,5,0,30,5,6.0,10.000,1,1,3,1,23
model,50,45,11,12,0,0.0000,0.8750,0.5000,-0.3750,1,1,50,50,23.0,23.000,8,2,4,9,23
real,50,45,13,9,0,0.0000,0.5000,0.7500,0.3750,7,0,4,5,3.0,4.489,0,0,1,2,22
model,50,45,13,9,0,-0.2500,0.6250,0.7500,0.3750,3,1,33,33,10.0,12.340,3,1,2,4,22
real,50,45,11,11,0,0.3750,0.7500,0.6250,0.5000,4,0,4,37,11.0,13.000,0,3,2,6,22
model,50,45,11,11,0,-0.3750,0.7500,0.3750,0.1250,5,1,11,11,7.0,7.426,2,2,3,0,22
real,50,32,13,10,0,0.1250,0.1250,0.6250,0.2500,4,0,3,39,14.0,15.191,4,6,1,3,23
model,50,32,13,10,0,-0.5000,0.6250,0.1250,0.1250,5,0,26,8,9.0,7.745,1,4,1,3,23
real,50,32,10,9,0,-0.1250,0.5000,0.7500,0.5000,4,0,23,23,7.0,8.064,2,1,3,1,19
model,50,32,10,9,0,0.3750,0.8750,0.8750,0.3750,4,1,36,36,11.0,11.468,2,1,3,5,19
real,50,32,12,14,0,0.5000,0.7500,0.3750,0.6250,2,1,47,47,22.0,22.553,5,6,6,5,26
model,50,32,12,14,0,-0.1250,0.7500,0.7500,0.3750,3,0,4,36,16.0,15.319,4,4,6,2,26
real,50,32,12,13,0,-0.1250,0.5000,0.5000,0.6250,3,0,19,18,7.0,8.340,1,4,2,0,25
model,50,32,12,13,0,0.2500,0.8750,0.2500,0.5000,2,1,29,29,17.0,12.426,3,8,5,1,25
real,50,35,10,12,0,0.2500,0.6250,0.1250,0.5000,5,1,25,25,10.0,7.149,0,2,5,3,22
model,50,35,10,12,0,0.3750,1.0000,0.6250,0.5000,5,0,2,18,10.0,6.191,5,0,2,3,22
real,50,35,10,14,0,0.0000,1.0000,0.3750,0.3750,2,0,30,20,13.0,12.596,4,3,4,2,24
model,50,35,10,14,0,0.0000,0.1250,0.6250,0.2500,2,1,48,48,21.0,20.170,2,9,5,5,24
real,50,35,10,11,1,-0.2500,0.3750,0.1250,0.1250,4,0,5,13,8.0,9.340,2,2,1,3,21
model,50,35,10,11,1,0.0000,0.5000,0.6250,-0.1250,4,1,33,33,11.0,9.340,2,4,2,3,21
real,50,35,12,13,0,0.5000,1.0000,0.8750,0.7500,8,0,12,2,3.0,3.830,0,2,1,0,25
model,50,35,12,13,0,0.3750,0.8750,0.2500,0.1250,3,1,39,39,13.0,14.489,0,5,2,6,25
real,50,19,10,11,0,-0.2500,0.6250,-0.1250,0.1250,5,0,18,18,6.0,6.213,1,2,2,1,21
model,50,19,10,11,0,1.0000,1.0000,1.0000,1.0000,8,0,24,2,8.0,6.596,1,1,0,6,21
real,50,19,12,9,0,0.0000,0.3750,0.6250,0.6250,6,0,12,16,4.0,3.681,0,0,4,0,21
model,50,19,12,9,0,0.3750,0.3750,0.2500,0.2500,3,0,36,12,10.0,11.043,0,5,3,2,21
real,50,16,8,11,0,0.2500,0.8750,0.1250,0.2500,5,0,7,3,6.0,7.574,1,2,1,2,19
model,50,16,8,11,0,1.0000,1.0000,1.0000,1.0000,2,1,48,48,16.0,17.255,1,6,7,2,19
real,50,19,9,11,0,0.0000,0.5000,0.7500,0.5000,3,0,18,29,9.0,9.021,2,3,3,1,20
model,50,19,9,11,0,0.0000,0.6250,0.6250,0.2500,6,1,21,21,5.0,5.511,1,0,2,2,20
real,50,13,13,12,1,0.3750,0.7500,0.5000,0.1250,5,0,22,21,9.0,9.915,4,4,1,0,25
model,50,13,13,12,1,0.2500,0.6250,0.6250,0.3750,3,1,42,42,18.0,16.957,6,4,8,0,25
real,50,13,9,15,0,0.2500,0.2500,0.2500,0.1250,2,0,30,20,13.0,12.383,3,4,4,2,24
model,50,13,9,15,0,0.1250,0.5000,0.5000,-0.1250,5,0,9,20,10.0,6.702,2,3,2,3,24
real,50,13,13,13,0,0.0000,0.6250,0.2500,0.5000,6,0,14,12,6.0,5.468,0,0,4,2,26
model,50,13,13,13,0,0.2500,0.5000,0.0000,0.0000,4,0,38,4,15.0,15.745,4,6,3,2,26
real,50,6,8,13,0,-0.3750,0.6250,0.6250,0.1250,6,0,8,6,10.0,7.170,2,4,2,2,21
model,50,6,8,13,0,0.1250,0.8750,0.8750,0.6250,3,1,44,44,18.0,17.489,5,7,3,3,21
real,50,50,12,10,0,0.1250,0.6250,0.6250,-0.1250,3,0,21,24,8.0,8.894,0,2,4,2,22
model,50,50,12,10,0,-0.2500,0.6250,0.8750,0.6250,3,0,5,7,15.0,13.745,2,3,5,5,22
real,50,50,13,11,0,0.0000,0.5000,0.5000,0.5000,4,0,4,35,14.0,13.149,1,7,1,5,24
model,50,50,13,11,0,1.0000,1.0000,1.0000,1.0000,4,1,8,8,14.0,14.596,3,4,4,3,24
real,50,50,11,11,0,0.5000,0.7500,0.8750,0.7500,3,1,37,37,10.0,13.043,2,2,1,5,22
model,50,50,11,11,0,-0.1250,0.8750,0.3750,0.7500,5,0,29,2,7.0,8.426,1,3,2,1,22
real,50,50,9,12,0,-0.3750,0.1250,0.2500,0.8750,5,1,33,33,11.0,9.936,0,3,6,2,21
model,50,50,9,12,0,0.3750,0.3750,0.7500,0.2500,4,0,36,5,9.0,10.064,4,0,1,4,21
real,50,23,10,11,0,0.1250,0.7500,0.6250,0.2500,4,0,21,18,6.0,7.213,1,1,3,1,21
model,50,23,10,11,0,0.2500,0.7500,0.5000,0.6250,3,1,46,46,19.0,17.426,3,3,8,5,21
real,50,12,11,12,0,-0.2500,0.8750,0.0000,0.3750,2,1,33,33,11.0,11.702,2,4,4,1,23
model,50,12,11,12,0,-0.7500,0.2500,0.2500,0.0000,3,1,41,41,13.0,15.191,4,1,4,4,23
real,50,23,14,13,0,0.0000,0.7500,0.5000,0.2500,4,0,27,4,11.0,9.660,3,2,5,1,27
model,50,23,14,13,0,0.1250,0.7500,0.6250,0.3750,2,1,23,23,13.0,13.404,3,3,2,5,27
real,50,23,14,11,0,0.0000,0.8750,0.5000,0.3750,5,0,16,15,7.0,6.170,1,2,2,2,25
model,50,23,14,11,0,0.5000,0.3750,0.3750,-0.2500,2,0,24,26,13.0,12.255,2,4,4,3,25
real,50,44,13,12,0,0.0000,0.1250,0.2500,-0.1250,3,0,9,23,11.0,8.915,0,4,3,4,25
model,50,44,13,12,0,1.0000,1.0000,1.0000,1.0000,1,1,50,50,25.0,25.000,2,7,8,8,25
real,50,44,12,16,0,-0.1250,0.7500,0.5000,0.6250,2,0,47,3,26.0,26.809,6,5,4,11,28
model,50,44,12,16,0,-0.2500,0.6250,0.2500,0.1250,2,0,28,22,15.0,14.213,4,3,5,3,28
real,50,44,12,7,0,0.1250,0.1250,0.1250,0.5000,2,1,25,25,10.0,9.447,1,5,1,3,19
model,50,44,12,7,0,-0.1250,0.5000,0.5000,-0.1250,3,0,8,14,12.0,9.511,2,2,3,5,19
real,50,6,10,10,0,0.0000,0.5000,0.2500,0.2500,2,0,9,41,15.0,14.553,4,4,5,2,20
model,50,6,10,10,0,-0.1250,0.5000,0.8750,-0.2500,3,1,31,31,3.0,7.511,0,2,1,0,20
real,50,50,12,15,0,0.0000,0.6250,0.0000,0.1250,7,1,17,17,5.0,5.787,0,2,0,3,27
model,50,50,12,15,0,-0.1250,0.7500,0.5000,0.5000,2,1,46,46,24.0,23.851,6,10,4,4,27
real,50,50,13,10,0,-0.1250,0.7500,0.8750,0.5000,2,1,47,47,22.0,20.638,4,5,8,5,23
model,50,50,13,10,0,0.5000,0.7500,0.6250,0.5000,3,1,46,46,19.0,19.255,5,1,9,4,23
real,50,50,14,12,0,-0.2500,0.7500,0.5000,0.3750,4,0,2,39,15.0,18.234,2,3,1,9,26
model,50,50,14,12,0,-0.1250,0.6250,0.3750,0.1250,3,0,13,21,6.0,8.468,2,2,1,1,26
real,50,50,14,11,0,0.0000,0.7500,0.3750,0.1250,1,1,50,50,25.0,25.000,7,4,8,6,25
model,50,50,14,11,0,-0.3750,0.5000,0.5000,-0.2500,1,1,50,50,25.0,25.000,12,3,1,9,25
real,50,9,10,13,0,-0.1250,0.2500,0.3750,0.3750,5,0,12,4,4.0,6.766,2,0,1,1,23
model,50,9,10,13,0,0.5000,0.5000,0.3750,0.6250,4,0,4,41,16.0,15.915,5,4,3,4,23
real,50,26,11,14,0,0.1250,0.6250,0.6250,0.1250,2,1,46,46,23.0,21.170,5,6,6,6,25
model,50,26,11,14,0,-0.1250,0.5000,0.0000,0.2500,3,1,37,37,19.0,15.851,3,3,3,10,25
real,50,26,10,13,0,0.1250,0.6250,0.3750,0.0000,4,0,32,7,8.0,10.319,2,2,3,1,23
model,50,26,10,13,0,0.2500,0.3750,0.7500,-0.1250,2,0,9,41,16.0,15.000,3,4,6,3,23
real,50,26,11,12,1,0.5000,0.5000,0.3750,0.2500,5,0,15,26,5.0,7.936,1,1,2,1,23
model,50,26,11,12,1,0.3750,0.8750,0.1250,0.3750,5,0,15,27,10.0,9.702,3,4,3,0,23
real,50,11,10,13,0,0.1250,0.3750,0.7500,0.1250,3,0,6,26,14.0,9.000,2,5,6,1,23
model,50,11,10,13,0,-0.1250,0.3750,0.2500,0.0000,4,0,25,10,6.0,7.106,2,1,2,1,23
real,50,13,11,11,0,-0.5000,0.5000,0.1250,0.2500,3,0,20,28,8.0,10.128,2,0,2,4,22
model,50,13,11,11,0,0.3750,0.7500,0.6250,0.6250,5,0,21,3,6.0,6.915,0,2,3,1,22
real,50,13,9,14,0,0.0000,0.7500,0.3750,0.6250,3,0,29,19,7.0,10.617,3,1,3,0,23
model,50,13,9,14,0,0.1250,0.8750,0.7500,0.8750,1,1,50,50,23.0,23.000,4,10,4,5,23
real,50,13,13,10,0,-0.2500,0.6250,-0.1250,0.3750,5,0,19,12,4.0,5.723,1,1,1,1,23
model,50,13,13,10,0,0.0000,0.5000,0.7500,-0.3750,4,0,9,34,10.0,10.426,2,3,3,2,23
real,50,42,12,7,1,0.1250,0.3750,0.1250,0.1250,5,0,17,25,9.0,6.957,1,5,2,1,19
model,50,42,12,7,1,0.1250,0.8750,0.8750,0.8750,4,0,11,29,8.0,7.766,3,0,4,1,19
real,50,42,8,13,0,0.6250,0.6250,0.0000,0.3750,2,1,44,44,15.0,16.787,1,8,2,4,21
model,50,42,8,13,0,-0.2500,0.7500,0.5000,0.6250,3,0,26,22,9.0,9.617,0,2,2,5,21
real,50,42,12,9,0,0.1250,0.6250,0.5000,0.3750,3,1,41,41,13.0,12.596,6,2,2,3,21
model,50,42,12,9,0,-0.2500,0.8750,0.1250,0.1250,4,0,25,4,7.0,7.787,2,0,2,3,21
real,50,42,13,13,0,-0.6250,0.1250,0.3750,0.5000,2,1,45,45,18.0,19.191,6,7,0,5,26
model,50,42,13,13,0,0.1250,0.6250,0.6250,0.8750,3,1,35,35,13.0,12.723,3,3,4,3,26
real,50,15,11,9,0,0.1250,0.2500,0.2500,-0.1250,5,1,35,35,9.0,10.489,1,1,4,3,20
model,50,15,11,9,0,-0.2500,0.8750,0.7500,0.5000,3,1,44,44,17.0,16.617,3,7,2,5,20
real,50,35,12,13,0,0.3750,0.5000,0.5000,0.5000,3,1,24,24,4.0,8.809,1,1,0,2,25
model,50,35,12,13,0,0.3750,0.7500,0.6250,0.6250,1,1,50,50,25.0,25.000,7,4,9,5,25
real,50,35,12,13,0,0.2500,0.6250,0.1250,0.0000,2,0,18,32,13.0,13.872,3,2,3,5,25
model,50,35,12,13,0,0.2500,0.8750,0.6250,0.3750,3,1,29,29,14.0,11.851,4,3,5,2,25
real,50,35,9,7,0,0.2500,0.0000,0.2500,0.0000,4,0,3,40,12.0,9.851,3,4,2,3,16
model,50,35,9,7,0,0.3750,0.5000,0.1250,0.3750,2,1,20,20,9.0,8.851,0,3,4,2,16
real,50,24,11,13,0,0.5000,0.6250,0.3750,0.3750,3,1,25,25,11.0,8.702,0,1,6,4,24
model,50,24,11,13,0,0.1250,0.1250,0.1250,0.2500,7,0,17,11,4.0,4.830,1,0,2,1,24
real,50,24,11,9,0,-0.2500,0.6250,0.0000,0.5000,4,1,37,37,11.0,12.064,2,3,3,3,20
model,50,24,11,9,0,-0.3750,0.5000,0.5000,0.2500,3,0,4,31,8.0,8.894,2,3,2,1,20
real,50,24,14,12,0,0.0000,0.6250,0.5000,0.2500,3,1,41,41,19.0,18.298,3,12,1,3,26
model,50,24,14,12,0,0.2500,0.7500,0.1250,0.1250,5,1,31,31,10.0,10.340,3,1,1,5,26
real,50,22,13,10,0,0.1250,0.6250,0.1250,0.5000,3,0,39,7,16.0,14.574,3,5,4,4,23
model,50,22,13,10,0,-0.1250,0.6250,0.5000,0.7500,5,0,5,28,6.0,8.447,3,1,1,1,23
real,50,23,9,11,0,0.2500,0.2500,0.1250,0.1250,4,0,29,12,6.0,8.128,3,3,0,0,20
model,50,23,9,11,0,0.1250,0.7500,0.2500,0.2500,2,1,27,27,10.0,9.787,2,2,3,3,20
real,50,13,10,10,0,0.3750,0.6250,0.1250,0.3750,3,0,31,16,8.0,8.702,3,2,1,2,20
model,50,13,10,10,0,0.0000,0.6250,0.1250,0.1250,2,0,39,11,14.0,12.766,3,2,6,3,20
real,50,23,14,9,0,-0.1250,0.5000,0.1250,0.5000,3,0,8,30,12.0,9.766,2,5,1,4,23
model,50,23,14,9,0,-0.1250,0.7500,0.1250,0.0000,3,0,9,37,15.0,13.383,4,6,3,2,23
real,50,13,12,11,0,-0.2500,0.3750,0.3750,0.3750,3,1,40,40,14.0,14.617,3,3,5,3,23
model,50,13,12,11,0,0.1250,0.7500,0.5000,0.3750,3,1,45,45,18.0,17.979,4,4,3,7,23
real,50,36,13,12,0,0.1250,0.7500,0.6250,0.2500,6,0,10,18,4.0,5.043,0,1,3,0,25
model,50,36,13,12,0,-0.2500,0.5000,0.3750,0.3750,2,0,33,17,12.0,14.106,4,4,3,1,25
real,50,36,9,12,0,1.0000,1.0000,1.0000,1.0000,4,0,2,11,13.0,10.021,2,3,5,3,21
model,50,36,9,12,0,0.6250,0.8750,0.7500,0.6250,1,1,50,50,21.0,21.000,4,4,6,7,21
real,50,36,14,9,1,0.5000,0.3750,0.3750,0.5000,6,0,2,18,7.0,5.979,3,3,1,0,23
model,50,36,14,9,1,-0.2500,0.3750,-0.1250,0.0000,6,0,5,18,6.0,6.000,3,1,2,0,23
real,50,36,10,10,0,0.0000,0.6250,0.2500,0.0000,2,1,48,48,19.0,19.149,4,3,5,7,20
model,50,36,10,10,0,0.1250,0.8750,0.3750,0.6250,3,1,33,33,10.0,10.383,3,2,2,3,20
real,50,50,12,13,0,-0.1250,0.5000,0.2500,0.1250,3,0,17,24,8.0,10.064,1,3,2,2,25
model,50,50,12,13,0,0.1250,0.7500,0.6250,0.6250,4,0,3,35,11.0,12.766,3,1,2,5,25
real,50,50,11,13,0,0.2500,0.3750,0.5000,0.2500,3,1,22,22,7.0,8.426,1,1,3,2,24
model,50,50,11,13,0,1.0000,1.0000,1.0000,1.0000,5,1,25,25,7.0,7.106,1,2,3,1,24
real,50,50,10,12,0,0.3750,0.7500,0.6250,0.6250,3,0,45,2,19.0,18.340,1,2,7,9,22
model,50,50,10,12,0,-0.1250,0.3750,0.1250,0.5000,3,1,32,32,10.0,9.511,0,5,2,3,22
real,50,50,12,14,0,0.0000,0.2500,0.2500,0.1250,1,1,50,50,26.0,26.000,5,10,8,3,26
model,50,50,12,14,0,0.3750,0.8750,0.7500,0.7500,4,0,2,41,17.0,17.660,5,6,1,5,26
real,50,44,11,12,0,0.1250,0.1250,0.6250,0.3750,4,1,7,7,8.0,7.872,1,3,4,0,23
model,50,44,11,12,0,0.5000,0.6250,0.3750,0.5000,2,1,47,47,19.0,17.957,6,3,6,4,23
real,50,44,13,12,0,-0.1250,0.6250,0.5000,0.2500,2,0,12,38,14.0,16.383,6,5,3,0,25
model,50,44,13,12,0,-0.5000,0.7500,0.8750,0.7500,4,1,13,13,11.0,8.085,2,1,5,3,25
real,50,44,11,9,0,1.0000,1.0000,1.0000,1.0000,4,1,22,22,4.0,6.426,1,1,1,1,20
model,50,44,11,9,0,0.1250,0.8750,0.3750,0.5000,6,0,10,12,3.0,4.128,2,0,1,0,20
real,50,44,10,12,0,-0.2500,0.7500,0.1250,0.6250,4,0,6,33,11.0,11.745,5,2,4,0,22
model,50,44,10,12,0,0.0000,0.8750,0.0000,0.2500,4,0,26,11,10.0,8.021,2,1,5,2,22
real,50,10,12,12,0,0.1250,0.3750,0.7500,0.3750,3,1,38,38,13.0,14.298,1,5,6,1,24
model,50,10,12,12,0,0.2500,0.6250,0.7500,0.5000,1,1,50,50,24.0,24.000,5,4,8,7,24
real,50,25,12,9,0,0.5000,0.8750,0.5000,-0.1250,1,1,50,50,21.0,21.000,4,8,8,1,21
model,50,25,12,9,0,1.0000,1.0000,1.0000,1.0000,6,1,28,28,12.0,7.426,1,4,2,5,21
real,50,25,8,9,0,0.1250,0.5000,0.3750,0.2500,2,0,15,35,12.0,10.234,2,4,3,3,17
model,50,25,8,9,0,-0.2500,0.3750,0.2500,0.3750,4,1,31,31,8.0,7.468,3,4,1,0,17
real,50,25,11,13,0,0.0000,0.6250,0.3750,0.5000,2,1,47,47,23.0,21.574,6,7,5,5,24
model,50,25,11,13,0,0.0000,0.5000,0.5000,0.5000,5,1,22,22,4.0,5.362,0,3,1,0,24
real,50,25,13,14,0,0.0000,0.3750,0.6250,0.2500,3,1,40,40,20.0,19.936,4,4,6,6,27
model,50,25,13,14,0,0.1250,0.3750,0.5000,0.5000,3,1,43,43,22.0,20.553,5,4,5,8,27
real,50,19,14,10,0,1.0000,1.0000,1.0000,1.0000,3,1,36,36,11.0,11.957,0,3,5,3,24
model,50,19,14,10,0,0.5000,0.8750,0.5000,0.0000,4,1,42,42,19.0,18.319,6,3,5,5,24
real,50,25,12,11,0,0.5000,1.0000,0.8750,0.6250,2,1,47,47,20.0,19.745,7,2,6,5,23
model,50,25,12,11,0,0.0000,0.8750,0.0000,0.0000,5,1,18,18,5.0,5.979,1,2,2,0,23
real,50,25,12,11,0,-0.1250,0.5000,0.6250,0.3750,5,0,34,4,12.0,12.723,1,5,5,1,23
model,50,25,12,11,0,0.5000,0.3750,0.3750,0.2500,3,1,40,40,14.0,13.383,2,5,4,3,23
real,50,35,9,12,0,0.1250,0.0000,0.1250,0.1250,3,1,39,39,14.0,12.809,5,3,4,2,21
model,50,35,9,12,0,0.0000,1.0000,0.2500,0.0000,5,0,9,12,7.0,6.106,3,0,2,2,21
real,50,35,9,11,2,-0.1250,0.7500,0.6250,0.3750,6,0,23,3,8.0,7.489,0,4,1,3,20
model,50,35,9,11,2,0.3750,0.6250,0.5000,0.1250,2,1,47,47,17.0,16.936,6,3,3,5,20
real,50,35,11,14,0,-0.2500,0.6250,0.3750,-0.2500,4,0,23,6,11.0,8.106,4,0,4,3,25
model,50,35,11,14,0,0.6250,0.8750,0.5000,0.6250,2,0,12,38,22.0,15.277,5,7,7,3,25
real,50,35,11,11,0,0.0000,0.7500,0.5000,0.1250,7,0,17,5,3.0,3.383,1,1,1,0,22
model,50,35,11,11,0,-0.5000,0.7500,0.2500,0.6250,5,0,9,17,7.0,6.064,2,1,2,2,22
real,50,36,14,11,1,0.0000,1.0000,0.5000,0.2500,5,1,20,20,4.0,8.596,2,1,0,1,25
model,50,36,14,11,1,0.1250,0.6250,0.2500,0.0000,4,0,18,11,7.0,7.553,1,3,2,1,25
real,50,36,9,14,0,-0.3750,0.5000,0.6250,0.8750,4,0,20,18,9.0,7.234,2,4,1,2,23
model,50,36,9,14,0,0.2500,0.7500,0.5000,0.7500,3,1,22,22,12.0,8.957,1,3,4,4,23
real,50,36,11,12,0,0.3750,0.7500,0.2500,0.3750,4,0,5,10,6.0,6.851,1,2,2,1,23
model,50,36,11,12,0,0.1250,0.5000,0.1250,0.2500,6,0,23,10,7.0,5.723,2,2,1,2,23
real,50,36,8,11,1,0.2500,0.7500,0.3750,0.3750,3,0,16,32,10.0,9.404,3,5,1,1,19
model,50,36,8,11,1,1.0000,1.0000,1.0000,1.0000,5,1,14,14,5.0,5.128,1,1,1,2,19
real,50,26,12,11,0,0.0000,0.7500,0.1250,0.3750,3,1,44,44,18.0,18.404,4,5,6,3,23
model,50,26,12,11,0,0.2500,0.8750,0.8750,0.3750,4,0,12,3,8.0,9.043,2,3,1,2,23
real,50,20,14,10,0,-0.1250,0.5000,0.2500,0.5000,2,0,27,23,14.0,11.830,1,6,3,4,24
model,50,20,14,10,0,0.2500,0.5000,0.2500,0.5000,6,1,26,26,6.0,7.383,0,2,1,3,24
real,50,26,9,12,0,0.0000,0.6250,0.2500,-0.1250,3,0,16,20,7.0,7.043,0,2,3,2,21
model,50,26,9,12,0,0.1250,0.6250,0.5000,0.3750,4,0,12,30,8.0,7.702,1,0,4,3,21
real,50,20,11,10,0,0.2500,0.7500,0.6250,0.6250,4,0,25,21,8.0,9.128,2,1,2,3,21
model,50,20,11,10,0,0.0000,0.7500,0.3750,0.0000,1,1,50,50,21.0,21.000,2,5,5,9,21
real,50,17,9,12,1,0.3750,0.6250,0.3750,0.7500,2,1,48,48,21.0,20.106,5,5,4,7,21
model,50,17,9,12,1,-0.2500,0.3750,0.6250,0.5000,3,1,13,13,9.0,8.702,3,4,1,1,21
real,50,9,13,13,0,-0.1250,0.6250,0.7500,0.3750,6,1,9,9,9.0,5.660,3,3,0,3,26
model,50,9,13,13,0,-0.2500,0.6250,0.2500,0.7500,1,1,50,50,26.0,26.000,7,4,8,7,26
real,50,12,10,12,0,-0.1250,0.8750,0.2500,0.3750,1,1,50,50,22.0,22.000,9,3,4,6,22
model,50,12,10,12,0,0.6250,0.6250,0.2500,0.1250,6,1,22,22,7.0,4.894,1,5,1,0,22
real,50,17,10,13,0,-0.3750,0.2500,0.3750,-0.1250,3,1,39,39,15.0,15.660,1,4,4,6,23
model,50,17,10,13,0,-0.2500,0.7500,0.7500,0.2500,3,1,45,45,17.0,17.149,6,2,5,4,23
real,50,18,11,11,0,0.1250,0.5000,0.3750,0.5000,3,1,26,26,6.0,8.894,1,2,2,1,22
model,50,18,11,11,0,0.0000,0.7500,0.5000,0.3750,3,0,5,40,15.0,14.872,2,3,5,5,22
real,50,23,6,12,0,0.5000,0.6250,0.2500,0.2500,3,1,29,29,6.0,6.957,2,2,2,0,18
model,50,23,6,12,0,0.1250,0.7500,0.1250,-0.1250,4,0,28,5,7.0,7.894,2,4,0,1,18
real,50,18,10,10,0,-0.2500,0.3750,0.5000,0.5000,3,0,27,20,8.0,9.106,2,3,2,1,20
model,50,18,10,10,0,-0.1250,0.6250,0.6250,0.7500,2,1,44,44,18.0,15.915,6,3,4,5,20
real,50,23,9,13,0,-0.1250,1.0000,0.8750,0.5000,6,0,28,2,8.0,8.383,2,3,1,2,22
model,50,23,9,13,0,-0.2500,0.5000,0.0000,0.0000,3,1,13,13,11.0,11.638,3,0,3,5,22
real,50,17,13,15,0,-0.1250,0.7500,0.5000,0.5000,5,1,9,9,13.0,11.553,3,2,6,2,28
model,50,17,13,15,0,0.6250,0.8750,0.7500,0.8750,3,1,46,46,24.0,22.936,4,7,7,6,28
real,50,17,14,16,0,-0.5000,0.5000,0.6250,0.2500,5,1,33,33,14.0,13.553,3,2,7,2,30
model,50,17,14,16,0,-0.1250,0.8750,0.7500,0.1250,1,1,50,50,30.0,30.000,8,4,4,14,30
real,50,17,11,9,0,-0.1250,0.7500,0.5000,0.3750,3,0,14,11,7.0,8.553,1,3,1,2,20
model,50,17,11,9,0,1.0000,1.0000,1.0000,1.0000,3,1,17,17,7.0,8.660,4,0,2,1,20
real,50,14,13,11,1,-0.2500,0.3750,0.3750,0.5000,5,0,30,4,10.0,12.383,2,4,2,2,24
model,50,14,13,11,1,0.0000,0.6250,0.5000,-0.2500,4,0,42,4,17.0,17.979,3,4,7,3,24
real,50,14,10,11,0,0.3750,0.5000,0.1250,0.2500,1,1,50,50,21.0,21.000,6,6,4,5,21
model,50,14,10,11,0,1.0000,1.0000,1.0000,1.0000,3,1,38,38,11.0,12.383,3,3,2,3,21
real,50,6,10,13,0,0.0000,0.5000,0.1250,0.2500,4,1,37,37,10.0,12.723,0,5,3,2,23
model,50,6,10,13,0,0.0000,0.6250,0.0000,0.2500,4,0,21,23,8.0,8.596,5,1,2,0,23
real,50,15,13,13,0,0.1250,0.5000,0.3750,0.2500,3,0,4,44,20.0,21.532,4,4,5,7,26
model,50,15,13,13,0,-0.2500,0.3750,0.7500,0.2500,5,1,15,15,5.0,5.681,0,1,2,2,26
real,50,7,12,15,0,-0.2500,0.6250,0.0000,0.2500,5,0,10,2,6.0,7.404,2,1,1,2,27
model,50,7,12,15,0,-0.1250,0.7500,0.3750,-0.2500,3,1,38,38,15.0,17.106,4,2,6,3,27
real,50,50,13,9,0,-0.1250,0.6250,0.8750,-0.1250,2,0,4,46,18.0,18.809,4,3,5,6,22
model,50,50,13,9,0,-0.1250,0.7500,0.5000,0.3750,6,0,3,8,5.0,5.511,0,2,1,2,22
real,50,50,13,11,0,0.2500,0.3750,0.5000,0.2500,3,1,42,42,17.0,16.213,5,3,3,6,24
model,50,50,13,11,0,0.0000,0.2500,0.7500,0.6250,4,1,36,36,16.0,14.468,3,5,4,4,24
real,50,50,14,12,0,0.5000,1.0000,0.3750,0.5000,3,0,5,40,19.0,18.830,1,5,6,7,26
model,50,50,14,12,0,0.0000,0.6250,0.8750,0.3750,5,0,14,2,5.0,5.489,3,0,2,0,26
real,50,50,9,12,0,0.5000,0.6250,0.6250,-0.2500,2,1,38,38,14.0,13.596,0,4,6,4,21
model,50,50,9,12,0,0.2500,1.0000,0.6250,0.5000,2,1,48,48,20.0,19.170,6,8,4,2,21
real,50,17,12,13,0,0.3750,0.7500,0.0000,0.5000,2,1,47,47,21.0,23.404,4,8,3,6,25
model,50,17,12,13,0,0.0000,0.5000,0.2500,0.1250,1,1,50,50,25.0,25.000,7,5,7,6,25
real,50,17,13,14,0,-0.1250,0.6250,0.3750,0.2500,1,1,50,50,27.0,27.000,6,6,11,4,27
model,50,17,13,14,0,0.1250,0.6250,0.6250,0.3750,5,0,11,7,5.0,5.596,0,2,1,2,27
real,50,27,12,12,0,-0.1250,0.5000,0.1250,0.2500,4,1,30,30,10.0,10.660,2,0,5,3,24
model,50,27,12,12,0,-0.2500,0.5000,0.5000,0.6250,5,1,23,23,11.0,8.340,2,3,4,2,24
real,50,27,9,12,0,-0.1250,0.5000,0.1250,0.1250,4,0,24,13,5.0,6.234,0,1,3,1,21
model,50,27,9,12,0,0.0000,0.7500,0.7500,0.1250,4,0,19,20,8.0,7.319,2,2,3,1,21
real,50,39,13,15,0,-0.1250,0.5000,0.6250,0.3750,4,1,32,32,11.0,14.787,3,4,2,2,28
model,50,39,13,15,0,0.2500,0.5000,0.7500,0.8750,1,1,50,50,28.0,28.000,6,6,7,9,28
real,50,39,13,14,0,0.0000,0.8750,0.5000,0.5000,6,0,22,2,6.0,5.213,0,1,1,4,27
model,50,39,13,14,0,0.0000,0.7500,0.2500,0.2500,3,1,40,40,19.0,16.383,3,8,3,5,27
real,50,39,15,14,0,0.1250,0.2500,0.2500,0.3750,4,0,22,7,8.0,9.149,3,0,4,1,29
model,50,39,15,14,0,0.2500,0.5000,0.7500,-0.1250,6,0,2,26,12.0,10.170,4,5,2,1,29
real,50,39,12,9,1,0.1250,0.7500,0.3750,0.6250,4,1,25,25,8.0,9.532,0,3,2,3,21
model,50,39,12,9,1,-0.5000,0.6250,-0.1250,-0.1250,4,1,21,21,5.0,6.383,1,2,1,1,21
real,50,13,10,11,1,-0.1250,0.8750,0.5000,0.2500,2,1,48,48,21.0,20.106,4,9,2,6,21
model,50,13,10,11,1,-0.2500,0.5000,0.2500,0.5000,2,1,38,38,10.0,12.064,5,1,1,3,21
real,50,14,12,8,1,0.0000,0.7500,0.1250,0.1250,6,0,5,32,7.0,8.660,1,3,2,1,20
model,50,14,12,8,1,0.5000,0.7500,0.5000,0.5000,2,0,43,7,18.0,15.915,1,7,6,4,20
real,50,13,12,13,0,0.1250,0.5000,0.6250,0.5000,4,0,7,22,7.0,7.255,1,0,5,1,25
model,50,13,12,13,0,-0.5000,0.5000,0.2500,-0.1250,2,1,36,36,13.0,13.723,2,4,3,4,25
real,50,14,12,9,0,0.0000,0.3750,0.6250,0.0000,2,1,46,46,18.0,16.660,3,7,7,1,21
model,50,14,12,9,0,0.2500,0.3750,0.3750,0.3750,4,1,37,37,8.0,10.660,2,4,1,1,21
real,50,39,12,12,0,0.3750,0.5000,0.2500,-0.1250,3,0,5,37,12.0,13.532,2,3,2,5,24
model,50,39,12,12,0,0.5000,0.7500,0.6250,0.5000,3,0,17,26,7.0,9.957,1,3,1,2,24
real,50,39,11,12,0,0.0000,0.6250,0.3750,0.0000,4,0,5,12,11.0,9.085,3,5,2,1,23
model,50,39,11,12,0,1.0000,1.0000,1.0000,1.0000,4,1,21,21,8.0,6.681,0,4,1,3,23
real,50,39,12,9,0,-0.2500,0.6250,0.6250,0.2500,3,0,9,38,11.0,13.617,1,2,5,3,21
model,50,39,12,9,0,0.2500,0.7500,0.2500,0.0000,1,1,50,50,21.0,21.000,5,7,5,4,21
real,50,39,9,13,0,0.0000,0.3750,0.3750,0.1250,2,0,25,25,13.0,10.766,5,2,3,3,22
model,50,39,9,13,0,0.0000,0.7500,0.5000,0.3750,2,1,46,46,20.0,20.128,4,7,5,4,22
real,50,29,8,10,0,0.1250,-0.2500,0.0000,0.1250,3,1,43,43,13.0,14.532,3,1,5,4,18
model,50,29,8,10,0,1.0000,1.0000,1.0000,1.0000,4,1,33,33,9.0,8.064,4,2,3,0,18
real,50,29,16,10,0,0.1250,0.3750,0.2500,0.5000,3,1,39,39,17.0,16.830,1,4,8,4,26
model,50,29,16,10,0,0.0000,0.3750,0.6250,0.5000,3,0,22,20,9.0,9.574,1,3,1,4,26
real,50,29,10,12,0,0.0000,0.7500,0.2500,0.2500,2,1,40,40,13.0,13.745,2,5,3,3,22
model,50,29,10,12,0,0.0000,0.6250,0.3750,0.2500,3,0,27,21,13.0,10.553,5,3,1,4,22
real,50,29,12,14,0,-0.3750,0.7500,0.5000,-0.1250,3,1,20,20,10.0,9.149,1,2,4,3,26
model,50,29,12,14,0,0.5000,0.2500,-0.1250,0.5000,3,0,27,21,14.0,12.043,3,5,3,3,26
real,50,32,15,12,0,0.3750,0.7500,0.5000,0.2500,4,0,11,33,12.0,14.234,1,4,3,4,27
model,50,32,15,12,0,0.2500,0.6250,0.2500,0.1250,6,0,4,34,12.0,12.043,1,2,3,6,27
real,50,13,12,11,0,0.0000,0.3750,0.5000,0.7500,1,1,50,50,23.0,23.000,4,8,9,2,23
model,50,13,12,11,0,0.6250,0.3750,0.2500,0.0000,4,0,9,34,14.0,12.149,4,7,1,2,23
real,50,32,10,14,0,0.3750,0.7500,0.6250,0.3750,4,0,12,20,6.0,7.511,0,3,1,2,24
model,50,32,10,14,0,0.2500,-0.1250,0.2500,0.7500,3,0,29,18,11.0,10.319,1,5,2,3,24
real,50,32,10,11,0,0.1250,0.2500,0.8750,0.3750,2,1,24,24,11.0,10.319,2,3,4,2,21
model,50,32,10,11,0,1.0000,1.0000,1.0000,1.0000,4,1,32,32,9.0,9.170,3,2,3,1,21
real,50,11,11,11,0,0.6250,0.6250,0.6250,0.6250,2,0,43,7,21.0,18.426,2,8,5,6,22
model,50,11,11,11,0,0.2500,0.2500,0.5000,0.0000,3,0,28,20,11.0,10.277,2,2,3,4,22
real,50,36,11,10,0,0.1250,0.3750,0.1250,0.2500,2,1,40,40,19.0,15.936,2,3,7,7,21
model,50,36,11,10,0,0.0000,0.8750,0.7500,0.3750,3,0,31,14,13.0,12.234,3,6,3,1,21
real,50,36,15,7,0,-0.1250,0.6250,0.5000,0.2500,4,1,39,39,13.0,12.660,3,5,1,4,22
model,50,36,15,7,0,-0.1250,1.0000,0.2500,0.3750,2,1,48,48,19.0,19.191,4,8,3,4,22
real,50,36,8,13,0,0.1250,0.6250,0.7500,0.5000,5,0,2,30,11.0,8.915,2,2,6,1,21
model,50,36,8,13,0,-0.5000,0.5000,0.3750,0.7500,4,0,34,6,9.0,9.532,0,4,3,2,21
real,50,41,9,9,0,0.3750,0.8750,0.8750,0.3750,3,0,15,22,5.0,5.787,2,2,1,0,18
model,50,41,9,9,0,0.3750,0.3750,0.2500,0.6250,3,0,10,14,7.0,6.745,0,4,3,0,18
real,50,41,11,12,1,0.0000,1.0000,0.6250,0.3750,4,1,43,43,17.0,17.936,3,3,6,5,23
model,50,41,11,12,1,0.0000,0.6250,0.6250,0.3750,5,0,31,5,5.0,8.319,2,1,0,2,23
real,50,41,12,11,0,0.2500,0.8750,0.1250,0.3750,4,1,17,17,6.0,7.064,1,2,3,0,23
model,50,41,12,11,0,0.2500,0.6250,0.6250,0.3750,4,0,17,5,11.0,9.851,3,0,5,3,23
real,50,41,7,11,0,0.1250,0.8750,0.3750,0.0000,4,0,10,28,8.0,7.532,2,2,3,1,18
model,50,41,7,11,0,0.2500,0.3750,0.6250,0.7500,2,1,46,46,16.0,15.617,4,2,6,4,18
real,50,48,13,13,0,-0.1250,0.6250,0.6250,0.2500,3,1,32,32,6.0,10.234,2,1,2,1,26
model,50,48,13,13,0,-0.1250,0.5000,0.2500,0.6250,3,0,19,24,12.0,9.277,1,6,4,1,26
real,50,48,11,9,1,0.1250,0.6250,0.2500,0.2500,4,0,3,42,16.0,16.213,6,2,4,4,20
model,50,48,11,9,1,-0.1250,0.2500,0.5000,0.1250,2,1,47,47,19.0,17.830,3,2,8,6,20
real,50,48,11,15,0,0.1250,0.7500,0.5000,0.0000,4,1,32,32,14.0,11.851,1,6,4,3,26
model,50,48,11,15,0,0.0000,0.8750,0.5000,0.5000,4,1,41,41,15.0,16.426,1,4,3,7,26
real,50,48,11,10,0,-0.2500,0.6250,0.0000,0.6250,5,0,16,21,6.0,5.234,0,4,1,1,21
model,50,48,11,10,0,0.8750,0.8750,0.5000,1.0000,7,0,27,4,13.0,7.851,4,4,3,2,21
real,50,23,10,12,1,-0.5000,0.8750,0.8750,0.3750,5,1,32,32,7.0,10.298,3,0,1,3,22
model,50,23,10,12,1,0.2500,0.2500,0.6250,0.6250,4,0,33,6,11.0,10.596,6,3,0,2,22
real,50,15,13,14,0,0.1250,0.8750,0.7500,0.0000,2,0,47,3,23.0,23.979,9,6,3,5,27
model,50,15,13,14,0,0.2500,0.6250,0.6250,0.2500,4,0,23,21,14.0,9.979,2,4,2,6,27
real,50,23,10,10,0,-0.1250,0.6250,-0.1250,0.2500,3,0,40,8,12.0,11.191,5,2,2,3,20
model,50,23,10,10,0,-0.3750,0.1250,0.3750,0.5000,4,1,38,38,13.0,13.574,3,2,4,4,20
real,50,15,11,14,1,-0.3750,0.2500,0.7500,0.0000,5,1,37,37,15.0,14.851,1,5,8,1,25
model,50,15,11,14,1,1.0000,1.0000,1.0000,1.0000,4,1,37,37,12.0,13.723,3,2,3,4,25
real,50,24,10,14,0,0.2500,0.3750,0.5000,0.3750,4,0,10,21,5.0,6.766,0,3,0,2,24
model,50,24,10,14,0,1.0000,1.0000,1.0000,1.0000,4,1,7,7,19.0,15.383,6,3,6,4,24
real,50,16,13,11,0,-0.1250,0.7500,0.5000,0.1250,4,1,34,34,11.0,11.915,3,3,3,2,24
model,50,16,13,11,0,-0.5000,0.8750,0.2500,0.5000,2,1,37,37,13.0,15.021,6,0,3,4,24
real,50,24,12,11,1,0.2500,0.5000,0.3750,0.0000,4,1,34,34,10.0,11.170,4,1,3,2,23
model,50,24,12,11,1,1.0000,1.0000,1.0000,1.0000,4,1,24,24,6.0,7.000,0,2,3,1,23
real,50,16,12,12,0,0.1250,0.5000,0.3750,-0.2500,4,1,29,29,6.0,9.447,3,1,2,0,24
model,50,16,12,12,0,0.0000,0.8750,1.0000,0.6250,7,0,10,5,2.0,3.787,0,1,0,1,24
real,50,36,10,13,0,0.0000,0.5000,0.7500,0.6250,1,1,50,50,23.0,23.000,4,9,3,7,23
model,50,36,10,13,0,-0.3750,0.6250,0.3750,-0.1250,2,1,46,46,19.0,20.191,6,2,5,6,23
real,50,36,8,12,0,1.0000,1.0000,1.0000,1.0000,6,0,7,3,3.0,5.660,1,0,2,0,20
model,50,36,8,12,0,-0.2500,0.8750,0.0000,0.2500,3,1,30,30,10.0,8.681,0,5,2,3,20
real,50,10,11,12,1,0.1250,0.5000,0.2500,0.1250,2,1,48,48,23.0,22.021,4,9,5,5,23
model,50,10,11,12,1,1.0000,1.0000,1.0000,1.0000,4,1,3,3,5.0,7.404,2,2,1,0,23
real,50,36,10,8,0,-0.2500,0.8750,1.0000,0.6250,4,0,38,5,11.0,9.553,1,1,4,5,18
model,50,36,10,8,0,-0.1250,0.7500,0.5000,0.3750,2,1,27,27,9.0,8.936,2,0,3,4,18
real,50,18,13,12,0,0.5000,0.6250,0.6250,0.1250,2,1,40,40,18.0,19.085,8,4,4,2,25
model,50,18,13,12,0,0.0000,0.5000,0.8750,0.7500,7,0,25,6,7.0,5.936,2,0,2,3,25
real,50,18,9,10,0,-0.2500,1.0000,0.3750,0.5000,3,0,17,25,8.0,7.255,2,2,2,2,19
model,50,18,9,10,0,0.2500,0.6250,0.5000,0.8750,4,0,31,15,5.0,8.745,1,3,0,1,19
real,50,18,13,9,0,0.0000,0.5000,0.6250,0.3750,6,0,6,18,6.0,4.851,2,2,1,1,22
model,50,18,13,9,0,0.1250,0.2500,0.5000,0.5000,3,0,41,6,14.0,16.021,6,2,5,1,22
real,50,18,11,12,0,0.0000,0.8750,0.7500,0.1250,3,0,22,25,8.0,10.553,3,2,1,2,23
model,50,18,11,12,0,0.1250,0.6250,0.5000,0.5000,3,1,43,43,20.0,17.979,4,3,6,7,23
real,50,34,14,11,0,0.2500,0.6250,0.1250,0.7500,3,0,15,29,10.0,10.234,4,0,1,5,25
model,50,34,14,11,0,0.0000,1.0000,0.7500,0.5000,5,0,27,13,7.0,10.255,2,2,2,1,25
real,50,34,13,13,0,0.6250,0.6250,0.6250,0.0000,2,1,8,8,20.0,21.915,8,4,3,5,26
model,50,34,13,13,0,-0.1250,0.6250,0.5000,-0.2500,3,0,6,27,9.0,10.064,0,4,3,2,26
real,50,34,13,13,0,0.0000,0.2500,0.5000,0.6250,4,1,44,44,18.0,18.426,4,6,1,7,26
model,50,34,13,13,0,0.0000,0.6250,0.5000,0.7500,5,0,11,9,5.0,6.532,1,1,0,3,26
real,50,34,13,13,0,0.3750,0.7500,0.5000,0.3750,2,1,44,44,17.0,18.851,4,4,4,5,26
model,50,34,13,13,0,0.1250,0.5000,0.5000,0.5000,3,0,15,10,8.0,9.957,1,2,3,2,26
real,50,15,11,9,0,0.5000,0.7500,0.5000,0.5000,5,0,6,20,5.0,4.936,3,0,1,1,20
model,50,15,11,9,0,1.0000,1.0000,1.0000,1.0000,4,0,12,2,13.0,11.255,3,4,3,3,20
real,50,26,10,9,0,0.2500,1.0000,0.5000,0.6250,5,0,40,3,12.0,14.574,5,1,3,3,19
model,50,26,10,9,0,1.0000,1.0000,1.0000,1.0000,5,1,18,18,6.0,5.128,3,0,3,0,19
real,50,26,11,13,0,-0.3750,0.6250,0.1250,0.2500,4,1,33,33,12.0,11.787,3,5,3,1,24
model,50,26,11,13,0,1.0000,1.0000,1.0000,1.0000,4,1,34,34,12.0,11.319,1,3,4,4,24
real,50,26,12,10,0,0.5000,0.6250,0.3750,0.5000,4,1,37,37,11.0,10.723,4,2,1,4,22
model,50,26,12,10,0,0.0000,0.3750,0.5000,0.0000,1,1,50,50,22.0,22.000,9,7,1,5,22
real,50,31,13,14,0,-0.2500,0.5000,0.0000,0.1250,2,1,44,44,22.0,22.021,7,7,6,2,27
model,50,31,13,14,0,0.5000,0.1250,0.5000,0.5000,1,1,50,50,27.0,27.000,6,11,5,5,27
real,50,31,13,12,0,0.1250,0.7500,0.1250,0.1250,3,1,42,42,18.0,17.723,3,2,6,7,25
model,50,31,13,12,0,-0.1250,0.5000,-0.1250,-0.1250,3,1,41,41,17.0,16.596,5,4,5,3,25
real,50,31,9,13,0,0.2500,0.6250,0.5000,0.7500,5,0,6,14,7.0,5.298,3,1,3,0,22
model,50,31,9,13,0,0.0000,0.3750,0.5000,0.5000,4,1,27,27,7.0,8.617,0,1,6,0,22
real,50,31,13,12,0,-0.2500,0.0000,0.3750,0.2500,1,1,50,50,25.0,25.000,5,3,7,10,25
model,50,31,13,12,0,0.5000,0.8750,0.8750,1.0000,3,1,20,20,9.0,11.255,2,3,2,2,25
real,50,33,8,11,0,-0.2500,0.7500,0.3750,0.2500,3,0,17,27,6.0,8.617,2,1,2,1,19
model,50,33,8,11,0,0.0000,0.7500,0.1250,0.0000,4,0,31,14,11.0,10.277,3,2,5,1,19
real,50,33,14,14,0,-0.1250,0.7500,0.0000,0.1250,4,1,12,12,9.0,10.489,1,4,1,3,28
model,50,33,14,14,0,1.0000,1.0000,1.0000,1.0000,5,1,4,4,18.0,18.596,3,6,5,4,28
real,50,33,11,13,0,-0.2500,0.6250,0.5000,-0.1250,3,1,19,19,11.0,11.106,3,2,3,3,24
model,50,33,11,13,0,0.2500,0.5000,0.8750,0.1250,5,1,21,21,6.0,7.532,0,1,2,3,24
real,50,33,11,11,0,-0.2500,0.5000,0.6250,-0.2500,2,1,47,47,19.0,17.915,3,7,6,3,22
model,50,33,11,11,0,1.0000,1.0000,1.0000,1.0000,6,0,2,4,8.0,6.085,0,2,5,1,22
real,50,10,10,13,0,-0.3750,0.6250,0.3750,0.2500,5,0,3,28,8.0,9.128,4,2,2,0,23
model,50,10,10,13,0,0.7500,0.6250,0.5000,0.6250,4,0,2,32,12.0,10.638,3,1,4,4,23
real,50,26,11,12,0,-0.5000,0.6250,0.3750,0.1250,2,0,6,44,18.0,18.936,2,4,6,6,23
model,50,26,11,12,0,0.2500,0.6250,0.0000,0.3750,3,0,39,8,15.0,13.809,2,8,3,2,23
real,50,26,10,11,0,-0.2500,0.5000,0.7500,0.3750,1,1,50,50,21.0,21.000,6,5,6,4,21
model,50,26,10,11,0,-0.2500,0.7500,0.2500,0.2500,3,1,45,45,17.0,17.894,6,3,3,5,21
real,50,10,10,12,1,0.1250,0.7500,0.7500,0.7500,4,1,25,25,6.0,7.936,0,2,1,3,22
model,50,10,10,12,1,0.0000,0.3750,0.6250,-0.1250,2,1,34,34,11.0,10.085,2,3,2,4,22
real,50,30,9,11,0,0.3750,0.8750,0.5000,0.3750,4,1,14,14,6.0,6.511,3,1,2,0,20
model,50,30,9,11,0,-0.3750,0.6250,0.3750,0.3750,1,1,50,50,20.0,20.000,6,4,5,5,20
real,50,30,13,14,0,0.2500,0.8750,0.3750,0.2500,6,0,13,10,4.0,4.362,0,0,2,2,27
model,50,30,13,14,0,-0.2500,1.0000,0.7500,0.6250,5,0,28,2,11.0,11.447,3,2,2,4,27
real,50,30,15,14,0,0.3750,0.3750,0.1250,0.3750,5,0,28,2,16.0,12.085,1,5,5,5,29
model,50,30,15,14,0,0.3750,0.2500,0.2500,0.3750,4,0,11,18,7.0,7.872,1,3,1,2,29
real,50,30,14,11,1,0.0000,0.7500,0.1250,0.3750,3,1,34,34,16.0,13.043,2,5,3,6,25
model,50,30,14,11,1,0.0000,0.5000,0.3750,0.2500,4,1,17,17,10.0,8.000,4,2,2,2,25
real,50,17,11,11,0,0.0000,1.0000,0.0000,0.5000,3,0,43,4,15.0,17.532,3,4,5,3,22
model,50,17,11,11,0,0.2500,0.6250,0.2500,0.3750,4,0,20,3,6.0,7.319,2,1,2,1,22
real,50,24,13,13,0,0.0000,0.2500,0.6250,0.3750,5,0,16,16,6.0,6.191,1,3,2,0,26
model,50,24,13,13,0,-0.2500,0.6250,0.6250,0.6250,3,1,43,43,19.0,18.149,6,2,5,6,26
real,50,24,11,11,1,-0.1250,0.7500,0.1250,0.2500,6,0,6,20,4.0,4.936,1,2,0,1,22
model,50,24,11,11,1,-0.3750,0.6250,0.1250,-0.2500,3,1,38,38,14.0,13.511,3,4,4,3,22
real,50,24,13,11,0,0.0000,0.5000,0.3750,0.0000,6,0,6,20,5.0,6.064,0,2,1,2,24
model,50,24,13,11,0,0.2500,0.7500,0.5000,0.0000,6,0,17,7,5.0,4.787,3,2,0,0,24
real,50,46,13,11,0,0.1250,0.6250,0.1250,0.5000,4,1,40,40,14.0,15.979,4,3,5,2,24
model,50,46,13,11,0,0.0000,0.2500,0.0000,0.2500,3,0,17,25,12.0,9.362,1,4,1,6,24
real,50,46,10,10,0,0.2500,0.7500,0.8750,0.2500,4,1,12,12,11.0,6.745,2,3,2,4,20
model,50,46,10,10,0,0.6250,1.0000,1.0000,0.5000,4,1,24,24,13.0,7.809,3,3,5,2,20
real,50,46,11,11,0,0.2500,0.7500,0.3750,0.0000,2,1,48,48,21.0,20.128,9,5,4,3,22
model,50,46,11,11,0,0.3750,0.5000,0.6250,0.3750,2,1,41,41,16.0,17.149,2,7,2,5,22
real,50,46,13,12,0,0.0000,0.5000,0.7500,0.6250,6,0,5,6,8.0,5.617,2,0,6,0,25
model,50,46,13,12,0,-0.5000,0.5000,0.7500,0.2500,3,0,9,9,16.0,12.915,8,4,4,0,25
real,50,20,11,10,1,0.0000,1.0000,0.6250,0.3750,4,1,12,12,10.0,9.021,1,4,0,5,21
model,50,20,11,10,1,0.2500,0.7500,0.6250,0.5000,5,0,23,8,7.0,6.340,1,1,2,3,21
real,50,20,10,10,0,0.3750,0.3750,0.5000,0.2500,3,0,26,5,8.0,8.170,1,4,1,2,20
model,50,20,10,10,0,0.0000,0.7500,0.3750,0.5000,3,0,35,10,13.0,11.830,4,1,3,5,20
real,50,8,10,10,0,-0.2500,0.7500,1.0000,0.0000,3,1,43,43,15.0,13.064,0,9,4,2,20
model,50,8,10,10,0,0.1250,0.6250,0.3750,0.6250,3,1,29,29,8.0,8.511,0,3,3,2,20
real,50,20,15,10,0,0.0000,0.7500,0.0000,0.1250,1,1,50,50,25.0,25.000,11,5,4,5,25
model,50,20,15,10,0,0.1250,0.7500,0.3750,0.2500,4,1,12,12,5.0,7.298,4,0,0,1,25
real,50,37,13,10,0,-0.1250,0.2500,0.3750,0.1250,5,0,12,24,10.0,8.851,1,3,3,3,23
model,50,37,13,10,0,0.7500,1.0000,0.3750,0.3750,5,0,27,6,5.0,7.660,1,0,2,2,23
real,50,37,13,8,0,0.1250,0.6250,0.3750,0.1250,5,0,22,7,6.0,6.681,0,2,0,4,21
model,50,37,13,8,0,0.0000,0.3750,0.1250,0.1250,5,0,15,22,5.0,6.277,1,1,1,2,21
real,50,37,12,12,0,0.0000,0.2500,0.3750,0.3750,3,0,10,34,9.0,11.553,2,3,3,1,24
model,50,37,12,12,0,0.0000,0.6250,0.0000,0.7500,5,0,9,34,12.0,11.617,3,2,3,4,24
real,50,37,12,13,0,-0.5000,0.7500,0.5000,0.1250,2,0,18,32,12.0,13.277,3,4,3,2,25
model,50,37,12,13,0,0.2500,0.2500,0.2500,-0.2500,5,1,23,23,6.0,7.489,0,2,2,2,25
real,50,46,13,10,0,-0.2500,0.6250,0.1250,-0.1250,4,1,14,14,8.0,8.894,3,3,1,1,23
model,50,46,13,10,0,-0.3750,0.6250,0.2500,0.2500,2,0,25,25,10.0,11.255,4,4,2,0,23
real,50,46,12,10,0,0.1250,0.3750,0.3750,0.1250,2,1,47,47,19.0,19.702,8,4,4,3,22
model,50,46,12,10,0,0.1250,0.1250,0.3750,-0.1250,4,0,28,11,11.0,9.936,1,5,3,2,22
real,50,46,13,12,0,0.3750,0.1250,0.6250,0.5000,4,1,20,20,7.0,8.723,3,2,1,1,25
model,50,46,13,12,0,0.1250,0.7500,-0.1250,0.3750,2,1,33,33,14.0,12.383,5,3,2,4,25
real,50,46,13,10,0,0.5000,0.5000,0.5000,0.8750,2,1,45,45,18.0,18.128,6,4,4,4,23
model,50,46,13,10,0,0.3750,0.5000,0.2500,0.6250,5,0,21,18,4.0,6.936,0,0,3,1,23
real,50,42,11,10,0,0.2500,0.3750,0.0000,0.1250,4,1,29,29,4.0,7.447,1,3,0,0,21
model,50,42,11,10,0,0.0000,0.5000,0.7500,0.2500,3,0,36,12,10.0,12.957,3,2,4,1,21
real,50,42,7,9,0,-0.2500,0.6250,0.2500,0.3750,3,1,44,44,10.0,13.957,1,2,4,3,16
model,50,42,7,9,0,1.0000,1.0000,1.0000,1.0000,2,1,42,42,11.0,11.234,0,4,4,3,16
real,50,42,12,11,0,0.0000,0.6250,0.2500,0.5000,2,1,39,39,15.0,14.851,2,4,7,2,23
model,50,42,12,11,0,0.3750,0.8750,0.3750,0.3750,3,1,46,46,19.0,20.149,5,5,5,4,23
real,50,42,12,11,0,0.6250,0.7500,1.0000,0.7500,3,1,36,36,12.0,12.383,5,2,1,4,23
model,50,42,12,11,0,0.1250,1.0000,0.5000,0.5000,3,1,34,34,10.0,9.553,3,2,3,2,23
real,50,19,10,6,0,0.1250,0.6250,0.7500,0.5000,4,1,37,37,10.0,10.894,4,4,2,0,16
model,50,19,10,6,0,0.1250,0.6250,0.5000,-0.1250,4,0,22,14,2.0,5.021,1,0,0,1,16
real,50,31,7,12,0,-0.7500,0.7500,-0.1250,0.3750,2,0,19,31,14.0,10.447,2,5,4,3,19
model,50,31,7,12,0,0.1250,0.6250,0.3750,0.2500,4,0,24,4,5.0,7.532,2,1,1,1,19
real,50,31,11,17,0,0.3750,0.8750,0.2500,0.1250,4,0,6,4,12.0,11.617,3,5,2,2,28
model,50,31,11,17,0,-0.2500,0.5000,0.6250,0.1250,3,1,45,45,25.0,23.298,9,3,7,6,28
real,50,31,12,11,1,-0.2500,0.1250,0.3750,0.1250,2,1,48,48,23.0,22.021,1,7,6,9,23
model,50,31,12,11,1,-0.2500,0.8750,0.6250,0.0000,5,0,19,12,4.0,6.362,1,1,1,1,23
real,50,19,13,8,0,-0.1250,0.2500,0.3750,0.1250,2,0,23,27,13.0,10.404,1,2,6,4,21
model,50,19,13,8,0,0.1250,0.7500,0.5000,0.3750,5,1,11,11,6.0,5.319,2,2,1,1,21
real,50,19,12,10,0,0.1250,0.3750,0.6250,0.1250,2,0,36,14,12.0,10.766,2,0,6,4,22
model,50,19,12,10,0,0.2500,0.6250,0.5000,0.2500,5,0,30,10,15.0,9.617,6,4,4,1,22
real,50,19,15,9,1,0.1250,0.5000,-0.1250,0.3750,4,0,12,34,11.0,10.532,1,6,2,2,24
model,50,19,15,9,1,0.0000,0.5000,0.2500,0.1250,1,1,50,50,24.0,24.000,6,6,9,3,24
real,50,23,10,11,0,0.0000,0.8750,0.6250,0.7500,2,0,42,8,16.0,16.426,4,4,6,2,21
model,50,23,10,11,0,0.1250,0.6250,0.6250,0.5000,6,0,17,18,10.0,5.234,1,2,4,3,21
real,50,15,7,14,0,0.2500,0.1250,0.7500,0.0000,3,1,32,32,8.0,10.277,3,0,4,1,21
model,50,15,7,14,0,-0.1250,0.7500,0.5000,0.6250,3,0,4,21,9.0,9.766,3,4,0,2,21
real,50,27,13,10,0,0.7500,0.5000,0.8750,0.6250,4,0,27,2,11.0,9.894,2,4,3,2,23
model,50,27,13,10,0,0.5000,0.7500,0.7500,0.3750,2,1,27,27,14.0,11.234,3,3,4,4,23
real,50,15,11,15,0,0.1250,0.8750,0.7500,0.6250,6,0,2,3,11.0,11.106,4,2,3,2,26
model,50,15,11,15,0,-0.2500,0.7500,0.5000,0.2500,4,0,22,22,10.0,9.936,3,1,5,1,26
real,50,27,11,13,0,0.5000,1.0000,0.5000,0.5000,2,1,39,39,16.0,16.723,4,5,3,4,24
model,50,27,11,13,0,0.1250,0.6250,0.3750,0.3750,3,0,27,19,8.0,9.021,3,2,2,1,24
real,50,42,12,10,0,0.2500,0.5000,0.3750,0.5000,3,0,13,34,9.0,11.851,4,2,2,1,22
model,50,42,12,10,0,0.1250,0.8750,0.3750,0.5000,5,1,36,36,13.0,11.574,3,0,5,5,22
real,50,42,9,12,0,0.5000,0.8750,0.6250,0.7500,5,1,18,18,4.0,4.723,0,1,2,1,21
model,50,42,9,12,0,-0.3750,0.2500,0.5000,0.0000,3,1,38,38,14.0,14.362,4,3,4,3,21
real,50,42,12,14,0,0.2500,0.6250,0.1250,0.6250,3,1,46,46,22.0,22.000,7,5,8,2,26
model,50,42,12,14,0,0.1250,0.7500,0.7500,0.6250,3,1,19,19,7.0,9.745,4,2,0,1,26
real,50,42,12,10,0,0.2500,0.6250,0.5000,0.3750,4,0,13,19,6.0,5.149,0,3,2,1,22
model,50,42,12,10,0,0.0000,0.3750,-0.1250,0.2500,3,1,40,40,14.0,13.149,1,3,8,2,22
real,50,41,12,12,0,-0.2500,0.2500,0.8750,0.6250,5,0,7,16,3.0,4.957,1,1,1,0,24
model,50,41,12,12,0,0.6250,0.8750,0.7500,0.6250,3,1,45,45,21.0,20.574,7,6,5,3,24
real,50,41,9,7,1,-0.1250,0.1250,0.5000,0.6250,4,1,36,36,7.0,9.021,3,1,2,1,16
model,50,41,9,7,1,0.1250,0.2500,0.2500,0.3750,5,0,6,27,5.0,5.106,0,1,2,2,16
real,50,41,9,13,0,0.0000,0.2500,0.2500,-0.2500,5,1,37,37,11.0,11.851,2,5,1,3,22
model,50,41,9,13,0,0.3750,0.7500,0.2500,0.6250,2,1,41,41,17.0,15.234,3,7,4,3,22
real,50,41,10,10,0,0.6250,0.5000,0.6250,0.3750,1,1,50,50,20.0,20.000,4,6,5,5,20
model,50,41,10,10,0,0.5000,0.8750,0.5000,0.6250,2,1,47,47,17.0,16.936,8,2,2,5,20
real,50,36,10,13,0,0.3750,0.5000,0.5000,0.7500,3,1,29,29,8.0,9.149,3,2,0,3,23
model,50,36,10,13,0,-0.1250,0.2500,0.0000,0.1250,4,0,17,7,6.0,8.277,0,3,0,3,23
real,50,36,10,13,0,1.0000,1.0000,1.0000,1.0000,1,1,50,50,23.0,23.000,7,4,6,6,23
model,50,36,10,13,0,0.3750,0.8750,0.1250,0.1250,5,1,21,21,7.0,5.404,1,3,2,1,23
real,50,36,12,9,0,0.1250,0.3750,0.5000,-0.1250,3,0,9,39,11.0,11.936,5,3,0,3,21
model,50,36,12,9,0,0.1250,0.1250,0.3750,0.1250,2,1,36,36,11.0,11.340,2,2,5,2,21
real,50,36,12,9,0,0.1250,0.6250,0.8750,0.2500,2,1,44,44,16.0,16.787,4,5,5,2,21
model,50,36,12,9,0,0.5000,0.3750,0.5000,0.3750,3,1,26,26,9.0,9.000,2,4,2,1,21
real,50,41,14,11,0,-0.3750,0.2500,0.3750,0.5000,3,0,9,30,9.0,10.681,3,2,0,4,25
model,50,41,14,11,0,0.1250,0.6250,0.5000,0.1250,1,1,50,50,25.0,25.000,6,4,7,8,25
real,50,41,10,14,0,0.2500,0.6250,0.0000,0.3750,2,1,44,44,17.0,16.340,4,9,2,2,24
model,50,41,10,14,0,-0.1250,0.5000,0.3750,0.3750,6,1,32,32,10.0,9.468,0,4,5,1,24
real,50,41,11,11,0,0.3750,0.5000,0.3750,0.5000,3,1,31,31,13.0,11.170,4,4,3,2,22
model,50,41,11,11,0,-0.1250,0.2500,0.2500,-0.1250,3,0,10,31,8.0,8.213,1,3,1,3,22
real,50,41,14,8,0,0.0000,1.0000,0.6250,0.0000,4,0,30,16,9.0,9.298,4,3,1,1,22
model,50,41,14,8,0,0.0000,0.6250,0.1250,0.6250,2,1,37,37,13.0,13.574,3,3,4,3,22
real,50,32,15,14,0,0.3750,0.7500,0.6250,0.5000,2,1,47,47,28.0,27.149,4,8,8,8,29
model,50,32,15,14,0,0.0000,0.6250,0.3750,0.3750,1,1,50,50,29.0,29.000,6,11,7,5,29
real,50,32,11,16,0,0.0000,0.2500,0.3750,0.5000,4,1,33,33,8.0,9.277,4,2,1,1,27
model,50,32,11,16,0,0.5000,0.5000,1.0000,0.7500,4,0,4,34,11.0,14.468,2,2,2,5,27
real,50,32,10,9,0,-0.3750,0.8750,0.2500,0.5000,3,0,6,41,14.0,13.489,3,4,3,4,19
model,50,32,10,9,0,0.0000,0.5000,0.7500,0.1250,3,0,15,29,9.0,7.851,1,2,2,4,19
real,50,32,9,11,0,0.2500,0.6250,0.8750,0.2500,4,0,34,9,10.0,10.043,1,1,5,3,20
model,50,32,9,11,0,0.1250,0.5000,0.3750,0.3750,2,1,34,34,12.0,11.489,3,3,2,4,20
real,50,31,14,10,0,-0.1250,0.3750,0.3750,0.1250,4,1,33,33,11.0,13.085,1,3,6,1,24
model,50,31,14,10,0,0.1250,0.7500,0.2500,0.3750,4,0,12,32,14.0,10.553,1,5,5,3,24
real,50,31,12,11,0,0.2500,0.7500,0.6250,0.0000,2,1,38,38,15.0,14.574,3,5,5,2,23
model,50,31,12,11,0,1.0000,1.0000,1.0000,1.0000,3,0,45,2,19.0,20.170,6,2,7,4,23
real,50,31,11,8,0,1.0000,1.0000,1.0000,1.0000,7,0,3,18,2.0,4.298,0,0,1,1,19
model,50,31,11,8,0,0.0000,0.5000,0.3750,0.5000,4,0,8,30,7.0,7.660,1,0,3,3,19
real,50,10,10,8,1,0.5000,1.0000,0.7500,0.7500,6,1,18,18,2.0,3.340,0,1,1,0,18
model,50,10,10,8,1,0.1250,0.6250,0.0000,0.0000,5,1,33,33,9.0,8.064,3,4,1,1,18
real,50,30,10,10,0,0.3750,0.2500,0.3750,-0.1250,2,1,41,41,12.0,15.532,5,1,3,3,20
model,50,30,10,10,0,1.0000,1.0000,1.0000,1.0000,7,0,3,2,3.0,4.298,0,0,2,1,20
real,50,30,8,12,0,-0.1250,0.8750,0.7500,0.3750,5,0,31,13,4.0,6.468,1,1,1,1,20
model,50,30,8,12,0,0.3750,0.5000,0.5000,0.2500,2,1,48,48,17.0,17.277,1,7,5,4,20
real,50,7,11,13,0,-0.2500,0.8750,0.6250,0.3750,3,0,41,5,13.0,13.787,2,3,4,4,24
model,50,7,11,13,0,0.3750,0.7500,0.3750,0.3750,3,0,26,22,10.0,10.191,1,3,4,2,24
real,50,30,13,12,0,-0.3750,0.7500,0.3750,0.5000,3,0,13,29,9.0,11.043,3,3,1,2,25
model,50,30,13,12,0,1.0000,1.0000,1.0000,1.0000,3,1,28,28,12.0,12.021,1,3,3,5,25
real,50,10,11,13,0,1.0000,1.0000,1.0000,1.0000,7,0,6,4,4.0,4.681,1,2,1,0,24
model,50,10,11,13,0,1.0000,1.0000,1.0000,1.0000,2,1,47,47,21.0,22.468,6,4,6,5,24
real,50,10,13,11,0,0.0000,0.6250,0.5000,0.5000,1,1,50,50,24.0,24.000,7,5,7,5,24
model,50,10,13,11,0,0.2500,0.6250,0.0000,0.2500,3,0,24,20,6.0,8.489,3,1,1,1,24
real,50,28,12,11,0,0.1250,0.6250,0.2500,0.5000,6,0,15,17,5.0,5.638,1,1,1,2,23
model,50,28,12,11,0,0.5000,0.6250,0.7500,0.7500,2,1,42,42,13.0,15.681,7,2,4,0,23
real,50,28,7,11,0,0.1250,0.3750,0.5000,0.0000,2,1,46,46,14.0,13.064,3,3,2,6,18
model,50,28,7,11,0,0.0000,0.8750,0.5000,0.8750,3,0,2,41,12.0,12.830,0,5,4,3,18
real,50,16,6,10,1,0.3750,0.3750,0.6250,-0.1250,5,1,30,30,8.0,7.234,2,2,4,0,16
model,50,16,6,10,1,-0.8750,0.3750,0.1250,0.3750,3,0,33,13,9.0,8.511,4,1,1,3,16
real,50,16,11,9,0,0.1250,0.8750,0.3750,0.5000,4,0,11,27,7.0,6.660,1,3,1,2,20
model,50,16,11,9,0,0.0000,0.5000,0.3750,0.3750,4,1,24,24,4.0,6.787,1,1,0,2,20
real,50,19,11,11,1,0.2500,0.7500,0.3750,0.3750,3,1,44,44,18.0,15.957,5,5,7,1,22
model,50,19,11,11,1,0.3750,0.6250,0.5000,0.5000,7,0,5,13,0.0,3.617,0,0,0,0,22
real,50,19,13,11,0,-0.2500,0.7500,0.1250,0.2500,3,1,27,27,8.0,7.745,3,0,5,0,24
model,50,19,13,11,0,0.0000,0.8750,0.8750,0.7500,2,0,4,46,20.0,21.574,6,2,5,7,24
real,50,34,6,12,2,-0.2500,0.2500,0.5000,0.6250,7,0,19,12,4.0,4.447,1,1,2,0,18
model,50,34,6,12,2,0.0000,0.7500,0.3750,-0.3750,5,1,21,21,4.0,4.404,1,1,2,0,18
real,50,34,10,8,0,-0.2500,0.3750,0.3750,0.1250,3,1,39,39,10.0,11.851,1,4,4,1,18
model,50,34,10,8,0,0.0000,0.2500,0.2500,0.1250,4,1,39,39,12.0,11.660,2,2,5,3,18
real,50,34,12,12,0,0.2500,1.0000,0.5000,-0.2500,6,0,4,10,4.0,4.404,1,0,3,0,24
model,50,34,12,12,0,0.0000,0.6250,0.8750,0.2500,7,0,16,14,6.0,4.255,1,2,0,3,24
real,50,34,11,12,0,-0.3750,0.5000,0.6250,0.1250,3,0,17,19,7.0,7.638,2,0,5,0,23
model,50,34,11,12,0,0.1250,0.6250,0.5000,0.1250,5,0,10,12,9.0,7.340,3,0,4,2,23
real,50,13,13,10,0,-0.2500,0.0000,0.5000,0.3750,3,1,45,45,17.0,16.255,4,4,5,4,23
model,50,13,13,10,0,0.0000,0.7500,0.3750,0.2500,4,1,41,41,15.0,18.596,4,3,4,4,23
real,50,13,10,10,0,-0.1250,0.3750,0.2500,0.2500,2,1,30,30,9.0,10.298,2,2,4,1,20
model,50,13,10,10,0,0.1250,0.8750,0.8750,0.7500,3,1,39,39,13.0,13.979,4,3,2,4,20
real,50,8,11,12,0,0.3750,0.8750,0.6250,0.6250,4,0,9,34,12.0,11.574,2,5,5,0,23
model,50,8,11,12,0,-0.3750,0.8750,0.3750,1.0000,4,0,6,32,13.0,10.830,0,2,7,4,23
real,50,26,12,10,0,0.0000,0.8750,0.3750,0.5000,3,0,17,9,10.0,8.383,2,3,2,3,22
model,50,26,12,10,0,-0.2500,0.6250,0.6250,0.6250,4,0,5,26,8.0,7.574,1,1,2,4,22
real,50,31,10,10,0,-0.1250,0.8750,0.2500,0.2500,3,0,42,4,12.0,13.064,3,4,0,5,20
model,50,31,10,10,0,1.0000,1.0000,1.0000,1.0000,3,1,45,45,17.0,17.021,5,5,1,6,20
real,50,31,9,8,1,0.6250,0.6250,0.7500,0.7500,7,0,3,3,5.0,5.277,1,0,3,1,17
model,50,31,9,8,1,0.5000,0.5000,0.2500,0.6250,3,1,35,35,9.0,8.638,3,2,4,0,17
real,50,31,9,11,0,0.7500,0.5000,0.5000,0.6250,4,0,3,34,8.0,9.170,3,1,3,1,20
model,50,31,9,11,0,-0.2500,0.7500,0.1250,0.2500,2,1,48,48,18.0,19.149,5,6,3,4,20
real,50,31,13,13,0,0.5000,0.6250,0.3750,0.5000,3,1,45,45,20.0,18.085,5,5,8,2,26
model,50,31,13,13,0,0.2500,0.8750,0.5000,0.6250,3,0,16,20,7.0,8.404,2,2,2,1,26
real,50,23,14,13,0,0.1250,0.1250,-0.1250,0.2500,5,0,7,22,4.0,7.979,0,1,2,1,27
model,50,23,14,13,0,0.1250,0.6250,0.3750,0.3750,5,0,34,2,12.0,12.660,1,4,5,2,27
real,50,23,9,10,0,0.2500,0.7500,0.6250,0.3750,3,1,34,34,9.0,9.489,2,2,3,2,19
model,50,23,9,10,0,-0.2500,0.8750,0.3750,0.1250,3,0,36,12,10.0,9.468,2,1,3,4,19
real,50,18,14,7,0,0.0000,0.5000,0.3750,0.3750,4,1,31,31,8.0,8.213,2,4,2,0,21
model,50,18,14,7,0,0.1250,0.6250,0.0000,0.0000,4,0,4,18,6.0,8.553,4,0,0,2,21
real,50,23,11,10,0,-0.3750,0.5000,0.5000,-0.2500,4,0,6,33,9.0,8.340,3,2,2,2,21
model,50,23,11,10,0,1.0000,1.0000,1.0000,1.0000,3,1,29,29,7.0,9.723,3,0,3,1,21
real,50,19,12,11,0,0.3750,0.3750,0.3750,0.5000,5,1,15,15,4.0,5.638,0,1,2,1,23
model,50,19,12,11,0,1.0000,1.0000,1.0000,1.0000,3,1,10,10,15.0,15.043,2,6,5,2,23
real,50,19,9,13,0,0.0000,0.1250,0.3750,0.0000,4,0,32,2,8.0,10.574,2,3,2,1,22
model,50,19,9,13,0,0.2500,0.5000,0.5000,0.3750,7,1,13,13,3.0,4.277,0,1,0,2,22
real,50,11,13,9,0,1.0000,1.0000,1.0000,1.0000,4,0,2,12,8.0,7.404,2,5,1,0,22
model,50,11,13,9,0,0.0000,0.1250,0.1250,0.2500,4,0,17,8,6.0,5.851,4,0,1,1,22
real,50,19,9,12,0,0.3750,0.8750,0.8750,0.5000,3,0,30,17,13.0,8.915,5,5,2,1,21
model,50,19,9,12,0,0.2500,0.3750,0.1250,0.3750,2,1,48,48,21.0,20.106,4,7,5,5,21
real,50,39,13,12,0,0.2500,0.8750,0.2500,0.6250,4,0,35,7,14.0,11.404,5,2,4,3,25
model,50,39,13,12,0,-0.3750,0.7500,0.3750,-0.1250,5,0,25,7,10.0,8.319,1,4,3,2,25
real,50,39,13,12,0,-0.1250,0.7500,0.3750,0.0000,1,1,50,50,25.0,25.000,8,2,8,7,25
model,50,39,13,12,0,0.2500,0.5000,0.5000,0.2500,2,1,27,27,13.0,12.170,1,5,3,4,25
real,50,39,9,12,0,-0.1250,0.7500,0.1250,0.2500,5,0,29,6,9.0,8.787,1,2,4,2,21
model,50,39,9,12,0,0.2500,0.5000,0.5000,0.3750,5,0,29,9,5.0,7.702,2,0,2,1,21
real,50,39,10,12,0,1.0000,1.0000,1.0000,1.0000,1,1,50,50,22.0,22.000,5,4,11,2,22
model,50,39,10,12,0,0.3750,0.0000,-0.5000,0.3750,5,0,20,5,4.0,6.234,1,1,1,1,22
real,50,48,9,13,0,0.0000,0.6250,-0.1250,0.5000,5,0,7,6,5.0,6.234,1,1,1,2,22
model,50,48,9,13,0,0.0000,0.7500,0.2500,0.0000,4,1,17,17,11.0,9.574,2,3,2,4,22
real,50,48,13,14,0,-0.6250,0.3750,0.1250,0.3750,3,1,40,40,17.0,19.340,4,3,5,5,27
model,50,48,13,14,0,-0.1250,0.6250,0.0000,-0.1250,2,1,45,45,23.0,20.894,2,4,7,10,27
real,50,48,12,10,0,0.0000,0.7500,0.2500,0.6250,3,1,41,41,14.0,16.255,5,5,4,0,22
model,50,48,12,10,0,-0.2500,0.6250,0.3750,0.7500,7,0,19,7,8.0,5.106,1,2,1,4,22
real,50,48,12,12,0,-0.1250,0.7500,0.5000,0.6250,5,0,19,11,4.0,5.532,1,1,1,1,24
model,50,48,12,12,0,0.3750,0.7500,0.5000,0.5000,2,0,20,30,17.0,11.957,2,4,5,6,24
real,50,29,13,9,1,-0.1250,0.6250,0.5000,0.2500,3,1,42,42,18.0,17.532,2,9,4,3,22
model,50,29,13,9,1,0.0000,0.3750,0.3750,0.3750,7,0,16,7,2.0,3.660,0,2,0,0,22
real,50,29,13,11,0,0.1250,0.1250,0.1250,0.0000,5,0,21,17,4.0,6.468,1,0,2,1,24
model,50,29,13,11,0,-0.2500,0.5000,0.6250,0.2500,3,0,11,22,10.0,8.362,4,1,2,3,24
real,50,29,12,13,0,0.0000,0.5000,0.0000,0.3750,2,1,40,40,17.0,18.489,5,4,3,5,25
model,50,29,12,13,0,-0.1250,0.6250,0.2500,0.3750,1,1,50,50,25.0,25.000,8,5,8,4,25
real,50,29,12,14,0,0.0000,0.8750,0.7500,0.5000,3,1,31,31,14.0,11.787,2,4,4,4,26
model,50,29,12,14,0,0.2500,0.6250,0.3750,0.1250,4,0,18,6,15.0,10.681,3,1,6,5,26
real,50,30,12,10,2,0.2500,0.5000,-0.1250,-0.1250,5,1,39,39,13.0,14.064,4,2,3,4,22
model,50,30,12,10,2,0.5000,0.8750,0.3750,0.2500,6,1,15,15,6.0,5.787,0,3,2,1,22
real,50,30,11,13,0,0.1250,0.3750,0.2500,0.5000,4,0,6,18,12.0,8.085,3,3,2,4,24
model,50,30,11,13,0,0.1250,0.8750,0.7500,0.1250,4,0,2,36,11.0,12.936,5,3,2,1,24
real,50,30,10,11,1,0.2500,0.3750,0.2500,0.2500,5,0,13,22,7.0,6.277,0,1,2,4,21
model,50,30,10,11,1,0.5000,0.5000,0.8750,0.6250,4,0,3,29,7.0,8.532,2,2,1,2,21
real,50,30,10,10,1,0.2500,0.7500,0.0000,0.5000,3,1,39,39,13.0,13.532,3,3,4,3,20
model,50,30,10,10,1,0.1250,0.1250,0.5000,0.2500,1,1,50,50,20.0,20.000,6,5,5,4,20
real,50,21,10,9,0,0.1250,0.3750,0.3750,0.0000,3,0,15,30,5.0,8.191,0,2,2,1,19
model,50,21,10,9,0,0.3750,0.6250,0.1250,0.2500,5,0,13,29,7.0,6.191,3,0,3,1,19
real,50,26,13,10,0,0.1250,0.1250,0.3750,0.1250,3,1,35,35,12.0,12.511,4,2,4,2,23
model,50,26,13,10,0,0.2500,0.5000,0.2500,0.0000,3,0,32,15,12.0,11.064,3,3,3,3,23
real,50,26,11,6,0,0.1250,0.7500,0.7500,0.3750,1,1,50,50,17.0,17.000,4,3,6,4,17
model,50,26,11,6,0,0.0000,0.7500,0.5000,0.3750,6,0,18,7,2.0,3.617,0,2,0,0,17
real,50,26,11,14,0,0.5000,0.7500,0.3750,0.3750,4,1,36,36,14.0,12.872,2,4,4,4,25
model,50,26,11,14,0,0.2500,0.5000,0.3750,0.2500,4,1,27,27,13.0,9.830,2,3,2,6,25
real,50,28,11,15,0,-0.1250,0.6250,0.3750,0.1250,4,0,12,23,8.0,9.638,2,2,2,2,26
model,50,28,11,15,0,0.6250,0.5000,0.2500,0.3750,4,1,37,37,13.0,13.745,3,4,2,4,26
real,50,28,14,11,0,-0.3750,0.5000,0.6250,0.0000,2,1,46,46,20.0,18.617,7,4,5,4,25
model,50,28,14,11,0,0.3750,0.8750,0.5000,0.7500,3,0,33,11,13.0,12.404,5,4,4,0,25
real,50,28,13,11,0,0.0000,0.6250,0.0000,0.2500,3,1,32,32,6.0,9.915,0,3,2,1,24
model,50,28,13,11,0,0.0000,0.6250,-0.1250,0.2500,4,1,27,27,11.0,9.468,6,3,2,0,24
real,50,14,13,10,0,0.2500,1.0000,0.8750,0.7500,6,0,28,2,7.0,8.809,2,1,2,2,23
model,50,14,13,10,0,-0.1250,0.7500,0.6250,0.0000,4,1,29,29,7.0,10.702,3,1,3,0,23
real,50,47,9,15,0,0.0000,0.3750,0.5000,0.8750,3,1,42,42,17.0,17.638,4,4,4,5,24
model,50,47,9,15,0,-0.2500,0.5000,0.5000,0.2500,2,1,38,38,17.0,14.809,2,3,5,7,24
real,50,47,12,13,0,0.2500,0.3750,0.5000,0.3750,6,0,5,10,7.0,10.149,1,3,2,1,25
model,50,47,12,13,0,0.7500,0.6250,0.3750,0.1250,5,0,8,17,8.0,7.979,3,2,3,0,25
real,50,47,12,10,1,1.0000,1.0000,1.0000,1.0000,6,0,16,2,7.0,5.745,0,4,2,1,22
model,50,47,12,10,1,-0.2500,0.8750,0.5000,0.0000,3,1,39,39,17.0,15.064,4,6,6,1,22
real,50,47,15,12,1,0.1250,0.7500,0.6250,0.5000,4,1,38,38,20.0,17.468,2,9,5,4,27
model,50,47,15,12,1,-0.1250,0.7500,0.6250,0.2500,3,1,45,45,21.0,22.426,6,7,4,4,27
real,50,22,9,9,0,1.0000,1.0000,1.0000,1.0000,3,0,2,43,13.0,14.915,4,2,6,1,18
model,50,22,9,9,0,0.2500,0.6250,0.2500,0.5000,1,1,50,50,18.0,18.000,5,4,3,6,18
real,50,14,13,14,0,0.3750,0.6250,0.5000,0.5000,2,0,46,4,25.0,25.277,8,5,8,4,27
model,50,14,13,14,0,-0.2500,0.5000,0.5000,0.3750,4,1,26,26,8.0,11.170,4,1,3,0,27
real,50,12,9,14,0,-0.2500,0.3750,0.2500,0.0000,3,1,16,16,12.0,12.617,2,5,4,1,23
model,50,12,9,14,0,0.6250,0.5000,0.3750,0.3750,4,0,14,25,7.0,7.936,3,0,2,2,23
real,50,12,10,9,0,0.6250,0.7500,0.5000,0.7500,4,0,7,7,10.0,9.447,3,1,3,3,19
model,50,12,10,9,0,0.0000,0.6250,0.2500,0.0000,2,1,47,47,18.0,17.787,3,5,6,4,19
real,50,33,17,8,0,-0.2500,0.8750,0.5000,0.7500,2,1,33,33,12.0,13.277,3,5,3,1,25
model,50,33,17,8,0,0.5000,0.7500,0.5000,0.7500,3,1,39,39,15.0,16.574,2,3,7,3,25
real,50,33,11,13,0,-0.1250,1.0000,0.3750,0.5000,3,1,17,17,7.0,11.745,3,2,1,1,24
model,50,33,11,13,0,-0.2500,0.5000,0.2500,0.0000,4,0,6,17,4.0,7.383,0,1,0,3,24
real,50,33,12,10,0,0.1250,0.5000,0.2500,0.5000,4,0,6,8,5.0,7.362,1,1,3,0,22
model,50,33,12,10,0,-0.1250,0.6250,1.0000,0.6250,2,1,48,48,18.0,20.128,5,4,5,4,22
real,50,33,9,14,0,0.1250,0.7500,0.2500,0.5000,3,0,6,41,18.0,17.553,7,5,2,4,23
model,50,33,9,14,0,0.3750,0.3750,0.5000,0.5000,3,0,6,32,12.0,10.298,2,2,2,6,23
real,50,35,13,13,0,-0.1250,0.8750,0.5000,0.6250,2,0,24,26,9.0,12.723,1,0,6,2,26
model,50,35,13,13,0,-0.1250,0.6250,0.2500,0.5000,2,1,47,47,22.0,21.660,7,5,5,5,26
real,50,35,12,10,0,0.2500,0.3750,0.2500,0.0000,3,0,7,30,7.0,10.426,1,1,3,2,22
model,50,35,12,10,0,-0.1250,0.5000,0.1250,0.3750,4,0,24,17,5.0,7.106,1,0,4,0,22
real,50,35,12,13,0,-0.3750,0.7500,0.8750,0.1250,4,1,32,32,14.0,13.809,7,1,5,1,25
model,50,35,12,13,0,0.1250,0.7500,0.8750,0.7500,4,1,14,14,7.0,9.000,0,4,1,2,25
real,50,35,15,10,0,-0.1250,0.3750,0.5000,0.2500,4,0,9,32,9.0,10.064,2,3,3,1,25
model,50,35,15,10,0,0.2500,0.6250,0.1250,0.1250,4,0,28,5,9.0,8.681,3,4,2,0,25
real,50,44,11,13,0,0.0000,0.7500,0.2500,0.5000,4,0,14,21,8.0,7.298,1,2,2,3,24
model,50,44,11,13,0,0.0000,0.6250,0.5000,0.3750,3,0,26,11,6.0,9.830,2,0,0,4,24
real,50,44,12,10,0,0.1250,0.8750,0.7500,0.1250,4,1,36,36,12.0,11.957,3,2,3,4,22
model,50,44,12,10,0,0.1250,0.5000,0.1250,0.5000,2,1,47,47,18.0,17.021,4,6,7,1,22
real,50,44,11,10,0,0.2500,0.6250,0.5000,0.2500,4,0,31,10,10.0,8.809,2,4,1,3,21
model,50,44,11,10,0,0.0000,0.6250,0.3750,0.3750,2,0,37,13,12.0,13.085,1,5,2,4,21
real,50,44,6,12,0,0.2500,0.6250,0.3750,-0.3750,2,1,47,47,15.0,16.851,1,3,3,8,18
model,50,44,6,12,0,0.0000,0.0000,0.6250,0.0000,3,0,16,4,7.0,7.660,4,1,1,1,18
real,50,24,11,11,0,-0.2500,0.5000,0.2500,0.1250,5,0,9,29,9.0,8.957,1,3,4,1,22
model,50,24,11,11,0,0.1250,0.8750,0.7500,0.3750,4,0,2,7,14.0,14.872,2,3,6,3,22
real,50,24,11,14,0,-0.5000,0.7500,0.2500,0.2500,3,0,23,18,10.0,8.936,1,3,5,1,25
model,50,24,11,14,0,1.0000,1.0000,1.0000,1.0000,1,1,50,50,25.0,25.000,7,9,4,5,25
real,50,24,9,11,0,0.6250,0.7500,0.5000,0.3750,4,0,3,9,7.0,7.255,3,1,3,0,20
model,50,24,9,11,0,0.3750,0.3750,0.6250,0.0000,4,0,12,29,7.0,7.936,1,1,2,3,20
real,50,24,11,11,0,0.1250,0.5000,0.6250,0.6250,4,0,23,3,8.0,8.723,2,4,2,0,22
model,50,24,11,11,0,-0.3750,0.8750,0.6250,0.6250,6,0,4,23,3.0,7.936,0,0,3,0,22
real,50,20,10,14,0,0.1250,0.7500,0.2500,0.1250,3,0,16,28,11.0,8.809,0,5,4,2,24
model,50,20,10,14,0,0.2500,0.3750,0.6250,-0.1250,5,1,22,22,5.0,6.170,2,0,2,1,24
real,50,24,9,13,0,0.3750,0.1250,0.5000,0.0000,3,0,26,6,12.0,9.766,0,2,3,7,22
model,50,24,9,13,0,-0.1250,0.6250,0.2500,0.7500,4,0,14,19,8.0,6.085,1,2,4,1,22
real,50,24,13,14,0,0.0000,0.7500,0.6250,-0.1250,2,1,29,29,11.0,13.277,2,3,1,5,27
model,50,24,13,14,0,0.2500,0.3750,0.1250,0.0000,3,0,26,22,15.0,11.957,3,5,2,5,27
real,50,20,10,11,1,0.1250,0.6250,0.7500,0.3750,6,1,34,34,10.0,10.362,4,3,2,1,21
model,50,20,10,11,1,0.7500,0.8750,0.8750,0.8750,1,1,50,50,21.0,21.000,6,8,3,4,21
real,50,16,10,12,0,0.3750,0.7500,0.5000,0.2500,1,1,50,50,22.0,22.000,6,3,11,2,22
model,50,16,10,12,0,-0.1250,0.8750,0.5000,0.5000,4,1,19,19,7.0,6.128,2,2,2,1,22
real,50,23,14,13,0,0.1250,0.5000,0.6250,0.2500,3,0,25,13,9.0,10.149,3,1,3,2,27
model,50,23,14,13,0,0.2500,0.7500,0.2500,0.6250,7,0,3,3,9.0,5.957,1,2,4,2,27
real,50,16,8,10,0,-0.2500,0.1250,0.7500,-0.1250,2,0,12,38,11.0,12.128,4,0,4,3,18
model,50,16,8,10,0,-0.1250,0.0000,0.5000,0.0000,3,0,25,21,7.0,7.191,1,1,2,3,18
real,50,23,12,12,0,0.0000,0.6250,0.6250,0.5000,5,0,2,22,4.0,7.234,2,1,1,0,24
model,50,23,12,12,0,-0.3750,0.6250,0.5000,0.1250,6,0,19,10,6.0,5.681,2,1,1,2,24
real,50,26,11,9,0,-0.3750,0.7500,0.8750,-0.2500,2,0,15,35,9.0,11.915,2,0,4,3,20
model,50,26,11,9,0,-0.3750,0.2500,0.5000,0.3750,1,1,50,50,20.0,20.000,6,8,3,3,20
real,50,26,13,9,1,0.0000,0.8750,0.5000,0.1250,3,1,46,46,20.0,19.234,5,4,5,6,22
model,50,26,13,9,1,0.0000,0.8750,0.2500,0.0000,4,0,10,26,10.0,7.574,4,2,3,1,22
real,50,26,11,11,0,0.0000,0.8750,0.2500,0.0000,5,0,14,8,10.0,6.532,3,1,2,4,22
model,50,26,11,11,0,-0.2500,0.6250,0.1250,0.0000,3,1,46,46,19.0,20.128,4,5,4,6,22
real,50,26,8,9,2,0.1250,0.6250,0.3750,0.6250,6,0,6,23,3.0,4.830,2,0,1,0,17
model,50,26,8,9,2,-0.7500,0.5000,0.3750,0.1250,2,1,27,27,9.0,8.298,1,3,4,1,17
real,50,50,14,12,0,0.3750,0.7500,1.0000,-0.1250,4,1,34,34,9.0,9.830,1,3,3,2,26
model,50,50,14,12,0,-0.1250,0.3750,0.0000,0.0000,4,0,19,20,8.0,8.319,2,3,1,2,26
real,50,50,13,8,1,0.3750,0.7500,0.6250,0.1250,4,1,26,26,9.0,9.085,2,4,1,2,21
model,50,50,13,8,1,0.5000,0.5000,0.7500,0.7500,7,0,7,22,6.0,5.660,2,1,1,2,21
real,50,50,13,11,0,0.1250,0.7500,0.6250,0.8750,4,0,25,2,13.0,10.043,3,5,1,4,24
model,50,50,13,11,0,-0.1250,0.8750,0.2500,0.6250,5,0,14,24,6.0,7.809,0,1,2,3,24
real,50,50,12,12,0,0.0000,0.3750,0.5000,0.0000,5,0,8,27,9.0,9.064,1,3,2,3,24
model,50,50,12,12,0,-0.1250,0.6250,0.2500,0.3750,2,0,13,37,17.0,14.809,4,2,6,5,24
real,50,44,10,12,0,-0.2500,0.7500,1.0000,0.2500,4,1,32,32,6.0,9.532,2,2,1,1,22
model,50,44,10,12,0,0.1250,1.0000,1.0000,0.6250,4,0,33,4,14.0,11.383,5,2,4,3,22
real,50,44,13,13,0,0.1250,0.3750,0.5000,0.7500,4,0,32,11,16.0,13.362,2,4,7,3,26
model,50,44,13,13,0,1.0000,1.0000,1.0000,1.0000,4,1,40,40,17.0,17.553,1,6,5,5,26
real,50,44,11,13,0,-0.3750,0.8750,0.3750,0.2500,6,0,2,22,4.0,6.340,0,1,3,0,24
model,50,44,11,13,0,-0.1250,0.7500,0.7500,0.2500,4,0,6,27,12.0,9.021,2,4,1,5,24
real,50,44,10,12,0,0.2500,0.8750,1.0000,0.8750,3,0,27,2,11.0,9.894,0,3,6,2,22
model,50,44,10,12,0,0.6250,0.6250,0.7500,0.6250,3,1,22,22,9.0,8.617,3,1,1,4,22
real,50,23,8,12,0,0.2500,0.6250,0.0000,0.1250,2,0,27,23,7.0,9.702,2,2,3,0,20
model,50,23,8,12,0,1.0000,1.0000,1.0000,1.0000,3,1,6,6,9.0,8.489,1,3,2,3,20
real,50,13,12,10,0,0.3750,0.3750,0.2500,0.5000,3,1,36,36,14.0,13.489,5,4,3,2,22
model,50,13,12,10,0,-0.6250,0.7500,0.3750,0.3750,3,0,32,16,16.0,11.723,4,2,7,3,22
real,50,23,12,8,2,0.0000,0.8750,0.0000,0.5000,5,0,14,30,13.0,8.957,4,4,3,2,20
model,50,23,12,8,2,-0.6250,0.7500,-0.2500,0.1250,3,1,40,40,9.0,10.043,0,3,3,3,20
real,50,23,15,11,0,0.3750,0.6250,0.0000,0.3750,5,0,35,5,11.0,12.468,2,3,3,3,26
model,50,23,15,11,0,0.0000,0.2500,0.5000,0.6250,4,0,20,21,11.0,8.638,3,2,1,5,26
real,50,42,15,12,0,-0.5000,0.3750,0.0000,0.5000,3,1,25,25,8.0,10.340,3,2,3,0,27
model,50,42,15,12,0,0.2500,0.5000,0.5000,0.5000,3,1,38,38,13.0,16.277,7,1,4,1,27
real,50,42,15,11,0,0.1250,0.6250,0.2500,0.2500,2,1,40,40,17.0,16.298,4,2,6,5,26
model,50,42,15,11,0,0.1250,0.6250,0.5000,0.1250,2,1,48,48,24.0,23.021,3,9,7,5,26
real,50,42,12,9,0,0.1250,0.3750,0.6250,0.3750,3,0,35,13,13.0,12.191,4,2,4,3,21
model,50,42,12,9,0,0.3750,0.7500,0.5000,0.3750,3,0,4,33,11.0,11.404,3,3,4,1,21
real,50,42,8,9,1,-0.1250,0.2500,0.2500,-0.3750,5,0,17,13,4.0,4.617,0,1,1,2,17
model,50,42,8,9,1,0.5000,0.7500,0.8750,0.5000,3,1,36,36,9.0,8.532,1,3,0,5,17
real,50,48,14,12,0,0.3750,0.8750,0.2500,0.3750,3,1,43,43,18.0,18.872,6,4,3,5,26
model,50,48,14,12,0,0.2500,0.6250,0.2500,0.5000,1,1,50,50,26.0,26.000,6,6,10,4,26
real,50,48,13,14,0,-0.3750,1.0000,0.3750,0.5000,4,1,39,39,15.0,18.574,1,6,5,3,27
model,50,48,13,14,0,0.1250,0.3750,0.2500,-0.1250,6,0,13,12,2.0,4.596,0,1,0,1,27
real,50,48,13,16,0,0.0000,0.8750,0.8750,0.3750,3,1,35,35,12.0,14.447,2,5,1,4,29
model,50,48,13,16,0,-0.1250,0.8750,0.3750,0.5000,3,1,39,39,19.0,17.894,3,7,6,3,29
real,50,48,11,12,0,0.5000,0.7500,0.7500,0.6250,3,0,2,43,16.0,17.702,4,6,3,3,23
model,50,48,11,12,0,-0.1250,0.3750,0.3750,0.2500,3,0,27,21,12.0,10.319,2,6,3,1,23
real,50,41,11,12,0,0.1250,0.3750,0.2500,0.3750,2,1,47,47,19.0,20.638,4,6,7,2,23
model,50,41,11,12,0,0.2500,0.6250,0.3750,0.0000,4,1,28,28,8.0,7.383,1,3,3,1,23
real,50,41,11,13,0,-0.1250,0.8750,0.3750,0.1250,6,1,10,10,3.0,4.596,1,0,1,1,24
model,50,41,11,13,0,-0.1250,0.7500,0.5000,0.1250,4,1,28,28,12.0,11.064,4,4,1,3,24
real,50,41,12,10,0,-0.1250,0.5000,0.5000,0.3750,2,1,44,44,17.0,15.362,4,5,8,0,22
model,50,41,12,10,0,0.0000,1.0000,0.1250,0.3750,2,0,28,22,11.0,11.149,2,2,5,2,22
real,50,41,12,9,0,-0.1250,0.7500,0.7500,0.5000,3,1,26,26,7.0,9.064,1,3,3,0,21
model,50,41,12,9,0,-0.1250,0.3750,0.1250,0.5000,2,0,8,42,18.0,15.702,3,5,8,2,21
real,50,34,12,11,0,1.0000,1.0000,1.0000,1.0000,4,0,25,2,7.0,8.723,1,3,1,2,23
model,50,34,12,11,0,0.7500,0.8750,0.2500,0.6250,3,1,34,34,10.0,9.617,1,3,3,3,23
real,50,34,13,14,1,0.1250,0.5000,0.3750,0.2500,2,1,48,48,27.0,25.851,8,9,5,5,27
model,50,34,13,14,1,0.0000,0.8750,0.2500,0.8750,4,0,2,21,8.0,9.128,1,1,2,4,27
real,50,34,12,13,0,0.1250,0.6250,0.6250,0.3750,2,1,40,40,13.0,14.319,3,0,4,6,25
model,50,34,12,13,0,0.1250,0.7500,0.8750,0.8750,3,1,32,32,13.0,11.851,7,2,2,2,25
real,50,34,10,13,0,0.0000,0.3750,0.6250,0.0000,4,0,23,20,7.0,9.213,1,3,2,1,23
model,50,34,10,13,0,0.3750,0.6250,0.5000,0.2500,5,1,20,20,8.0,6.255,2,3,3,0,23
real,50,41,12,12,0,0.1250,0.2500,0.2500,-0.1250,3,1,32,32,8.0,10.851,1,3,2,2,24
model,50,41,12,12,0,1.0000,1.0000,1.0000,1.0000,4,1,39,39,16.0,14.851,8,1,4,3,24
real,50,41,11,12,0,0.0000,0.2500,0.2500,0.3750,4,1,36,36,15.0,13.043,3,6,4,2,23
model,50,41,11,12,0,0.0000,0.7500,0.0000,0.2500,3,0,5,43,20.0,17.638,5,2,10,3,23
real,50,41,8,8,0,0.0000,0.6250,0.7500,0.0000,4,1,15,15,4.0,5.191,0,1,2,1,16
model,50,41,8,8,0,-0.2500,0.1250,0.2500,0.1250,1,1,50,50,16.0,16.000,5,3,5,3,16
real,50,41,11,8,1,0.1250,0.7500,0.6250,0.6250,2,1,48,48,19.0,18.191,5,3,6,5,19
model,50,41,11,8,1,0.2500,0.2500,0.5000,0.2500,3,0,34,12,6.0,9.681,0,2,2,2,19
real,50,26,9,11,0,0.0000,0.7500,0.7500,0.3750,6,1,10,10,4.0,3.553,1,3,0,0,20
model,50,26,9,11,0,0.8750,0.7500,1.0000,0.6250,5,0,7,18,6.0,4.085,3,0,0,3,20
real,50,26,14,7,0,0.1250,0.7500,0.6250,0.7500,5,0,6,2,11.0,10.745,2,3,6,0,21
model,50,26,14,7,0,-0.1250,0.8750,0.8750,0.5000,3,1,42,42,13.0,14.362,3,2,6,2,21
real,50,26,12,15,0,0.0000,0.5000,0.3750,0.0000,7,0,8,8,4.0,3.574,0,1,2,1,27
model,50,26,12,15,0,0.1250,0.3750,0.5000,0.0000,2,0,46,4,24.0,24.383,3,7,8,6,27
real,50,26,13,10,0,0.1250,0.7500,0.5000,0.0000,3,0,22,19,5.0,7.872,1,1,1,2,23
model,50,26,13,10,0,0.3750,0.8750,0.1250,0.7500,3,0,14,21,12.0,8.021,2,4,4,2,23
real,50,13,11,10,0,-0.3750,0.6250,0.6250,0.1250,3,1,24,24,7.0,7.000,2,1,2,2,21
model,50,13,11,10,0,-0.1250,0.3750,0.5000,0.3750,5,0,12,4,3.0,4.872,2,0,1,0,21
real,50,13,11,9,0,0.0000,0.8750,0.5000,0.2500,5,0,8,33,9.0,9.298,3,1,3,2,20
model,50,13,11,9,0,-0.1250,0.6250,0.7500,0.7500,5,1,19,19,6.0,7.617,1,3,1,1,20
real,50,13,14,10,0,0.3750,0.7500,0.7500,0.1250,3,1,45,45,20.0,20.574,7,3,7,3,24
model,50,13,14,10,0,0.2500,0.8750,0.8750,0.1250,3,1,46,46,21.0,21.064,7,7,5,2,24
real,50,13,8,8,1,-0.5000,0.6250,0.3750,0.3750,2,1,48,48,16.0,15.319,4,2,4,6,16
model,50,13,8,8,1,-0.1250,0.3750,0.8750,0.0000,3,0,5,34,9.0,9.489,2,3,3,1,16
real,50,33,11,12,0,0.0000,0.6250,0.3750,-0.2500,2,1,40,40,15.0,15.128,4,4,5,2,23
model,50,33,11,12,0,0.0000,0.5000,0.6250,0.2500,2,1,47,47,21.0,19.745,5,7,5,4,23
real,50,33,11,13,0,-0.2500,0.6250,0.3750,0.5000,3,1,43,43,19.0,18.830,5,4,3,7,24
model,50,33,11,13,0,-0.2500,0.1250,0.2500,0.3750,5,0,15,24,9.0,7.872,1,4,2,2,24
real,50,33,12,11,0,-0.1250,0.3750,0.6250,0.2500,3,1,37,37,12.0,11.979,2,0,7,3,23
model,50,33,12,11,0,0.2500,0.7500,0.8750,0.6250,3,1,30,30,9.0,10.149,3,4,1,1,23
real,50,33,11,9,0,-0.2500,0.2500,0.1250,0.5000,1,1,50,50,20.0,20.000,4,7,4,5,20
model,50,33,11,9,0,-0.5000,0.5000,0.3750,0.2500,4,1,29,29,8.0,7.340,2,2,2,2,20
real,50,27,12,12,1,0.2500,0.6250,0.5000,0.3750,5,1,25,25,6.0,7.511,1,1,2,2,24
model,50,27,12,12,1,0.0000,0.5000,0.5000,0.3750,3,0,10,32,12.0,12.426,1,2,4,5,24
real,50,27,9,12,0,0.1250,0.6250,0.5000,0.3750,5,0,15,23,7.0,6.021,0,3,2,2,21
model,50,27,9,12,0,1.0000,1.0000,1.0000,1.0000,4,1,22,22,6.0,6.809,2,1,2,1,21
real,50,27,11,13,1,-0.1250,0.5000,0.6250,-0.1250,3,1,41,41,20.0,17.362,8,4,4,4,24
model,50,27,11,13,1,0.0000,1.0000,-0.2500,0.3750,3,1,37,37,15.0,13.277,3,5,6,1,24
real,50,27,11,11,1,0.0000,0.6250,0.6250,0.2500,3,1,45,45,20.0,17.957,2,4,8,6,22
model,50,27,11,11,1,0.2500,0.6250,0.7500,0.5000,7,0,27,2,7.0,6.511,3,1,2,1,22
real,50,16,8,10,0,0.6250,0.2500,0.2500,0.3750,3,0,32,7,12.0,9.574,0,4,4,4,18
model,50,16,8,10,0,0.0000,0.6250,0.2500,0.3750,3,0,4,18,9.0,7.106,3,2,3,1,18
real,50,23,12,14,0,0.2500,0.6250,0.2500,0.0000,3,0,7,16,8.0,10.809,1,4,3,0,26
model,50,23,12,14,0,0.1250,0.8750,0.3750,0.1250,2,1,41,41,15.0,19.106,7,1,3,4,26
real,50,16,14,10,1,0.1250,0.5000,0.2500,0.3750,4,1,28,28,9.0,9.745,1,5,3,0,24
model,50,16,14,10,1,-0.1250,0.6250,0.6250,0.2500,4,1,41,41,14.0,15.660,2,6,3,3,24
real,50,11,11,7,1,0.0000,0.5000,0.5000,0.0000,7,0,16,21,5.0,5.234,0,1,4,0,18
model,50,11,11,7,1,0.1250,0.8750,0.6250,0.5000,2,1,43,43,14.0,13.149,4,5,2,3,18
real,50,31,11,13,0,0.3750,0.8750,0.6250,1.0000,3,0,17,23,9.0,8.681,2,2,3,2,24
model,50,31,11,13,0,-0.3750,1.0000,0.6250,0.3750,3,1,44,44,18.0,18.468,2,7,5,4,24
real,50,31,12,15,0,0.3750,0.7500,1.0000,0.8750,1,1,50,50,27.0,27.000,6,9,8,4,27
model,50,31,12,15,0,-0.1250,0.7500,0.7500,0.2500,4,0,17,23,6.0,9.851,0,3,3,0,27
real,50,31,13,14,0,0.0000,0.7500,0.5000,0.5000,3,0,27,5,10.0,11.681,2,5,2,1,27
model,50,31,13,14,0,0.3750,0.7500,0.7500,0.6250,4,1,13,13,14.0,11.702,2,4,6,2,27
real,50,31,10,12,0,0.0000,0.8750,0.7500,0.3750,2,1,46,46,20.0,19.277,5,4,7,4,22
model,50,31,10,12,0,0.0000,0.6250,0.2500,0.0000,5,1,25,25,5.0,6.702,2,2,1,0,22
real,50,34,10,10,0,0.0000,0.7500,0.5000,0.3750,3,0,16,8,7.0,7.383,3,2,1,1,20
model,50,34,10,10,0,0.1250,0.3750,0.3750,0.2500,5,0,7,23,9.0,5.362,3,1,3,2,20
real,50,34,10,10,0,0.0000,0.3750,0.6250,0.1250,2,1,46,46,17.0,16.596,3,3,5,6,20
model,50,34,10,10,0,-0.2500,0.6250,0.2500,-0.1250,3,1,40,40,14.0,12.426,0,5,3,6,20
real,50,34,10,11,0,-0.2500,0.5000,0.1250,-0.1250,2,1,46,46,20.0,18.362,7,7,2,4,21
model,50,34,10,11,0,0.0000,0.5000,0.2500,-0.2500,2,1,44,44,17.0,16.787,4,4,4,5,21
real,50,7,11,12,0,0.2500,0.3750,0.6250,0.5000,2,1,43,43,14.0,16.681,5,2,4,3,23
model,50,7,11,12,0,-0.1250,0.3750,0.2500,0.2500,3,0,34,5,11.0,10.064,3,3,3,2,23
real,50,25,9,12,0,0.0000,0.5000,0.3750,0.1250,4,1,31,31,8.0,7.702,0,4,2,2,21
model,50,25,9,12,0,-0.2500,0.7500,0.3750,0.0000,4,0,16,23,7.0,5.809,2,1,2,2,21
real,50,25,10,13,1,0.0000,0.3750,0.5000,0.1250,2,1,48,48,23.0,22.021,3,10,8,2,23
model,50,25,10,13,1,0.1250,1.0000,0.6250,0.7500,4,0,4,2,8.0,9.255,1,1,5,1,23
real,50,25,8,13,0,0.5000,0.3750,0.5000,0.2500,5,1,18,18,5.0,6.596,3,0,0,2,21
model,50,25,8,13,0,1.0000,1.0000,1.0000,1.0000,4,0,2,43,16.0,16.660,3,6,1,6,21
real,50,20,15,11,0,-0.1250,0.7500,0.5000,0.2500,5,0,22,19,4.0,7.915,1,2,0,1,26
model,50,20,15,11,0,0.0000,0.6250,0.1250,0.3750,3,0,29,17,11.0,11.617,2,2,1,6,26
real,50,24,13,16,1,0.6250,0.7500,0.8750,0.3750,3,1,39,39,16.0,18.638,3,4,7,2,29
model,50,24,13,16,1,0.1250,0.6250,0.2500,0.2500,2,1,43,43,22.0,19.617,4,7,7,4,29
real,50,9,9,10,0,0.1250,0.7500,0.1250,0.3750,3,0,14,32,9.0,11.362,0,1,4,4,19
model,50,9,9,10,0,0.2500,0.6250,0.1250,0.2500,5,0,12,15,5.0,4.617,1,1,2,1,19
real,50,24,16,14,0,0.1250,0.5000,0.3750,0.2500,3,0,8,39,20.0,18.915,7,6,4,3,30
model,50,24,16,14,0,0.0000,0.3750,0.7500,0.3750,2,0,23,27,17.0,14.766,4,5,5,3,30
real,50,24,16,11,0,-0.1250,0.7500,0.2500,-0.2500,3,0,17,7,10.0,12.021,3,2,3,2,27
model,50,24,16,11,0,0.0000,0.7500,0.7500,0.1250,5,0,26,9,9.0,8.149,2,2,2,3,27
real,50,29,11,12,0,-0.1250,0.6250,0.1250,0.5000,4,0,26,7,10.0,7.957,3,4,0,3,23
model,50,29,11,12,0,0.2500,0.7500,0.3750,0.5000,5,1,23,23,4.0,5.702,1,1,1,1,23
real,50,29,14,15,0,1.0000,1.0000,1.0000,1.0000,6,0,15,2,3.0,7.149,1,0,0,2,29
model,50,29,14,15,0,1.0000,1.0000,1.0000,1.0000,3,1,22,22,12.0,9.468,2,5,1,4,29
real,50,29,11,11,0,0.3750,0.6250,0.0000,0.2500,4,0,27,10,7.0,8.532,3,2,0,2,22
model,50,29,11,11,0,0.2500,0.7500,0.0000,0.0000,4,0,6,29,6.0,8.936,1,2,0,3,22
real,50,29,10,10,0,-0.1250,0.7500,0.6250,0.5000,2,1,43,43,15.0,15.574,3,3,4,5,20
model,50,29,10,10,0,-0.2500,0.3750,0.5000,0.1250,2,1,48,48,18.0,19.149,3,5,4,6,20
real,50,16,11,14,0,0.1250,0.5000,0.2500,0.1250,2,0,34,16,15.0,14.723,1,7,5,2,25
model,50,16,11,14,0,0.2500,0.7500,0.2500,0.2500,2,1,48,48,24.0,23.936,8,7,7,2,25
real,50,16,11,11,0,0.2500,0.3750,0.6250,0.2500,2,1,46,46,17.0,17.574,2,9,3,3,22
model,50,16,11,11,0,0.1250,0.8750,0.0000,0.2500,2,1,20,20,9.0,10.766,2,2,5,0,22
real,50,20,10,13,0,0.1250,0.6250,0.2500,0.7500,4,0,21,17,8.0,6.936,4,0,2,2,23
model,50,20,10,13,0,0.5000,1.0000,0.6250,0.5000,5,0,4,9,8.0,9.340,2,4,0,2,23
real,50,20,13,10,0,0.0000,0.6250,0.2500,0.3750,7,0,6,9,4.0,3.745,1,0,3,0,23
model,50,20,13,10,0,1.0000,1.0000,1.0000,1.0000,2,1,6,6,18.0,18.489,5,6,2,5,23
real,50,30,14,11,0,0.0000,1.0000,0.2500,0.6250,3,1,44,44,20.0,19.298,3,6,8,3,25
model,50,30,14,11,0,1.0000,1.0000,1.0000,1.0000,3,0,42,2,20.0,18.298,8,7,2,3,25
real,50,30,12,11,0,0.0000,0.8750,0.3750,0.2500,2,0,24,26,14.0,11.234,0,8,1,5,23
model,50,30,12,11,0,0.5000,0.6250,0.8750,0.6250,3,0,37,2,14.0,15.532,2,7,3,2,23
real,50,30,12,11,0,-0.5000,0.7500,0.3750,0.3750,6,1,23,23,6.0,5.979,3,1,1,1,23
model,50,30,12,11,0,-0.1250,0.6250,0.5000,0.0000,3,1,35,35,9.0,13.106,2,5,1,1,23
real,50,8,13,9,0,0.1250,0.7500,0.5000,0.3750,7,0,24,6,4.0,7.532,1,0,2,1,22
model,50,8,13,9,0,0.2500,1.0000,0.6250,0.3750,4,0,22,4,9.0,8.596,2,3,3,1,22
real,50,45,9,12,1,-0.1250,0.5000,0.2500,0.5000,2,1,48,48,21.0,20.106,2,6,4,9,21
model,50,45,9,12,1,-0.2500,0.6250,0.2500,-0.2500,4,1,26,26,9.0,7.596,1,4,3,1,21
real,50,45,7,11,0,0.1250,0.6250,0.8750,0.7500,1,1,50,50,18.0,18.000,4,1,7,6,18
model,50,45,7,11,0,0.2500,0.7500,0.2500,0.1250,5,1,38,38,6.0,9.191,1,1,3,1,18
real,50,45,8,9,0,0.5000,0.7500,0.5000,0.3750,3,1,38,38,10.0,10.936,2,4,3,1,17
model,50,45,8,9,0,0.0000,0.7500,0.6250,0.8750,5,0,23,6,5.0,4.298,2,0,3,0,17
real,50,45,10,11,0,0.2500,0.8750,0.3750,0.5000,2,1,47,47,18.0,17.872,5,5,6,2,21
model,50,45,10,11,0,-0.2500,0.3750,0.6250,0.1250,2,1,38,38,14.0,14.106,2,3,4,5,21
real,50,36,15,13,0,-0.2500,0.1250,0.5000,0.2500,2,0,32,18,15.0,15.489,3,3,6,3,28
model,50,36,15,13,0,1.0000,1.0000,1.0000,1.0000,2,1,45,45,23.0,22.596,11,4,5,3,28
real,50,36,11,13,0,0.1250,0.3750,0.3750,0.1250,3,0,9,32,14.0,11.489,3,6,1,4,24
model,50,36,11,13,0,0.6250,0.8750,0.6250,0.3750,6,0,2,17,3.0,6.191,1,0,1,1,24
real,50,36,14,12,0,-0.2500,0.8750,0.2500,0.1250,1,1,50,50,26.0,26.000,6,6,9,5,26
model,50,36,14,12,0,-0.3750,0.6250,0.5000,0.6250,4,0,7,35,14.0,14.085,1,3,9,1,26
real,50,36,9,12,0,0.1250,0.5000,0.3750,-0.3750,4,0,31,10,7.0,9.553,2,2,1,2,21
model,50,36,9,12,0,0.0000,0.5000,0.3750,0.2500,3,0,7,41,18.0,15.255,5,2,9,2,21
real,50,37,13,9,0,0.1250,0.8750,0.5000,0.6250,3,0,11,37,11.0,13.277,1,1,6,3,22
model,50,37,13,9,0,0.5000,0.6250,0.3750,0.6250,5,0,3,28,6.0,7.426,1,1,1,3,22
real,50,37,9,10,1,-0.1250,0.8750,0.6250,0.0000,5,1,30,30,5.0,8.489,2,0,1,2,19
model,50,37,9,10,1,0.1250,0.7500,0.2500,0.2500,5,0,14,12,4.0,3.830,1,1,1,1,19
real,50,37,10,12,0,-0.1250,0.2500,0.1250,0.0000,4,0,21,21,7.0,7.532,1,2,2,2,22
model,50,37,10,12,0,-0.5000,0.8750,0.5000,0.5000,4,1,44,44,16.0,17.489,3,1,5,7,22
real,50,37,10,11,0,0.1250,0.3750,0.1250,-0.1250,4,0,9,26,8.0,7.979,1,3,4,0,21
model,50,37,10,11,0,0.0000,0.7500,0.6250,0.2500,3,0,28,5,9.0,9.851,3,1,2,3,21
real,50,9,13,10,0,0.2500,0.6250,0.2500,0.5000,6,0,9,9,4.0,4.957,0,0,2,2,23
model,50,9,13,10,0,0.3750,0.8750,0.2500,0.1250,5,0,7,30,6.0,8.681,1,2,2,1,23
real,50,29,14,11,0,0.3750,0.5000,0.6250,0.3750,2,1,29,29,13.0,12.936,6,1,2,4,25
model,50,29,14,11,0,-0.1250,0.5000,-0.1250,0.1250,1,1,50,50,25.0,25.000,7,3,6,9,25
real,50,29,14,13,0,0.0000,0.8750,0.1250,0.3750,6,0,11,15,4.0,5.809,0,1,3,0,27
model,50,29,14,13,0,-0.3750,1.0000,0.6250,0.6250,4,0,6,8,11.0,8.213,2,1,2,6,27
real,50,29,14,13,1,0.2500,0.7500,0.2500,0.1250,3,0,26,22,10.0,12.851,3,4,1,2,27
model,50,29,14,13,1,-0.1250,0.6250,0.8750,-0.3750,4,1,37,37,12.0,13.830,3,2,1,6,27
real,50,41,14,13,0,-0.1250,0.3750,0.1250,0.5000,5,0,8,7,12.0,11.468,3,6,1,2,27
model,50,41,14,13,0,-0.5000,0.8750,0.1250,0.2500,3,1,43,43,16.0,17.426,2,3,5,6,27
real,50,41,9,12,0,0.1250,0.7500,0.2500,0.2500,5,0,9,17,3.0,5.043,1,0,0,2,21
model,50,41,9,12,0,0.1250,0.6250,0.3750,0.3750,3,1,42,42,12.0,12.872,4,4,2,2,21
real,50,41,13,16,0,0.1250,0.7500,0.6250,0.3750,3,1,30,30,17.0,11.936,1,2,10,4,29
model,50,41,13,16,0,0.2500,0.6250,0.6250,0.6250,7,0,14,3,7.0,6.745,3,1,2,1,29
real,50,41,13,10,0,0.1250,0.6250,0.5000,0.2500,1,1,50,50,23.0,23.000,8,6,2,7,23
model,50,41,13,10,0,0.1250,0.5000,0.0000,-0.2500,1,1,50,50,23.0,23.000,2,8,6,7,23
real,50,27,9,11,1,-0.1250,0.0000,0.1250,0.1250,7,1,16,16,0.0,3.468,0,0,0,0,20
model,50,27,9,11,1,0.1250,-0.1250,0.5000,0.2500,4,1,43,43,17.0,14.574,5,3,5,4,20
real,50,27,13,13,0,0.1250,0.3750,0.5000,-0.1250,1,1,50,50,26.0,26.000,5,8,4,9,26
model,50,27,13,13,0,-0.5000,0.6250,0.7500,0.6250,5,0,8,23,7.0,6.277,2,2,3,0,26
real,50,27,12,12,0,0.2500,1.0000,0.6250,0.5000,6,0,15,6,7.0,6.383,3,3,0,1,24
model,50,27,12,12,0,0.0000,0.7500,0.5000,0.2500,4,0,14,29,5.0,10.106,1,1,1,2,24
real,50,27,11,11,0,0.1250,0.7500,0.2500,-0.1250,3,0,37,8,15.0,13.745,2,5,5,3,22
model,50,27,11,11,0,0.1250,0.5000,0.3750,0.5000,4,1,32,32,9.0,10.936,1,3,1,4,22
real,50,21,9,13,0,1.0000,1.0000,1.0000,1.0000,4,0,3,22,8.0,9.021,1,2,3,2,22
model,50,21,9,13,0,0.1250,0.5000,0.6250,0.6250,2,1,19,19,11.0,11.064,3,2,2,4,22
real,50,24,11,12,0,-0.2500,0.0000,0.6250,0.3750,2,1,41,41,13.0,16.043,2,4,2,5,23
model,50,24,11,12,0,0.0000,0.3750,0.8750,0.3750,3,1,30,30,12.0,9.787,5,1,3,3,23
real,50,21,11,10,0,0.0000,0.5000,0.5000,0.5000,3,1,32,32,11.0,9.574,1,4,4,2,21
model,50,21,11,10,0,-0.3750,0.8750,0.2500,0.5000,3,0,23,20,7.0,7.979,3,1,2,1,21
real,50,21,12,10,0,0.2500,0.7500,0.8750,0.8750,2,1,39,39,16.0,14.085,3,4,4,5,22
model,50,21,12,10,0,0.1250,0.7500,0.5000,0.5000,4,0,40,6,16.0,14.702,3,5,7,1,22
real,50,23,14,11,0,0.0000,0.8750,0.3750,0.5000,2,1,45,45,19.0,21.532,3,6,6,4,25
model,50,23,14,11,0,-0.1250,0.7500,0.3750,0.6250,4,0,7,28,10.0,9.170,1,3,3,3,25
real,50,23,16,11,0,0.1250,0.6250,0.2500,0.2500,3,1,27,27,11.0,11.149,2,3,3,3,27
model,50,23,16,11,0,0.1250,0.7500,0.3750,0.0000,3,1,32,32,16.0,12.638,3,4,4,5,27
real,50,13,13,13,0,0.1250,0.6250,-0.1250,-0.2500,4,1,32,32,10.0,10.043,5,0,3,2,26
model,50,13,13,13,0,0.2500,0.8750,0.1250,0.5000,4,0,30,8,11.0,10.936,1,3,1,6,26
real,50,23,11,12,0,0.1250,0.7500,0.3750,-0.1250,4,0,10,11,10.0,7.979,2,2,4,2,23
model,50,23,11,12,0,0.1250,0.5000,0.7500,0.0000,5,1,37,37,12.0,13.383,4,2,4,2,23
real,50,29,10,13,0,0.6250,0.8750,0.2500,0.2500,3,0,33,8,14.0,12.106,4,2,4,4,23
model,50,29,10,13,0,-0.3750,0.7500,0.3750,0.2500,2,1,48,48,23.0,22.021,9,2,4,8,23
real,50,29,16,14,0,0.0000,0.5000,0.2500,0.5000,4,0,5,6,13.0,11.532,4,2,5,2,30
model,50,29,16,14,0,0.0000,0.6250,0.3750,0.3750,4,0,15,31,11.0,12.638,4,2,3,2,30
real,50,29,15,10,0,-0.2500,0.3750,0.3750,0.7500,3,1,15,15,8.0,10.000,3,4,0,1,25
model,50,29,15,10,0,-0.1250,1.0000,0.6250,0.2500,2,1,48,48,23.0,23.000,6,7,6,4,25
real,50,29,15,8,1,0.2500,0.5000,-0.1250,0.5000,6,0,25,15,5.0,7.894,3,1,1,0,23
model,50,29,15,8,1,-0.1250,0.3750,0.5000,0.0000,4,1,37,37,14.0,15.383,4,5,3,2,23
real,50,46,8,14,0,0.7500,0.7500,0.6250,0.5000,5,0,14,5,7.0,7.532,0,1,3,3,22
model,50,46,8,14,0,-0.2500,0.1250,0.2500,0.2500,3,1,30,30,8.0,10.851,0,2,3,3,22
real,50,46,11,9,0,0.0000,0.3750,0.1250,0.3750,4,0,7,29,8.0,8.298,2,1,4,1,20
model,50,46,11,9,0,0.3750,0.6250,0.3750,0.3750,1,1,50,50,20.0,20.000,3,7,4,6,20
real,50,46,7,9,1,0.3750,0.5000,0.5000,0.3750,4,1,39,39,12.0,10.872,1,3,4,4,16
model,50,46,7,9,1,0.2500,0.7500,0.3750,0.1250,5,0,31,12,4.0,5.340,0,2,1,1,16
real,50,46,15,10,0,0.2500,0.0000,0.2500,-0.1250,1,1,50,50,25.0,25.000,4,5,11,5,25
model,50,46,15,10,0,-0.1250,0.6250,0.7500,0.0000,5,0,24,13,11.0,7.830,2,5,3,1,25
real,50,32,7,13,0,1.0000,1.0000,1.0000,1.0000,3,1,41,41,13.0,13.340,1,1,8,3,20
model,50,32,7,13,0,0.3750,0.7500,0.2500,0.7500,3,0,22,24,12.0,8.532,5,1,3,3,20
real,50,32,14,11,0,0.2500,0.5000,0.6250,0.3750,2,1,44,44,21.0,19.511,4,2,8,7,25
model,50,32,14,11,0,-0.1250,0.5000,0.6250,0.6250,3,1,22,22,10.0,9.213,1,5,4,0,25
real,50,32,8,12,0,0.3750,0.6250,0.6250,0.2500,4,1,24,24,4.0,8.319,0,2,1,1,20
model,50,32,8,12,0,0.0000,0.8750,0.5000,-0.1250,1,1,50,50,20.0,20.000,5,3,8,4,20
real,50,32,8,8,0,-0.2500,0.6250,0.3750,0.1250,2,1,39,39,11.0,11.149,6,2,1,2,16
model,50,32,8,8,0,0.0000,0.7500,0.6250,0.5000,8,0,9,13,2.0,2.021,1,0,0,1,16
real,50,47,8,10,0,0.0000,0.3750,0.7500,0.2500,4,0,15,24,5.0,5.617,2,0,1,2,18
model,50,47,8,10,0,0.0000,0.3750,0.6250,0.5000,3,0,6,35,8.0,10.426,4,1,2,1,18
real,50,47,12,15,0,-0.6250,0.7500,0.6250,0.5000,5,0,5,7,10.0,6.362,1,2,6,1,27
model,50,47,12,15,0,-0.7500,0.8750,0.5000,0.0000,4,1,35,35,14.0,12.957,4,3,3,4,27
real,50,47,11,13,0,0.0000,0.8750,0.7500,0.5000,3,1,30,30,11.0,10.766,5,2,3,1,24
model,50,47,11,13,0,-0.3750,0.0000,0.1250,-0.2500,8,0,5,30,6.0,8.745,0,2,2,2,24
real,50,47,15,11,0,0.1250,0.6250,0.3750,0.2500,3,1,44,44,20.0,21.021,4,5,4,7,26
model,50,47,15,11,0,0.1250,0.3750,0.7500,0.3750,5,1,32,32,13.0,12.468,2,6,2,3,26
real,50,28,11,10,0,0.5000,0.7500,0.8750,0.7500,4,1,22,22,8.0,6.234,1,3,2,2,21
model,50,28,11,10,0,-0.5000,0.7500,0.5000,-0.1250,4,1,43,43,16.0,16.213,4,4,2,6,21
real,50,19,10,14,0,-0.1250,0.3750,0.6250,-0.1250,2,1,43,43,21.0,19.702,3,10,4,4,24
model,50,19,10,14,0,-0.1250,0.7500,0.0000,-0.1250,3,0,27,15,12.0,9.574,3,2,4,3,24
real,50,28,7,12,0,0.1250,0.6250,0.0000,0.5000,3,1,29,29,6.0,7.489,1,1,3,1,19
model,50,28,7,12,0,0.2500,0.5000,0.1250,0.5000,1,1,50,50,19.0,19.000,1,9,6,3,19
real,50,19,14,9,0,0.0000,0.7500,0.7500,0.2500,5,0,13,17,7.0,5.298,0,4,1,2,23
model,50,19,14,9,0,0.0000,0.7500,0.3750,0.0000,3,1,45,45,20.0,17.979,3,7,8,2,23
real,50,50,12,8,0,0.1250,1.0000,0.3750,0.1250,4,1,43,43,13.0,12.064,3,2,5,3,20
model,50,50,12,8,0,-0.2500,0.6250,0.8750,0.1250,1,1,50,50,20.0,20.000,8,4,5,3,20
real,50,50,12,13,0,0.0000,0.5000,0.6250,0.1250,2,1,44,44,18.0,16.447,4,4,5,5,25
model,50,50,12,13,0,0.1250,0.7500,0.2500,-0.2500,2,0,31,19,14.0,13.383,1,5,4,4,25
real,50,50,13,10,0,0.0000,0.6250,0.3750,0.2500,2,1,46,46,19.0,21.043,4,5,3,7,23
model,50,50,13,10,0,-0.2500,0.8750,0.6250,0.6250,2,0,5,45,21.0,20.191,5,6,5,5,23
real,50,50,14,10,0,0.2500,0.2500,0.5000,0.2500,4,0,18,26,8.0,9.723,2,4,1,1,24
model,50,50,14,10,0,0.6250,0.5000,0.7500,0.8750,6,0,8,18,6.0,4.957,1,2,3,0,24
real,50,22,9,12,0,-0.1250,0.7500,0.5000,0.2500,3,0,21,20,8.0,7.149,1,2,2,3,21
model,50,22,9,12,0,1.0000,1.0000,1.0000,1.0000,4,1,29,29,8.0,7.383,3,2,2,1,21
real,50,13,14,12,0,0.3750,0.7500,0.5000,0.3750,5,1,23,23,8.0,6.681,1,3,3,1,26
model,50,13,14,12,0,0.8750,0.7500,0.6250,0.3750,3,0,5,43,21.0,17.702,5,5,4,7,26
real,50,13,14,13,0,-0.2500,0.8750,0.1250,0.2500,3,1,34,34,13.0,14.915,4,2,3,4,27
model,50,13,14,13,0,-0.1250,0.7500,0.1250,0.2500,4,1,25,25,11.0,9.723,3,4,3,1,27
real,50,13,12,11,0,0.0000,0.5000,0.7500,0.7500,2,1,36,36,12.0,13.596,1,1,5,5,23
model,50,13,12,11,0,-0.2500,0.7500,-0.2500,0.3750,3,0,23,20,12.0,8.426,4,4,3,1,23
real,50,45,9,10,0,0.0000,0.5000,0.5000,0.7500,5,1,35,35,8.0,9.809,2,4,1,1,19
model,50,45,9,10,0,0.2500,0.6250,0.5000,0.7500,4,1,14,14,6.0,5.319,1,3,1,1,19
real,50,45,8,11,0,0.1250,0.6250,0.0000,0.2500,1,1,50,50,19.0,19.000,3,4,8,4,19
model,50,45,8,11,0,0.1250,0.5000,0.7500,0.5000,3,1,14,14,10.0,9.809,4,4,1,1,19
real,50,45,10,13,0,0.2500,0.6250,0.6250,0.0000,4,0,8,11,6.0,6.979,0,4,1,1,23
model,50,45,10,13,0,-0.1250,0.5000,0.5000,0.2500,4,0,33,4,12.0,11.404,3,2,3,4,23
real,50,45,13,10,0,0.0000,0.6250,0.3750,-0.1250,4,0,12,21,4.0,6.511,1,1,0,2,23
model,50,45,13,10,0,0.2500,0.2500,0.1250,0.1250,3,0,27,15,12.0,8.277,1,4,6,1,23
real,50,18,14,9,0,0.1250,0.7500,0.5000,0.5000,1,1,50,50,23.0,23.000,9,8,4,2,23
model,50,18,14,9,0,1.0000,1.0000,1.0000,1.0000,6,1,6,6,12.0,11.489,1,1,6,4,23
real,50,12,10,12,0,0.0000,0.2500,-0.3750,0.2500,2,1,48,48,21.0,20.128,3,8,6,4,22
model,50,12,10,12,0,0.0000,0.1250,0.6250,0.2500,2,0,43,7,15.0,16.128,5,5,4,1,22
real,50,18,10,11,1,0.0000,1.0000,0.5000,0.0000,5,0,32,2,7.0,8.489,1,0,0,6,21
model,50,18,10,11,1,-0.1250,0.3750,0.5000,0.1250,3,0,18,28,13.0,8.936,2,3,5,3,21
real,50,6,10,14,0,-0.1250,0.5000,0.2500,0.2500,6,0,4,19,6.0,5.979,0,3,2,1,24
model,50,6,10,14,0,0.0000,0.7500,0.1250,0.3750,6,0,6,32,8.0,8.936,0,5,3,0,24
real,50,44,11,11,0,0.0000,0.3750,-0.2500,0.2500,4,1,17,17,4.0,6.596,2,1,1,0,22
model,50,44,11,11,0,0.2500,0.7500,0.5000,0.7500,3,1,32,32,11.0,10.447,1,5,4,1,22
real,50,44,11,14,0,1.0000,1.0000,1.0000,1.0000,5,0,16,2,7.0,7.255,2,1,2,2,25
model,50,44,11,14,0,0.3750,0.6250,0.1250,0.3750,5,0,11,13,4.0,5.723,3,0,1,0,25
real,50,44,13,12,0,0.2500,0.7500,0.5000,0.6250,2,1,46,46,22.0,20.319,3,5,5,9,25
model,50,44,13,12,0,0.0000,0.7500,0.6250,0.6250,3,1,42,42,21.0,18.574,5,4,5,7,25
real,50,44,13,11,0,0.1250,0.5000,0.6250,0.5000,4,0,30,6,11.0,11.149,2,1,5,3,24
model,50,44,13,11,0,0.0000,0.7500,0.0000,0.1250,5,1,26,26,8.0,8.000,2,4,1,1,24
real,50,47,13,13,0,0.1250,0.6250,0.6250,0.2500,3,0,7,30,11.0,11.298,1,6,3,1,26
model,50,47,13,13,0,-0.3750,0.7500,0.6250,-0.2500,3,1,43,43,16.0,18.915,4,4,7,1,26
real,50,47,12,13,0,0.3750,0.7500,0.5000,0.0000,3,1,42,42,17.0,18.489,5,4,7,1,25
model,50,47,12,13,0,0.3750,0.2500,0.3750,0.5000,5,0,10,8,3.0,4.915,1,1,1,0,25
real,50,47,13,12,0,0.3750,0.3750,0.5000,0.5000,3,0,10,27,11.0,10.191,1,2,3,5,25
model,50,47,13,12,0,0.2500,0.7500,0.7500,0.3750,4,1,42,42,13.0,15.213,3,3,4,3,25
real,50,47,11,11,0,-0.3750,-0.1250,0.7500,0.2500,2,1,47,47,21.0,19.702,2,8,4,7,22
model,50,47,11,11,0,0.1250,0.8750,0.6250,0.5000,4,0,6,31,9.0,8.936,3,1,2,3,22
real,50,48,8,10,0,-0.2500,0.5000,-0.2500,0.0000,5,0,13,16,3.0,4.213,2,0,0,1,18
model,50,48,8,10,0,0.0000,0.7500,0.0000,0.5000,3,1,42,42,12.0,13.447,0,3,5,4,18
real,50,48,16,12,0,-0.1250,0.8750,0.3750,0.3750,3,0,7,41,19.0,17.277,2,5,6,6,28
model,50,48,16,12,0,1.0000,1.0000,1.0000,1.0000,5,0,2,24,8.0,8.851,3,1,4,0,28
real,50,48,8,10,0,0.2500,0.5000,0.6250,0.3750,2,1,46,46,16.0,16.468,2,4,6,4,18
model,50,48,8,10,0,0.1250,0.6250,0.3750,0.3750,3,0,21,24,5.0,6.766,3,0,1,1,18
real,50,48,11,9,0,-0.1250,0.1250,0.3750,0.2500,2,1,45,45,17.0,17.064,5,3,4,5,20
model,50,48,11,9,0,0.1250,0.6250,0.1250,-0.1250,3,0,13,15,7.0,7.021,1,2,2,2,20
real,50,47,12,12,0,0.0000,0.7500,1.0000,0.0000,6,0,3,16,5.0,5.936,1,2,1,1,24
model,50,47,12,12,0,0.6250,0.6250,0.5000,0.5000,3,1,15,15,12.0,11.085,5,1,4,2,24
real,50,47,12,10,0,-0.2500,0.8750,0.6250,0.3750,4,1,30,30,5.0,7.830,1,1,2,1,22
model,50,47,12,10,0,0.3750,0.6250,0.2500,0.2500,3,0,21,24,10.0,8.766,3,3,3,1,22
real,50,47,11,9,0,0.2500,0.7500,0.8750,0.2500,7,0,22,3,3.0,4.745,0,0,2,1,20
model,50,47,11,9,0,-0.3750,0.6250,0.3750,0.6250,3,1,32,32,10.0,9.362,1,4,3,2,20
real,50,47,9,11,0,-0.3750,0.3750,0.6250,0.2500,4,0,12,34,11.0,10.894,1,3,6,1,20
model,50,47,9,11,0,0.1250,0.6250,0.5000,0.5000,3,1,39,39,15.0,13.362,2,6,5,2,20
real,50,41,12,9,1,0.2500,0.7500,0.5000,0.1250,5,0,16,4,10.0,8.085,3,4,2,1,21
model,50,41,12,9,1,1.0000,1.0000,1.0000,1.0000,5,1,3,3,8.0,10.128,1,3,1,3,21
real,50,7,10,9,0,-0.2500,0.3750,0.6250,0.1250,3,1,16,16,10.0,10.617,1,6,2,1,19
model,50,7,10,9,0,0.3750,0.7500,0.5000,0.2500,4,0,6,34,11.0,9.340,3,1,3,4,19
real,50,41,12,11,0,0.1250,0.7500,0.5000,0.2500,4,1,19,19,12.0,8.660,2,4,2,4,23
model,50,41,12,11,0,1.0000,1.0000,1.0000,1.0000,4,1,22,22,10.0,7.809,2,3,2,3,23
real,50,41,13,14,0,0.1250,0.5000,0.5000,-0.3750,2,1,40,40,18.0,18.872,8,3,3,4,27
model,50,41,13,14,0,0.0000,0.2500,0.3750,0.1250,3,0,7,37,14.0,15.638,1,5,2,6,27
real,50,16,11,14,0,-0.3750,0.2500,0.1250,0.0000,4,0,21,17,7.0,7.894,2,1,4,0,25
model,50,16,11,14,0,-0.1250,0.6250,0.0000,0.3750,3,0,12,14,8.0,10.234,4,1,1,2,25
real,50,27,12,12,0,0.1250,0.6250,0.3750,0.0000,5,0,8,23,6.0,6.255,2,0,2,2,24
model,50,27,12,12,0,0.5000,0.8750,0.8750,0.5000,4,0,6,17,6.0,9.638,1,2,0,3,24
real,50,27,14,10,0,-0.2500,0.0000,0.0000,0.3750,3,1,22,22,8.0,10.511,0,1,3,4,24
model,50,27,14,10,0,0.2500,0.8750,0.8750,0.6250,4,1,33,33,13.0,10.468,6,3,1,3,24
real,50,27,11,12,0,0.0000,0.3750,0.5000,0.5000,1,1,50,50,23.0,23.000,3,4,11,5,23
model,50,27,11,12,0,0.3750,1.0000,0.7500,0.2500,6,0,21,4,10.0,5.936,1,2,6,1,23
real,50,12,12,12,0,-0.3750,0.6250,0.5000,0.3750,6,0,17,5,4.0,5.596,0,1,3,0,24
model,50,12,12,12,0,0.2500,0.6250,0.2500,-0.1250,3,0,29,11,10.0,11.106,2,3,4,1,24
real,50,12,11,12,0,0.0000,0.6250,0.1250,0.3750,1,1,50,50,23.0,23.000,5,3,7,8,23
model,50,12,11,12,0,0.0000,0.7500,0.2500,0.6250,6,0,10,4,6.0,6.404,2,2,2,0,23
real,50,28,12,8,0,0.2500,0.8750,0.5000,0.5000,3,0,11,4,13.0,11.809,4,0,5,4,20
model,50,28,12,8,0,0.3750,0.3750,0.1250,0.2500,4,0,20,14,10.0,5.532,4,2,4,0,20
real,50,28,12,14,0,-0.1250,1.0000,0.3750,0.6250,5,0,9,6,7.0,7.085,2,2,3,0,26
model,50,28,12,14,0,0.0000,0.3750,0.3750,0.5000,1,1,50,50,26.0,26.000,5,7,5,9,26
real,50,44,9,14,0,-0.5000,0.6250,0.6250,0.1250,5,0,12,15,5.0,4.277,2,2,1,0,23
model,50,44,9,14,0,1.0000,1.0000,1.0000,1.0000,3,1,35,35,14.0,10.809,2,5,2,5,23
real,50,44,13,10,2,0.0000,0.6250,0.6250,0.1250,5,1,26,26,7.0,9.468,3,1,2,1,23
model,50,44,13,10,2,0.2500,0.8750,0.6250,0.2500,3,1,45,45,21.0,19.681,4,8,3,6,23
real,50,44,13,11,0,0.2500,0.5000,0.7500,0.6250,3,1,42,42,15.0,15.574,5,3,4,3,24
model,50,44,13,11,0,-0.1250,0.5000,0.1250,0.1250,6,0,18,17,4.0,5.574,1,1,2,0,24
real,50,44,15,12,0,0.0000,0.6250,0.6250,0.5000,2,1,47,47,21.0,24.383,5,5,6,5,27
model,50,44,15,12,0,0.2500,0.6250,0.7500,0.3750,4,1,16,16,9.0,8.447,2,1,4,2,27
real,50,21,12,11,0,-0.5000,0.8750,0.6250,0.3750,3,0,20,21,6.0,8.404,1,2,1,2,23
model,50,21,12,11,0,-0.1250,0.5000,0.3750,0.1250,3,0,18,28,8.0,10.681,0,4,4,0,23
real,50,29,9,8,1,0.3750,0.8750,1.0000,0.2500,4,1,43,43,12.0,14.468,5,4,2,1,17
model,50,29,9,8,1,0.2500,0.6250,0.3750,0.1250,5,0,39,4,11.0,11.894,1,1,5,4,17
real,50,29,9,9,0,0.0000,0.7500,0.7500,0.0000,2,0,4,46,17.0,16.851,4,4,7,2,18
model,50,29,9,9,0,0.1250,0.8750,0.3750,0.5000,5,0,9,14,4.0,3.660,0,2,1,1,18
real,50,29,10,11,0,0.5000,0.5000,-0.1250,-0.1250,3,0,37,9,8.0,11.723,0,0,6,2,21
model,50,29,10,11,0,-0.1250,0.7500,0.7500,0.3750,5,1,29,29,10.0,9.489,1,1,4,4,21
real,50,33,12,11,0,-0.2500,0.6250,0.8750,0.2500,2,1,43,43,18.0,18.128,5,5,5,3,23
model,50,33,12,11,0,0.2500,0.3750,0.7500,-0.1250,5,0,29,12,7.0,10.000,2,1,3,1,23
real,50,33,12,15,0,-0.1250,0.7500,0.6250,0.7500,3,1,39,39,17.0,15.745,6,7,2,2,27
model,50,33,12,15,0,-0.1250,0.5000,0.5000,0.2500,3,1,46,46,24.0,22.915,9,6,5,4,27
real,50,33,8,12,1,-0.1250,0.6250,0.3750,0.2500,4,0,17,14,4.0,6.340,2,0,0,2,20
model,50,33,8,12,1,1.0000,1.0000,1.0000,1.0000,6,0,2,27,7.0,8.170,1,0,2,4,20
real,50,33,12,10,0,-0.1250,0.6250,0.3750,0.1250,1,1,50,50,22.0,22.000,5,6,8,3,22
model,50,33,12,10,0,0.0000,0.2500,0.7500,0.3750,5,0,28,8,8.0,8.532,2,2,2,2,22
real,50,41,11,6,0,0.0000,0.5000,0.0000,0.1250,2,0,5,45,13.0,14.702,1,3,5,4,17
model,50,41,11,6,0,-0.1250,0.5000,0.3750,-0.3750,3,1,35,35,8.0,8.936,2,2,3,1,17
real,50,41,12,9,0,0.3750,0.7500,0.7500,0.5000,6,0,22,7,5.0,5.064,2,1,2,0,21
model,50,41,12,9,0,0.6250,0.8750,0.5000,0.6250,6,0,3,32,14.0,9.532,7,2,2,3,21
real,50,41,14,13,0,0.0000,0.5000,0.5000,0.1250,4,0,16,9,5.0,6.702,1,3,0,1,27
model,50,41,14,13,0,0.2500,0.5000,0.0000,0.2500,2,1,29,29,14.0,13.277,4,0,5,5,27
real,50,41,8,10,0,0.0000,0.6250,0.3750,0.3750,2,1,33,33,8.0,9.106,2,3,2,1,18
model,50,41,8,10,0,0.0000,0.5000,0.5000,0.0000,4,0,37,7,13.0,12.085,2,2,5,4,18
real,50,41,10,14,0,-0.1250,0.2500,0.0000,0.2500,4,0,20,16,6.0,7.277,0,1,3,2,24
model,50,41,10,14,0,-0.1250,0.2500,0.5000,0.1250,4,0,27,9,8.0,8.426,2,4,0,2,24
real,50,41,8,5,0,-0.2500,0.6250,0.1250,0.1250,2,1,48,48,12.0,11.511,0,3,7,2,13
model,50,41,8,5,0,1.0000,1.0000,1.0000,1.0000,2,0,46,4,13.0,12.170,6,2,4,1,13
real,50,41,8,11,1,0.0000,0.6250,0.2500,0.5000,4,1,41,41,12.0,13.851,1,6,1,4,19
model,50,41,8,11,1,0.2500,0.6250,0.1250,-0.5000,4,0,12,9,5.0,4.936,3,1,1,0,19
real,50,41,9,11,0,0.3750,0.8750,0.1250,0.2500,3,1,20,20,8.0,7.553,2,2,3,1,20
model,50,41,9,11,0,0.0000,0.5000,0.2500,0.5000,6,0,17,14,4.0,4.000,1,0,1,2,20
real,50,30,16,10,0,0.0000,0.6250,0.2500,0.1250,3,1,31,31,11.0,11.915,1,3,1,6,26
model,50,30,16,10,0,-0.2500,0.7500,0.3750,0.2500,2,1,43,43,22.0,18.511,5,4,5,8,26
real,50,20,12,14,0,0.1250,0.8750,0.7500,0.6250,6,0,20,2,6.0,5.915,1,1,3,1,26
model,50,20,12,14,0,-0.2500,0.3750,0.2500,0.2500,4,0,9,22,7.0,7.170,2,0,2,3,26
real,50,20,11,13,1,0.0000,0.3750,-0.3750,0.7500,3,1,45,45,20.0,19.745,4,4,6,6,24
model,50,20,11,13,1,-0.1250,0.5000,0.2500,0.1250,2,1,44,44,20.0,19.404,7,5,1,7,24
real,50,30,12,12,0,-0.3750,0.7500,0.6250,0.6250,3,1,15,15,13.0,11.170,1,5,4,3,24
model,50,30,12,12,0,-0.2500,0.6250,0.3750,0.6250,2,1,45,45,17.0,17.404,2,4,8,3,24
real,50,31,13,9,0,-0.2500,0.8750,0.8750,0.7500,3,1,14,14,9.0,6.936,2,2,3,2,22
model,50,31,13,9,0,-0.1250,1.0000,0.6250,0.5000,4,1,11,11,3.0,7.660,0,1,1,1,22
real,50,31,13,12,0,-0.5000,0.6250,0.5000,0.7500,3,1,33,33,13.0,11.064,2,3,2,6,25
model,50,31,13,12,0,0.5000,0.6250,0.6250,0.3750,3,1,31,31,13.0,12.064,3,5,1,4,25
real,50,31,9,10,1,0.1250,0.2500,0.5000,-0.2500,3,0,14,34,12.0,11.660,2,2,6,2,19
model,50,31,9,10,1,0.0000,1.0000,0.3750,0.2500,3,1,37,37,13.0,11.319,2,4,4,3,19
real,50,31,9,11,1,-0.2500,0.8750,0.2500,0.2500,4,0,36,6,7.0,8.213,1,2,3,1,20
model,50,31,9,11,1,0.3750,1.0000,0.6250,0.5000,2,0,4,46,16.0,17.830,4,2,8,2,20
real,50,18,12,11,0,0.2500,0.8750,0.3750,0.1250,2,1,46,46,19.0,21.043,5,5,4,5,23
model,50,18,12,11,0,-0.2500,0.3750,0.1250,0.3750,3,0,37,11,15.0,13.809,4,4,3,4,23
real,50,22,11,13,0,0.1250,0.6250,0.3750,0.3750,3,0,21,16,5.0,8.149,0,2,3,0,24
model,50,22,11,13,0,0.3750,0.8750,0.5000,0.3750,5,1,17,17,9.0,7.787,3,0,2,4,24
real,50,18,13,13,0,-0.3750,0.6250,0.6250,0.6250,4,0,23,8,5.0,7.787,1,1,1,2,26
model,50,18,13,13,0,-0.1250,0.7500,0.3750,0.5000,3,0,6,40,18.0,18.809,3,1,5,9,26
real,50,22,16,11,0,0.2500,0.6250,0.3750,0.6250,3,0,15,13,9.0,9.766,1,5,1,2,27
model,50,22,16,11,0,-0.2500,0.5000,0.5000,0.6250,5,0,11,17,8.0,5.787,2,1,2,3,27
real,50,18,13,10,0,0.1250,0.5000,0.5000,0.2500,5,0,30,3,9.0,6.809,0,3,4,2,23
model,50,18,13,10,0,-0.1250,0.6250,0.3750,0.3750,7,0,9,10,5.0,4.128,1,2,1,1,23
real,50,18,10,11,0,0.0000,0.5000,0.0000,0.1250,3,1,44,44,17.0,18.319,0,3,5,9,21
model,50,18,10,11,0,0.0000,0.8750,0.3750,0.5000,3,0,36,5,13.0,12.979,1,2,7,3,21
real,50,18,12,9,0,0.0000,0.6250,0.2500,0.1250,3,1,43,43,15.0,14.745,3,6,4,2,21
model,50,18,12,9,0,0.1250,0.2500,0.5000,0.2500,2,0,25,25,11.0,10.277,1,3,3,4,21
real,50,18,10,9,1,0.2500,0.5000,-0.3750,-0.2500,6,1,26,26,3.0,5.255,2,1,0,0,19
model,50,18,10,9,1,-0.3750,0.5000,0.6250,0.0000,3,1,40,40,13.0,12.277,2,2,4,5,19
real,50,22,14,10,0,0.1250,0.5000,0.0000,0.2500,3,0,16,7,6.0,9.191,1,3,1,1,24
model,50,22,14,10,0,0.1250,0.2500,0.1250,0.0000,2,1,46,46,19.0,20.255,7,2,4,6,24
real,50,17,16,10,0,-0.3750,0.5000,0.2500,0.0000,3,1,33,33,12.0,10.830,3,4,4,1,26
model,50,17,16,10,0,0.0000,0.7500,0.3750,0.7500,4,0,22,9,5.0,7.404,1,1,2,1,26
real,50,22,13,12,0,0.2500,0.8750,0.6250,0.2500,2,1,18,18,10.0,13.426,0,4,1,5,25
model,50,22,13,12,0,0.3750,0.6250,0.2500,0.3750,3,1,12,12,11.0,11.745,2,3,2,4,25
real,50,22,14,11,0,-0.3750,0.7500,0.5000,-0.1250,3,0,21,25,10.0,10.957,0,4,4,2,25
model,50,22,14,11,0,0.2500,1.0000,0.7500,1.0000,1,1,50,50,25.0,25.000,5,4,11,5,25
real,50,27,12,14,0,0.1250,0.6250,0.7500,0.5000,3,1,15,15,7.0,11.702,0,3,3,1,26
model,50,27,12,14,0,-0.1250,0.7500,0.3750,0.3750,2,1,46,46,22.0,23.787,6,2,6,8,26
real,50,27,12,10,0,0.1250,0.7500,0.6250,0.2500,5,0,18,11,4.0,4.596,1,1,1,1,22
model,50,27,12,10,0,1.0000,1.0000,1.0000,1.0000,2,1,38,38,12.0,13.830,2,3,4,3,22
real,50,19,7,14,0,0.2500,0.6250,-0.1250,-0.1250,4,0,23,21,5.0,6.574,0,3,2,0,21
model,50,19,7,14,0,-0.2500,0.6250,0.1250,0.3750,4,0,20,24,3.0,7.128,1,2,0,0,21
real,50,19,12,10,0,0.2500,0.6250,0.5000,0.1250,3,0,5,5,14.0,14.426,2,8,0,4,22
model,50,19,12,10,0,0.2500,0.8750,0.3750,0.8750,4,1,42,42,15.0,15.149,1,5,3,6,22
real,50,14,13,10,0,0.0000,0.5000,0.6250,0.3750,2,1,41,41,16.0,16.681,3,6,2,5,23
model,50,14,13,10,0,-0.1250,0.5000,-0.1250,0.6250,4,1,40,40,14.0,13.723,3,5,3,3,23
real,50,17,13,15,0,0.3750,0.3750,0.1250,0.6250,3,0,26,22,18.0,13.362,3,4,6,5,28
model,50,17,13,15,0,0.1250,0.2500,0.5000,0.6250,4,0,7,14,11.0,10.404,5,2,2,2,28
real,50,14,10,13,0,0.5000,0.7500,0.6250,0.3750,3,0,16,16,7.0,7.745,2,0,2,3,23
model,50,14,10,13,0,0.2500,0.3750,0.6250,0.2500,2,0,20,30,7.0,11.787,0,1,4,2,23
real,50,14,8,11,1,-0.1250,0.5000,0.3750,0.5000,3,0,7,41,14.0,15.043,3,4,4,3,19
model,50,14,8,11,1,-0.1250,0.3750,0.3750,0.1250,3,1,44,44,15.0,13.298,5,2,6,2,19
real,50,50,11,13,0,-0.1250,0.5000,0.5000,0.7500,3,0,17,13,6.0,8.255,1,1,1,3,24
model,50,50,11,13,0,-0.1250,0.6250,0.0000,0.0000,2,1,46,46,20.0,17.702,5,5,5,5,24
real,50,50,9,11,0,-0.3750,0.3750,0.1250,0.5000,1,1,50,50,20.0,20.000,3,2,7,8,20
model,50,50,9,11,0,0.1250,0.7500,0.1250,0.3750,6,0,5,28,8.0,7.277,2,1,2,3,20
real,50,50,12,13,0,-0.1250,0.6250,0.6250,0.7500,4,0,16,26,11.0,10.319,0,5,3,3,25
model,50,50,12,13,0,0.0000,0.7500,0.3750,0.3750,5,0,6,31,12.0,9.617,0,6,2,4,25
real,50,50,12,11,0,0.2500,0.7500,0.5000,0.3750,3,0,20,28,12.0,11.000,4,2,2,4,23
model,50,50,12,11,0,0.3750,0.8750,1.0000,0.6250,2,1,48,48,21.0,22.021,4,2,8,7,23
real,50,23,10,10,0,0.1250,0.8750,0.7500,0.6250,2,0,20,30,12.0,10.638,4,3,3,2,20
model,50,23,10,10,0,1.0000,1.0000,1.0000,1.0000,2,1,46,46,19.0,17.447,6,6,5,2,20
real,50,23,13,8,0,0.2500,0.6250,0.3750,-0.1250,2,1,39,39,17.0,13.872,4,8,3,2,21
model,50,23,13,8,0,0.3750,0.6250,0.1250,-0.1250,2,1,30,30,9.0,10.021,3,2,3,1,21
real,50,23,14,14,0,0.1250,0.6250,0.0000,0.2500,3,1,45,45,23.0,22.447,9,6,3,5,28
model,50,23,14,14,0,-0.2500,0.8750,0.5000,0.2500,3,0,11,35,12.0,12.638,2,4,0,6,28
real,50,17,12,11,0,0.0000,0.7500,0.8750,0.1250,3,0,40,6,15.0,15.638,2,1,7,5,23
model,50,17,12,11,0,0.0000,0.8750,0.8750,0.3750,2,1,42,42,16.0,17.043,2,5,3,6,23
real,50,30,11,12,0,0.1250,0.3750,0.2500,0.5000,2,1,28,28,11.0,11.213,1,4,5,1,23
model,50,30,11,12,0,0.2500,0.7500,0.2500,0.6250,3,0,18,19,5.0,7.426,1,3,0,1,23
real,50,30,11,13,0,0.1250,0.3750,0.3750,0.2500,4,0,17,11,4.0,5.787,1,1,2,0,24
model,50,30,11,13,0,0.5000,0.6250,0.7500,0.6250,3,0,17,28,10.0,10.936,3,3,3,1,24
real,50,30,9,12,0,0.2500,0.7500,0.5000,0.0000,3,0,15,33,11.0,11.170,2,3,6,0,21
model,50,30,9,12,0,-0.1250,0.2500,0.6250,0.3750,3,1,24,24,7.0,9.255,3,3,0,1,21
real,50,30,12,11,0,-0.2500,0.7500,0.6250,0.3750,4,0,14,10,10.0,7.191,0,1,7,2,23
model,50,30,12,11,0,0.7500,0.8750,0.3750,0.5000,3,0,25,18,8.0,8.830,2,3,0,3,23
real,50,15,10,15,0,0.1250,0.7500,0.2500,0.5000,3,0,25,18,8.0,9.447,3,1,1,3,25
model,50,15,10,15,0,0.1250,0.7500,-0.1250,0.6250,2,1,45,45,19.0,19.106,5,5,7,2,25
real,50,18,10,11,0,0.1250,0.7500,0.7500,0.3750,5,0,20,18,5.0,6.064,1,2,1,1,21
model,50,18,10,11,0,0.0000,0.8750,0.6250,0.6250,4,0,21,23,6.0,7.851,4,1,1,0,21
real,50,10,13,10,0,-0.1250,0.7500,0.6250,0.3750,2,1,48,48,22.0,22.021,4,4,6,8,23
model,50,10,13,10,0,0.3750,0.7500,0.0000,-0.1250,3,1,40,40,15.0,14.787,4,6,3,2,23
real,50,15,14,11,0,0.1250,0.5000,0.5000,-0.1250,4,0,25,4,8.0,9.681,3,2,3,0,25
model,50,15,14,11,0,0.1250,0.6250,0.8750,0.7500,3,0,45,3,22.0,21.979,2,5,8,7,25
real,50,20,10,12,0,0.1250,0.7500,0.0000,-0.1250,3,1,45,45,14.0,14.511,5,0,5,4,22
model,50,20,10,12,0,1.0000,1.0000,1.0000,1.0000,3,1,17,17,7.0,9.723,1,3,1,2,22
real,50,20,13,10,0,0.1250,0.8750,0.3750,0.3750,2,0,27,23,17.0,11.468,4,5,5,3,23
model,50,20,13,10,0,-0.1250,1.0000,0.6250,0.0000,1,1,50,50,23.0,23.000,6,5,10,2,23
real,50,20,7,7,1,0.1250,0.2500,0.7500,0.5000,4,0,39,4,8.0,10.319,3,3,1,1,14
model,50,20,7,7,1,-0.3750,0.5000,0.6250,0.1250,3,1,46,46,11.0,11.021,5,2,4,0,14
real,50,20,15,13,0,0.2500,0.7500,0.8750,0.8750,5,0,20,2,9.0,8.468,2,4,1,2,28
model,50,20,15,13,0,1.0000,1.0000,1.0000,1.0000,2,1,47,47,24.0,23.532,8,8,4,4,28
real,50,16,10,14,0,-0.1250,0.6250,0.1250,0.2500,3,0,6,33,14.0,11.553,4,5,1,4,24
model,50,16,10,14,0,-0.1250,0.5000,0.3750,-0.1250,2,0,20,30,12.0,12.596,3,5,1,3,24
real,50,26,12,10,0,0.0000,0.5000,0.6250,0.5000,3,0,22,20,6.0,8.064,1,1,2,2,22
model,50,26,12,10,0,-0.2500,0.6250,0.6250,0.2500,3,0,25,23,9.0,9.872,2,3,1,3,22
real,50,26,12,9,0,0.0000,0.3750,-0.3750,-0.1250,4,1,29,29,15.0,9.702,4,2,4,5,21
model,50,26,12,9,0,0.0000,0.6250,0.3750,0.0000,3,1,20,20,4.0,9.298,1,2,1,0,21
real,50,26,12,11,2,1.0000,1.0000,1.0000,1.0000,7,0,2,17,4.0,6.383,2,0,2,0,23
model,50,26,12,11,2,0.0000,0.1250,0.3750,-0.1250,1,1,50,50,23.0,23.000,7,3,8,5,23
real,50,14,11,10,0,0.1250,0.5000,0.6250,0.1250,4,1,30,30,9.0,9.574,2,2,3,2,21
model,50,14,11,10,0,0.0000,0.6250,0.5000,0.3750,3,0,5,42,15.0,16.298,6,2,2,5,21
real,50,22,12,9,0,-0.1250,0.6250,0.7500,-0.1250,6,0,7,10,3.0,3.489,0,0,2,1,21
model,50,22,12,9,0,-0.1250,0.3750,0.1250,0.1250,3,1,38,38,14.0,12.574,3,3,2,6,21
real,50,8,11,14,0,-0.3750,0.8750,0.3750,0.2500,4,1,27,27,9.0,9.957,2,5,1,1,25
model,50,8,11,14,0,1.0000,1.0000,1.0000,1.0000,2,1,41,41,14.0,16.383,5,3,1,5,25
real,50,22,7,15,0,0.0000,0.1250,0.3750,0.2500,3,0,9,27,7.0,8.511,1,0,4,2,22
model,50,22,7,15,0,0.1250,0.7500,0.6250,0.1250,2,1,18,18,11.0,11.787,3,3,2,3,22
real,50,25,11,10,0,0.1250,0.3750,0.1250,0.0000,2,0,12,38,11.0,13.872,3,1,2,5,21
model,50,25,11,10,0,0.1250,0.5000,0.1250,0.5000,3,0,11,15,5.0,7.681,0,1,1,3,21
real,50,25,13,12,0,0.3750,1.0000,0.1250,0.1250,3,0,34,10,15.0,11.660,5,2,5,3,25
model,50,25,13,12,0,0.1250,0.3750,0.2500,0.2500,5,1,32,32,11.0,11.574,1,4,4,2,25
real,50,25,12,10,0,0.0000,0.7500,0.0000,0.5000,4,0,19,19,10.0,6.596,2,2,5,1,22
model,50,25,12,10,0,0.7500,0.8750,0.7500,0.5000,3,0,30,2,11.0,10.404,1,2,4,4,22
real,50,25,10,13,1,-0.1250,0.7500,0.6250,0.5000,5,0,14,16,5.0,6.553,1,1,2,1,23
model,50,25,10,13,1,-0.2500,0.5000,0.3750,0.3750,1,1,50,50,23.0,23.000,6,6,6,5,23
real,50,50,13,11,0,0.5000,0.6250,0.5000,0.1250,1,1,50,50,24.0,24.000,6,8,3,7,24
model,50,50,13,11,0,0.2500,0.6250,0.5000,0.5000,3,0,17,31,15.0,11.830,3,3,2,7,24
real,50,50,12,13,0,-0.1250,0.8750,0.6250,0.8750,3,1,25,25,9.0,9.383,2,4,1,2,25
model,50,50,12,13,0,0.0000,0.3750,0.3750,0.2500,2,1,45,45,19.0,18.298,7,6,3,3,25
real,50,50,12,8,0,0.2500,0.5000,0.0000,-0.2500,5,0,18,8,7.0,4.830,2,4,1,0,20
model,50,50,12,8,0,0.5000,1.0000,0.8750,0.2500,5,0,3,36,10.0,9.191,6,3,1,0,20
real,50,50,9,8,1,-0.2500,0.7500,0.1250,0.2500,4,1,36,36,11.0,9.681,2,1,4,4,17
model,50,50,9,8,1,-0.3750,0.5000,0.3750,0.3750,5,0,7,14,6.0,4.468,0,1,2,3,17
real,50,20,12,9,1,0.0000,0.7500,0.2500,0.0000,4,0,7,29,9.0,8.957,1,2,3,3,21
model,50,20,12,9,1,0.3750,0.6250,0.5000,0.0000,5,0,2,21,4.0,6.213,1,0,1,2,21
real,50,21,11,11,0,0.2500,0.2500,0.0000,0.3750,3,1,39,39,11.0,11.340,3,4,3,1,22
model,50,21,11,11,0,0.1250,0.6250,0.3750,0.3750,5,1,30,30,13.0,9.532,1,5,7,0,22
real,50,21,11,14,0,1.0000,1.0000,1.0000,1.0000,4,1,19,19,8.0,7.426,3,2,2,1,25
model,50,21,11,14,0,-0.1250,0.6250,0.3750,0.2500,2,0,8,42,19.0,15.489,5,8,4,2,25
real,50,20,8,12,0,0.3750,0.8750,0.8750,0.5000,3,1,34,34,11.0,9.149,3,3,3,2,20
model,50,20,8,12,0,-0.1250,0.6250,0.8750,0.5000,4,1,29,29,8.0,7.702,2,1,1,4,20
real,50,42,12,9,0,0.1250,0.7500,0.6250,0.2500,3,1,17,17,10.0,9.298,1,2,5,2,21
model,50,42,12,9,0,-0.1250,0.7500,-0.1250,0.5000,2,1,41,41,13.0,13.787,1,7,2,3,21
real,50,42,13,12,0,0.3750,0.3750,0.6250,0.3750,5,0,24,3,6.0,7.532,3,2,0,1,25
model,50,42,13,12,0,0.1250,0.2500,-0.1250,0.1250,4,1,42,42,19.0,18.404,2,7,6,4,25
real,50,42,14,11,0,-0.6250,0.3750,0.0000,0.2500,2,1,48,48,23.0,23.000,6,8,3,6,25
model,50,42,14,11,0,0.0000,1.0000,0.6250,0.0000,3,0,30,18,15.0,12.085,1,5,4,5,25
real,50,42,10,13,0,0.2500,0.6250,0.7500,0.3750,3,1,39,39,15.0,13.745,4,4,2,5,23
model,50,42,10,13,0,0.3750,0.5000,0.2500,-0.5000,1,1,50,50,23.0,23.000,6,3,6,8,23
real,50,44,11,12,0,-0.2500,0.7500,0.2500,-0.2500,6,0,13,17,3.0,5.277,0,2,1,0,23
model,50,44,11,12,0,0.1250,0.8750,0.7500,0.5000,2,1,41,41,11.0,14.766,5,2,2,2,23
real,50,44,10,11,0,-0.1250,0.3750,0.1250,0.1250,6,0,6,11,2.0,4.340,0,1,1,0,21
model,50,44,10,11,0,-0.1250,1.0000,0.7500,0.6250,3,1,39,39,14.0,11.383,4,6,2,2,21
real,50,44,12,12,0,-0.1250,0.6250,0.2500,0.3750,5,0,2,19,5.0,7.660,1,2,2,0,24
model,50,44,12,12,0,0.0000,0.5000,0.5000,0.5000,3,1,33,33,15.0,11.787,3,6,6,0,24
real,50,44,11,9,0,1.0000,1.0000,1.0000,1.0000,5,1,13,13,5.0,4.340,2,2,0,1,20
model,50,44,11,9,0,0.0000,0.5000,0.1250,0.5000,3,1,37,37,12.0,11.511,7,1,1,3,20
real,50,35,14,12,0,0.2500,0.7500,0.6250,0.3750,4,0,29,7,11.0,9.915,2,1,4,4,26
model,50,35,14,12,0,0.2500,0.7500,0.7500,0.2500,4,1,35,35,16.0,13.298,2,2,6,6,26
real,50,35,10,12,0,0.1250,0.5000,0.3750,0.2500,2,1,48,48,20.0,20.128,2,7,7,4,22
model,50,35,10,12,0,-0.2500,0.7500,0.7500,0.5000,3,0,28,5,16.0,9.702,2,3,4,7,22
real,50,9,11,9,0,0.1250,0.8750,0.2500,0.5000,6,0,7,16,1.0,3.809,0,1,0,0,20
model,50,9,11,9,0,-0.1250,0.3750,0.5000,0.3750,2,1,46,46,16.0,14.894,2,3,4,7,20
real,50,35,12,10,1,-0.3750,0.7500,0.7500,0.6250,4,0,27,13,7.0,8.596,5,0,1,1,22
model,50,35,12,10,1,0.0000,0.3750,0.3750,0.0000,3,1,22,22,9.0,8.128,0,3,4,2,22
real,50,27,12,14,0,-0.5000,0.5000,0.2500,0.2500,4,0,12,9,9.0,9.085,1,4,3,1,26
model,50,27,12,14,0,0.3750,0.6250,0.3750,0.7500,2,1,45,45,19.0,20.809,3,3,3,10,26
real,50,27,14,9,0,0.1250,0.5000,-0.1250,0.5000,3,1,16,16,7.0,10.830,1,3,1,2,23
model,50,27,14,9,0,0.3750,0.5000,0.7500,0.1250,4,1,30,30,6.0,10.021,3,0,2,1,23
real,50,27,13,11,0,-0.2500,0.7500,0.3750,0.7500,2,1,48,48,22.0,21.106,9,3,4,6,24
model,50,27,13,11,0,0.2500,0.6250,0.6250,0.1250,4,1,33,33,10.0,12.319,3,2,4,1,24
real,50,27,13,12,0,0.1250,0.5000,0.2500,0.1250,3,0,17,9,7.0,9.340,3,3,1,0,25
model,50,27,13,12,0,0.1250,0.5000,0.6250,0.5000,3,0,4,35,16.0,15.915,3,2,6,5,25
real,50,34,13,14,0,0.1250,0.7500,0.6250,-0.2500,3,0,38,4,19.0,17.383,5,3,6,5,27
model,50,34,13,14,0,0.0000,0.6250,0.2500,0.3750,2,1,32,32,14.0,13.851,3,4,2,5,27
real,50,34,10,9,0,0.0000,0.5000,0.6250,0.5000,4,0,33,8,9.0,8.702,4,3,1,1,19
model,50,34,10,9,0,1.0000,1.0000,1.0000,1.0000,2,1,28,28,8.0,9.511,2,1,1,4,19
real,50,34,10,12,0,-0.2500,0.7500,0.7500,0.5000,3,0,10,36,11.0,12.489,1,2,7,1,22
model,50,34,10,12,0,-0.1250,0.6250,0.6250,0.5000,5,0,5,3,7.0,6.553,1,3,3,0,22
real,50,34,9,11,0,1.0000,1.0000,1.0000,1.0000,5,1,22,22,3.0,5.085,0,1,1,1,20
model,50,34,9,11,0,0.2500,0.2500,0.6250,0.2500,6,0,5,23,7.0,5.255,0,1,2,4,20
real,50,27,14,8,0,0.3750,0.2500,0.0000,0.2500,4,0,10,5,7.0,8.468,0,4,1,2,22
model,50,27,14,8,0,-0.2500,0.5000,0.7500,0.5000,5,0,28,11,10.0,6.957,4,2,2,2,22
real,50,27,13,10,0,0.1250,0.3750,0.1250,0.3750,3,1,38,38,15.0,13.298,1,5,3,6,23
model,50,27,13,10,0,0.2500,0.3750,0.5000,0.1250,3,1,40,40,18.0,15.298,2,7,3,6,23
real,50,27,8,11,1,0.0000,0.3750,-0.1250,-0.2500,3,0,26,22,14.0,8.936,1,4,5,4,19
model,50,27,8,11,1,0.0000,0.6250,0.8750,0.7500,3,1,27,27,17.0,8.426,6,6,1,4,19
real,50,27,8,9,1,-0.3750,0.6250,0.2500,0.0000,4,1,24,24,4.0,7.170,1,0,3,0,17
model,50,27,8,9,1,0.1250,0.5000,0.5000,0.0000,3,0,19,27,10.0,7.255,3,2,3,2,17
real,50,15,12,10,0,-0.2500,0.3750,0.2500,0.2500,2,1,48,48,19.0,20.128,1,6,6,6,22
model,50,15,12,10,0,0.2500,0.3750,0.2500,0.3750,1,1,50,50,22.0,22.000,6,1,7,8,22
real,50,15,12,13,0,-0.2500,0.3750,0.1250,-0.1250,3,0,37,8,15.0,14.830,2,7,2,4,25
model,50,15,12,13,0,-0.1250,0.3750,0.1250,0.1250,4,0,16,16,11.0,7.340,1,3,5,2,25
real,50,15,12,7,0,0.0000,0.7500,0.5000,0.5000,4,1,32,32,10.0,7.702,1,5,2,2,19
model,50,15,12,7,0,0.5000,0.6250,0.7500,0.3750,4,0,26,6,6.0,6.936,1,2,1,2,19
real,50,24,11,12,0,0.3750,0.3750,0.2500,0.3750,1,1,50,50,23.0,23.000,7,6,6,4,23
model,50,24,11,12,0,0.0000,0.6250,0.7500,0.5000,4,0,16,27,9.0,8.234,2,2,3,2,23
real,50,12,10,11,0,0.2500,0.7500,0.2500,0.5000,1,1,50,50,21.0,21.000,4,8,4,5,21
model,50,12,10,11,0,-0.2500,0.8750,0.2500,0.5000,5,0,2,6,13.0,11.872,4,2,3,4,21
real,50,14,6,7,1,0.3750,0.2500,0.7500,0.6250,5,0,17,17,2.0,3.000,1,0,1,0,13
model,50,14,6,7,1,0.1250,0.5000,0.2500,0.3750,3,1,42,42,9.0,8.617,4,1,1,3,13
real,50,14,16,12,1,0.0000,0.3750,0.3750,0.2500,4,1,40,40,18.0,18.426,6,4,7,1,28
model,50,14,16,12,1,-0.3750,0.8750,0.3750,0.7500,4,1,38,38,17.0,16.170,4,5,5,3,28
real,50,14,8,13,0,0.0000,0.5000,0.1250,0.3750,2,0,41,9,15.0,15.383,2,7,3,3,21
model,50,14,8,13,0,0.1250,0.6250,0.7500,0.7500,2,1,48,48,20.0,19.170,2,5,9,4,21
real,50,28,9,12,0,0.0000,0.5000,0.5000,0.2500,3,0,34,12,12.0,11.809,2,4,5,1,21
model,50,28,9,12,0,0.1250,0.5000,0.2500,0.1250,3,0,26,3,8.0,9.468,0,2,2,4,21
real,50,28,10,9,0,0.0000,0.2500,0.2500,0.1250,2,1,46,46,15.0,14.830,4,6,2,3,19
model,50,28,10,9,0,0.1250,0.8750,0.3750,0.7500,4,0,23,18,8.0,7.426,3,0,3,2,19
real,50,28,12,14,0,0.3750,0.3750,0.5000,0.7500,4,1,26,26,6.0,9.979,2,2,2,0,26
model,50,28,12,14,0,0.1250,0.7500,0.1250,0.3750,4,0,13,26,11.0,9.915,2,4,3,2,26
real,50,28,12,13,0,-0.3750,0.7500,0.3750,0.2500,3,0,7,7,16.0,16.064,2,4,7,3,25
model,50,28,12,13,0,-0.3750,0.6250,0.0000,0.1250,5,1,34,34,12.0,12.936,2,1,4,5,25
real,50,16,13,10,0,0.6250,0.7500,0.2500,0.7500,2,0,3,47,22.0,22.021,6,10,3,3,23
model,50,16,13,10,0,0.0000,0.6250,0.0000,0.0000,1,1,50,50,23.0,23.000,5,7,5,6,23
real,50,15,10,11,0,-0.5000,0.5000,0.6250,0.2500,2,1,35,35,13.0,11.234,2,4,4,3,21
model,50,15,10,11,0,-0.1250,0.3750,0.5000,0.5000,4,1,25,25,4.0,6.936,2,0,2,0,21
real,50,16,12,12,0,-0.1250,0.0000,0.1250,0.1250,3,0,5,42,15.0,14.851,2,6,5,2,24
model,50,16,12,12,0,0.3750,0.2500,0.2500,0.3750,5,0,20,5,8.0,6.234,0,1,2,5,24
real,50,15,11,12,1,0.1250,0.5000,0.7500,0.2500,4,0,4,22,11.0,9.234,3,4,1,3,23
model,50,15,11,12,1,-0.3750,0.6250,0.5000,0.3750,3,1,37,37,10.0,12.872,3,2,5,0,23
real,50,10,14,12,0,0.3750,0.7500,0.2500,0.3750,3,1,41,41,16.0,16.830,6,3,1,6,26
model,50,10,14,12,0,0.2500,0.6250,0.3750,0.0000,6,0,9,29,8.0,9.489,1,4,1,2,26
real,50,9,13,12,0,0.2500,0.8750,0.5000,0.6250,4,1,34,34,12.0,14.149,1,0,8,3,25
model,50,9,13,12,0,0.5000,0.2500,0.3750,0.6250,3,0,40,6,14.0,17.255,5,3,3,3,25
real,50,17,10,8,0,0.6250,0.8750,0.7500,0.2500,2,1,44,44,14.0,13.404,3,5,3,3,18
model,50,17,10,8,0,0.1250,0.8750,0.7500,0.3750,5,0,16,23,6.0,5.128,1,4,1,0,18
real,50,12,10,10,0,-0.5000,0.7500,0.1250,0.0000,3,1,37,37,10.0,11.404,2,5,1,2,20
model,50,12,10,10,0,-0.1250,0.5000,0.2500,-0.1250,5,0,3,15,6.0,6.426,1,3,1,1,20
real,50,19,15,12,0,0.1250,0.6250,-0.1250,0.6250,5,0,25,2,11.0,8.213,1,4,1,5,27
model,50,19,15,12,0,-0.2500,0.6250,0.5000,0.3750,3,0,35,13,16.0,15.255,7,3,5,1,27
real,50,28,12,10,0,-0.2500,0.8750,0.2500,0.3750,3,1,45,45,19.0,18.787,4,5,6,4,22
model,50,28,12,10,0,0.0000,1.0000,0.5000,0.5000,4,1,23,23,12.0,8.979,4,5,1,2,22
real,50,28,11,9,0,0.1250,0.6250,0.1250,-0.5000,1,1,50,50,20.0,20.000,4,8,4,4,20
model,50,28,11,9,0,0.5000,0.8750,0.3750,0.2500,2,1,46,46,16.0,16.596,6,4,3,3,20
real,50,19,10,11,0,0.5000,1.0000,1.0000,0.3750,3,0,25,10,8.0,7.277,1,2,4,1,21
model,50,19,10,11,0,0.0000,0.6250,0.3750,0.5000,2,1,48,48,19.0,19.170,5,6,5,3,21
real,50,48,12,13,0,0.0000,0.8750,0.6250,0.0000,3,1,40,40,13.0,13.574,2,2,5,4,25
model,50,48,12,13,0,0.2500,0.3750,0.3750,0.5000,3,1,39,39,14.0,15.426,3,2,4,5,25
real,50,48,10,10,0,0.1250,0.5000,0.7500,0.1250,4,1,17,17,9.0,8.787,2,5,0,2,20
model,50,48,10,10,0,0.3750,0.6250,0.0000,0.2500,2,0,33,17,13.0,11.149,2,3,5,3,20
real,50,48,8,7,0,-0.3750,0.3750,-0.1250,0.5000,3,1,42,42,12.0,10.213,4,4,2,2,15
model,50,48,8,7,0,-0.1250,0.7500,0.1250,0.2500,1,1,50,50,15.0,15.000,4,3,3,5,15
real,50,48,9,14,0,-0.1250,0.2500,0.3750,0.6250,2,1,48,48,22.0,22.021,5,7,9,1,23
model,50,48,9,14,0,-0.2500,0.6250,0.2500,0.3750,4,1,31,31,8.0,9.979,2,1,5,0,23
real,50,21,10,10,0,0.1250,0.3750,0.7500,0.1250,5,1,25,25,3.0,6.213,1,0,2,0,20
model,50,21,10,10,0,0.1250,0.7500,0.6250,0.6250,2,1,48,48,18.0,17.277,6,4,3,5,20
real,50,21,11,10,0,0.1250,0.5000,0.6250,0.5000,3,1,42,42,15.0,14.319,3,4,4,4,21
model,50,21,11,10,0,0.5000,0.7500,0.8750,0.3750,3,1,32,32,8.0,10.617,0,3,3,2,21
real,50,21,11,7,0,-0.1250,0.5000,0.1250,0.0000,4,0,38,6,12.0,13.064,2,4,4,2,18
model,50,21,11,7,0,0.1250,0.8750,0.3750,0.3750,3,0,26,22,11.0,8.766,0,5,2,4,18
real,50,21,13,12,0,0.3750,1.0000,0.2500,0.7500,4,0,26,12,9.0,7.745,2,4,3,0,25
model,50,21,13,12,0,-0.1250,0.3750,0.1250,-0.1250,3,1,32,32,15.0,11.915,4,6,4,1,25
real,50,35,10,11,0,0.1250,0.6250,0.5000,0.6250,2,1,40,40,17.0,15.340,2,6,4,5,21
model,50,35,10,11,0,0.1250,0.3750,0.3750,0.1250,1,1,50,50,21.0,21.000,4,3,4,10,21
real,50,35,11,8,0,-0.2500,0.3750,0.6250,0.8750,4,0,15,23,8.0,6.106,1,3,2,2,19
model,50,35,11,8,0,0.0000,0.7500,0.7500,0.3750,4,0,2,23,4.0,6.000,1,1,1,1,19
real,50,35,9,14,0,-0.1250,0.5000,0.2500,0.6250,3,1,35,35,11.0,14.043,1,4,3,3,23
model,50,35,9,14,0,-0.1250,0.5000,0.7500,0.3750,3,1,40,40,15.0,13.894,4,4,3,4,23
real,50,35,11,9,0,0.2500,0.7500,0.3750,0.5000,3,0,15,30,9.0,8.851,6,1,0,2,20
model,50,35,11,9,0,0.1250,0.6250,0.0000,0.0000,4,0,20,26,11.0,8.574,3,2,3,3,20
real,50,34,12,13,0,0.2500,0.7500,0.8750,0.3750,4,0,3,29,10.0,10.809,5,1,3,1,25
model,50,34,12,13,0,0.3750,0.8750,0.6250,0.3750,4,1,42,42,17.0,19.149,8,2,3,4,25
real,50,34,7,7,0,1.0000,1.0000,1.0000,1.0000,2,1,41,41,10.0,10.681,2,2,2,4,14
model,50,34,7,7,0,1.0000,1.0000,1.0000,1.0000,4,1,12,12,6.0,4.191,2,1,2,1,14
real,50,34,14,14,0,0.3750,0.8750,0.3750,0.1250,2,0,35,15,15.0,15.830,3,5,4,3,28
model,50,34,14,14,0,-0.1250,0.2500,0.7500,-0.3750,3,0,26,21,16.0,11.830,5,2,6,3,28
real,50,34,12,10,0,0.5000,0.6250,0.3750,0.3750,4,0,22,6,9.0,6.170,1,2,6,0,22
model,50,34,12,10,0,-0.3750,0.5000,0.7500,0.5000,2,1,46,46,18.0,17.574,3,8,5,2,22
real,50,43,9,8,1,0.2500,0.5000,0.5000,0.1250,4,1,26,26,9.0,7.362,1,2,3,3,17
model,50,43,9,8,1,0.2500,0.5000,0.3750,0.6250,2,1,44,44,13.0,13.298,3,5,4,1,17
real,50,43,11,12,0,-0.1250,0.7500,0.6250,0.5000,3,1,45,45,20.0,18.851,4,5,2,9,23
model,50,43,11,12,0,-0.1250,0.7500,0.1250,0.2500,3,1,43,43,17.0,17.979,2,7,2,6,23
real,50,43,13,10,0,-0.1250,0.8750,0.7500,0.7500,5,1,17,17,6.0,6.574,0,1,5,0,23
model,50,43,13,10,0,-0.2500,0.7500,0.5000,0.2500,5,0,14,27,9.0,8.128,2,3,1,3,23
real,50,43,11,9,0,-0.2500,0.3750,0.5000,0.3750,4,1,39,39,9.0,10.383,1,1,2,5,20
model,50,43,11,9,0,-0.2500,0.2500,0.5000,0.1250,3,1,35,35,9.0,8.766,2,3,3,1,20
real,50,36,12,8,0,0.1250,0.7500,0.1250,0.1250,3,0,22,20,12.0,7.106,3,6,3,0,20
model,50,36,12,8,0,-0.1250,0.2500,0.5000,0.6250,3,0,45,3,17.0,16.511,4,5,5,3,20
real,50,36,11,13,0,0.1250,0.6250,0.5000,0.6250,3,1,36,36,14.0,13.362,4,4,3,3,24
model,50,36,11,13,0,0.0000,0.5000,0.2500,0.6250,2,1,44,44,16.0,17.872,5,6,3,2,24
real,50,36,8,13,0,0.1250,0.2500,0.0000,0.1250,3,0,18,29,7.0,10.660,1,4,1,1,21
model,50,36,8,13,0,-0.2500,0.8750,0.7500,0.6250,4,1,28,28,6.0,7.957,1,0,4,1,21
real,50,36,9,13,0,0.0000,0.6250,0.3750,0.1250,3,1,21,21,8.0,7.277,0,5,3,0,22
model,50,36,9,13,0,0.0000,0.8750,0.0000,0.3750,2,1,38,38,13.0,12.809,1,3,3,6,22
real,50,28,11,11,0,-0.3750,0.8750,0.5000,0.3750,3,0,8,37,14.0,11.277,4,2,5,3,22
model,50,28,11,11,0,0.5000,0.7500,0.3750,0.2500,2,1,48,48,20.0,20.128,6,7,2,5,22
real,50,9,10,13,0,0.5000,1.0000,0.1250,0.2500,5,0,29,11,10.0,9.702,3,0,3,4,23
model,50,9,10,13,0,0.1250,0.3750,0.3750,0.0000,6,1,28,28,9.0,9.340,4,3,0,2,23
real,50,28,12,13,0,0.0000,0.3750,0.3750,-0.1250,2,0,28,22,15.0,12.426,2,4,6,3,25
model,50,28,12,13,0,0.5000,0.7500,0.5000,-0.2500,3,0,23,23,12.0,10.787,2,3,3,4,25
real,50,28,11,9,0,0.2500,0.8750,0.3750,0.1250,4,1,35,35,8.0,8.447,3,3,1,1,20
model,50,28,11,9,0,0.3750,0.6250,0.6250,0.8750,5,0,3,31,8.0,9.957,1,2,5,0,20
real,50,33,14,7,0,0.1250,0.7500,0.0000,0.3750,4,1,34,34,7.0,7.660,3,2,2,0,21
model,50,33,14,7,0,-0.2500,0.6250,0.2500,0.1250,3,1,41,41,12.0,12.574,3,2,3,4,21
real,50,33,14,9,0,0.0000,1.0000,0.5000,-0.1250,2,1,38,38,17.0,15.085,4,8,3,2,23
model,50,33,14,9,0,0.0000,0.8750,0.8750,0.8750,4,1,37,37,12.0,10.894,3,4,3,2,23
real,50,33,12,12,1,0.0000,0.7500,0.8750,0.2500,5,0,19,22,11.0,7.787,1,8,0,2,24
model,50,33,12,12,1,-0.1250,0.6250,0.3750,0.0000,3,0,18,15,9.0,7.723,1,2,4,2,24
real,50,15,13,12,1,0.6250,0.6250,0.7500,0.2500,3,1,43,43,21.0,19.745,3,4,9,5,25
model,50,15,13,12,1,0.1250,0.6250,0.8750,0.3750,5,1,19,19,10.0,8.149,2,2,4,2,25
real,50,39,13,13,0,-0.1250,0.3750,0.3750,0.3750,2,0,21,29,11.0,12.723,1,4,1,5,26
model,50,39,13,13,0,-0.2500,0.2500,0.7500,0.5000,2,1,38,38,13.0,16.298,1,4,5,3,26
real,50,39,14,13,0,0.3750,0.7500,0.3750,0.7500,4,0,19,21,12.0,9.404,1,7,3,1,27
model,50,39,14,13,0,0.2500,0.2500,0.5000,0.1250,1,1,50,50,27.0,27.000,6,6,7,8,27
real,50,39,10,15,0,0.1250,1.0000,0.3750,0.6250,3,0,12,10,13.0,11.021,5,3,1,4,25
model,50,39,10,15,0,0.1250,0.5000,0.1250,0.5000,3,0,10,38,14.0,15.574,2,3,5,4,25
real,50,39,11,14,0,-0.1250,0.3750,0.8750,0.3750,4,0,25,4,9.0,8.149,2,4,2,1,25
model,50,39,11,14,0,0.2500,0.7500,0.6250,0.5000,3,1,30,30,12.0,11.681,4,2,3,3,25
real,50,7,13,9,0,0.1250,0.6250,0.5000,0.3750,4,1,39,39,15.0,14.128,2,3,7,3,22
model,50,7,13,9,0,0.1250,0.5000,0.3750,0.5000,2,1,48,48,19.0,20.128,6,4,5,4,22
real,50,14,10,13,0,0.0000,0.1250,0.2500,0.5000,4,1,10,10,8.0,6.255,1,5,1,1,23
model,50,14,10,13,0,0.1250,0.5000,0.2500,0.1250,4,1,14,14,8.0,7.596,3,0,2,3,23
real,50,14,13,10,0,0.6250,0.6250,0.6250,0.1250,4,0,9,30,12.0,9.255,5,5,1,1,23
model,50,14,13,10,0,-0.2500,0.3750,0.5000,0.3750,3,1,25,25,7.0,9.213,1,1,1,4,23
real,50,14,11,12,0,0.0000,0.8750,0.5000,0.2500,2,1,48,48,20.0,20.149,6,4,5,5,23
model,50,14,11,12,0,0.5000,0.7500,1.0000,0.6250,4,1,19,19,2.0,6.170,0,1,1,0,23
real,50,45,12,12,0,-0.3750,0.2500,0.5000,-0.1250,3,0,29,18,9.0,11.851,0,2,2,5,24
model,50,45,12,12,0,0.3750,0.7500,0.3750,0.1250,4,1,11,11,12.0,13.404,4,2,2,4,24
real,50,45,17,11,0,-0.2500,0.2500,0.7500,0.2500,4,0,23,12,9.0,8.213,3,4,0,2,28
model,50,45,17,11,0,0.0000,0.6250,0.2500,0.3750,3,0,33,7,14.0,13.830,2,3,5,4,28
real,50,45,11,12,0,-0.2500,0.7500,0.8750,0.2500,3,0,22,26,8.0,10.000,2,0,4,2,23
model,50,45,11,12,0,0.3750,0.7500,0.6250,0.1250,5,1,23,23,8.0,6.574,2,3,1,2,23
real,50,45,9,16,0,0.5000,0.5000,0.5000,0.5000,4,1,24,24,8.0,8.319,0,3,4,1,25
model,50,45,9,16,0,1.0000,1.0000,1.0000,1.0000,5,0,2,35,16.0,13.149,4,4,4,4,25
real,50,39,10,14,1,-0.3750,0.3750,0.1250,0.1250,5,0,22,7,4.0,7.404,1,0,2,1,24
model,50,39,10,14,1,-0.1250,0.8750,0.1250,0.1250,3,0,35,8,11.0,11.681,2,4,1,4,24
real,50,39,16,12,0,0.1250,0.6250,0.3750,0.2500,4,0,6,7,17.0,13.447,5,4,4,4,28
model,50,39,16,12,0,0.1250,0.8750,0.7500,0.2500,2,1,22,22,15.0,14.213,3,6,3,3,28
real,50,39,12,11,0,-0.2500,0.6250,0.2500,0.3750,2,1,47,47,20.0,19.745,2,5,6,7,23
model,50,39,12,11,0,0.1250,0.7500,0.5000,0.5000,2,1,42,42,19.0,18.404,3,7,4,5,23
real,50,39,11,14,1,-0.2500,0.6250,0.3750,0.3750,5,0,12,19,5.0,7.766,1,2,2,0,25
model,50,39,11,14,1,0.7500,0.7500,0.7500,0.6250,1,1,50,50,25.0,25.000,4,8,8,5,25
real,50,37,10,11,0,0.1250,0.5000,0.3750,0.2500,5,0,17,9,5.0,4.915,1,1,1,2,21
model,50,37,10,11,0,1.0000,1.0000,1.0000,1.0000,3,1,33,33,13.0,10.638,6,4,2,1,21
real,50,37,9,12,0,-0.5000,0.3750,0.6250,0.1250,3,0,29,17,12.0,9.000,3,3,5,1,21
model,50,37,9,12,0,0.1250,0.7500,0.3750,0.6250,3,0,17,23,6.0,6.191,1,2,1,2,21
real,50,37,13,13,1,0.0000,0.2500,0.1250,0.2500,4,0,15,20,6.0,7.787,0,1,3,2,26
model,50,37,13,13,1,0.2500,0.5000,0.2500,0.7500,2,1,45,45,20.0,20.809,5,5,5,5,26
real,50,37,10,9,0,-0.1250,0.6250,0.1250,0.2500,3,1,42,42,15.0,15.021,5,0,8,2,19
model,50,37,10,9,0,0.0000,0.7500,0.5000,0.8750,6,0,5,31,12.0,8.043,2,4,4,2,19
real,50,26,9,13,0,0.0000,0.8750,0.3750,0.6250,2,0,26,24,11.0,10.809,2,5,2,2,22
model,50,26,9,13,0,-0.1250,0.7500,0.6250,0.0000,4,0,11,33,9.0,10.936,1,3,1,4,22
real,50,26,11,14,0,0.1250,0.8750,0.5000,0.7500,2,1,29,29,10.0,12.681,3,3,2,2,25
model,50,26,11,14,0,-0.3750,0.7500,0.1250,0.3750,4,1,36,36,15.0,12.255,3,3,3,6,25
real,50,26,9,15,0,0.1250,1.0000,0.0000,0.1250,1,1,50,50,24.0,24.000,9,5,6,4,24
model,50,26,9,15,0,0.1250,0.7500,0.3750,0.3750,3,0,18,28,11.0,10.660,2,4,3,2,24
real,50,26,12,10,0,-0.5000,0.6250,0.6250,0.3750,3,0,22,22,8.0,8.085,2,4,0,2,22
model,50,26,12,10,0,0.0000,0.8750,0.5000,0.7500,6,1,28,28,7.0,6.617,3,2,0,2,22
real,50,16,9,10,1,-0.5000,0.5000,-0.1250,0.1250,5,1,25,25,6.0,7.043,2,1,3,0,19
model,50,16,9,10,1,-0.2500,0.5000,0.3750,0.3750,3,0,20,25,9.0,7.426,0,3,4,2,19
real,50,13,11,9,0,0.1250,0.2500,0.1250,0.0000,4,1,29,29,5.0,7.553,0,3,1,1,20
model,50,13,11,9,0,0.0000,0.8750,0.3750,0.0000,3,1,12,12,13.0,10.851,4,4,3,2,20
real,50,16,9,11,0,0.1250,0.6250,1.0000,0.5000,1,1,50,50,20.0,20.000,5,4,6,5,20
model,50,16,9,11,0,0.1250,0.7500,0.5000,0.6250,4,1,10,10,10.0,9.298,2,2,1,5,20
real,50,16,11,11,0,0.1250,0.6250,1.0000,0.0000,6,0,6,6,6.0,5.234,1,3,2,0,22
model,50,16,11,11,0,-0.2500,0.5000,0.7500,-0.2500,4,0,4,8,13.0,11.191,1,3,5,4,22
real,50,13,11,9,0,0.6250,0.6250,0.1250,0.3750,3,1,26,26,8.0,8.511,0,4,1,3,20
model,50,13,11,9,0,0.2500,0.6250,0.8750,0.1250,5,0,6,4,7.0,6.596,4,1,1,1,20
real,50,13,14,11,0,0.2500,0.7500,0.7500,0.7500,3,0,18,18,16.0,8.000,1,4,5,6,25
model,50,13,14,11,0,0.0000,0.6250,0.3750,0.6250,3,0,21,24,10.0,9.596,2,2,4,2,25
real,50,16,7,6,1,-0.1250,0.6250,0.5000,0.3750,6,0,9,31,5.0,4.362,0,1,2,2,13
model,50,16,7,6,1,-0.2500,0.6250,0.6250,-0.1250,2,1,28,28,5.0,6.574,1,2,1,1,13
real,50,16,10,12,0,-0.1250,0.8750,0.6250,0.7500,3,1,31,31,9.0,10.809,2,1,3,3,22
model,50,16,10,12,0,-0.5000,0.3750,0.1250,0.0000,4,0,6,32,12.0,9.787,3,1,6,2,22
real,50,29,8,13,0,-0.3750,0.5000,0.2500,0.5000,4,1,40,40,12.0,12.149,1,4,3,4,21
model,50,29,8,13,0,-0.2500,0.0000,0.2500,0.6250,3,1,29,29,7.0,9.702,1,3,1,2,21
real,50,16,14,8,0,-0.2500,0.6250,0.3750,-0.2500,1,1,50,50,22.0,22.000,3,9,5,5,22
model,50,16,14,8,0,0.1250,0.7500,0.5000,0.0000,2,1,47,47,19.0,19.702,3,6,6,4,22
real,50,29,14,11,0,-0.5000,0.7500,0.2500,0.6250,4,0,10,30,9.0,9.277,2,3,2,2,25
model,50,29,14,11,0,0.1250,0.5000,0.1250,0.0000,3,0,18,27,11.0,9.787,4,2,1,4,25
real,50,29,9,16,0,0.6250,0.6250,0.1250,0.5000,2,0,27,23,10.0,12.106,3,4,2,1,25
model,50,29,9,16,0,0.0000,0.6250,0.5000,0.3750,2,0,4,46,21.0,22.511,8,5,4,4,25
real,50,30,13,14,0,0.0000,0.6250,0.6250,0.7500,2,1,42,42,21.0,20.362,3,7,6,5,27
model,50,30,13,14,0,-0.1250,0.5000,0.1250,0.3750,4,0,11,26,10.0,9.489,2,5,3,0,27
real,50,11,10,9,0,0.1250,0.8750,0.1250,0.3750,5,0,5,21,6.0,5.255,0,2,4,0,19
model,50,11,10,9,0,0.1250,0.1250,0.7500,0.3750,3,0,37,8,12.0,13.532,3,5,1,3,19
real,50,30,14,9,0,0.5000,1.0000,1.0000,0.6250,4,0,9,12,8.0,8.447,2,1,2,3,23
model,50,30,14,9,0,0.2500,1.0000,0.3750,0.5000,7,1,13,13,2.0,3.319,0,0,0,2,23
real,50,30,13,14,0,0.1250,0.0000,0.5000,0.7500,3,0,40,3,17.0,19.000,0,8,3,6,27
model,50,30,13,14,0,1.0000,1.0000,1.0000,1.0000,2,1,11,11,21.0,18.638,9,5,5,2,27
real,50,50,14,11,0,1.0000,1.0000,1.0000,1.0000,7,0,2,2,12.0,9.766,2,4,5,1,25
model,50,50,14,11,0,-0.5000,0.6250,0.6250,0.0000,2,1,48,48,24.0,23.936,4,8,6,6,25
real,50,50,13,14,0,-0.1250,0.7500,-0.3750,0.2500,5,0,15,19,7.0,6.957,4,0,2,1,27
model,50,50,13,14,0,0.1250,0.8750,0.3750,0.1250,5,0,7,33,11.0,13.128,1,3,4,3,27
real,50,50,8,11,0,1.0000,1.0000,1.0000,1.0000,4,0,2,40,12.0,12.553,6,4,1,1,19
model,50,50,8,11,0,1.0000,1.0000,1.0000,1.0000,7,1,6,6,1.0,3.213,0,0,1,0,19
real,50,50,14,11,0,0.2500,0.0000,0.1250,0.6250,4,1,32,32,10.0,13.213,2,3,1,4,25
model,50,50,14,11,0,-0.5000,0.6250,0.2500,0.2500,4,1,35,35,10.0,11.787,3,5,0,2,25
real,50,35,9,14,0,-0.3750,0.2500,-0.1250,0.1250,4,0,17,20,3.0,7.000,0,1,1,1,23
model,50,35,9,14,0,0.1250,0.6250,0.6250,0.6250,4,0,35,3,11.0,11.553,0,4,3,4,23
real,50,35,8,10,1,0.3750,0.8750,0.7500,0.3750,4,0,6,40,13.0,13.043,1,6,0,6,18
model,50,35,8,10,1,0.0000,0.6250,0.0000,0.5000,2,1,33,33,7.0,9.106,3,1,1,2,18
real,50,35,10,13,0,0.1250,0.6250,0.2500,0.0000,4,1,32,32,9.0,8.957,2,1,4,2,23
model,50,35,10,13,0,0.2500,0.6250,0.6250,0.1250,2,1,47,47,18.0,18.851,4,5,8,1,23
real,50,35,12,8,0,0.0000,0.7500,0.1250,0.8750,3,0,36,8,10.0,12.638,1,2,2,5,20
model,50,35,12,8,0,-0.2500,0.7500,0.2500,0.1250,4,0,26,19,9.0,8.702,2,4,1,2,20
real,50,29,10,14,0,0.1250,0.6250,0.6250,0.7500,5,1,34,34,12.0,11.723,5,2,3,2,24
model,50,29,10,14,0,-0.2500,0.5000,0.6250,0.1250,5,0,8,14,5.0,5.511,1,2,1,1,24
real,50,29,12,12,0,1.0000,1.0000,1.0000,1.0000,4,0,28,2,7.0,11.404,0,1,3,3,24
model,50,29,12,12,0,-0.3750,0.5000,0.3750,0.3750,3,0,24,24,9.0,10.787,0,3,3,3,24
real,50,29,11,10,0,0.2500,0.5000,0.6250,0.7500,6,1,26,26,3.0,7.106,1,1,0,1,21
model,50,29,11,10,0,-0.5000,0.6250,0.3750,-0.2500,4,0,4,36,14.0,12.638,6,3,3,2,21
real,50,8,14,11,0,0.1250,0.3750,0.7500,0.0000,1,1,50,50,25.0,25.000,2,13,7,3,25
model,50,8,14,11,0,0.3750,0.5000,0.3750,0.5000,5,0,23,6,8.0,8.660,4,2,1,1,25
real,50,20,14,11,0,-0.2500,0.3750,0.5000,0.2500,2,1,44,44,20.0,19.511,3,7,5,5,25
model,50,20,14,11,0,-0.1250,0.5000,0.2500,0.3750,1,1,50,50,25.0,25.000,5,6,5,9,25
real,50,20,14,13,0,0.5000,0.8750,0.2500,0.7500,3,1,32,32,10.0,13.213,0,6,2,2,27
model,50,20,14,13,0,-0.1250,0.6250,0.5000,0.5000,2,1,45,45,20.0,20.894,8,2,5,5,27
real,50,20,12,12,1,0.2500,0.6250,0.5000,0.3750,3,0,5,43,19.0,16.894,7,3,3,6,24
model,50,20,12,12,1,0.2500,1.0000,0.8750,0.6250,4,0,33,6,11.0,12.383,2,1,3,5,24
real,50,20,11,11,0,0.3750,0.6250,0.2500,0.0000,2,1,43,43,15.0,16.553,3,3,7,2,22
model,50,20,11,11,0,-0.2500,0.8750,0.2500,0.6250,2,1,14,14,13.0,14.851,2,5,1,5,22
real,50,18,13,9,1,-0.3750,0.5000,0.6250,0.1250,4,1,44,44,16.0,14.936,3,6,2,5,22
model,50,18,13,9,1,1.0000,1.0000,1.0000,1.0000,2,1,46,46,20.0,17.574,6,2,9,3,22
real,50,18,12,10,0,0.3750,0.8750,0.2500,-0.1250,3,0,24,24,9.0,9.404,0,1,6,2,22
model,50,18,12,10,0,-0.2500,0.5000,0.0000,0.3750,6,0,14,14,2.0,4.617,0,0,0,2,22
real,50,18,10,11,0,0.0000,0.3750,0.5000,0.2500,3,1,40,40,12.0,13.234,1,3,6,2,21
model,50,18,10,11,0,0.3750,0.5000,0.1250,0.6250,3,0,21,5,9.0,9.170,0,2,3,4,21
real,50,9,9,10,0,0.0000,0.7500,0.6250,0.6250,5,0,37,3,9.0,11.319,3,1,2,3,19
model,50,9,9,10,0,-0.2500,0.2500,0.2500,0.6250,3,1,36,36,10.0,9.085,0,4,2,4,19
real,50,14,12,11,0,0.2500,0.7500,0.2500,0.7500,4,1,21,21,6.0,7.064,1,3,1,1,23
model,50,14,12,11,0,0.1250,0.8750,0.1250,0.3750,2,1,48,48,21.0,21.085,7,5,9,0,23
real,50,28,10,12,1,0.1250,0.2500,0.1250,0.6250,5,0,34,6,13.0,11.277,1,3,5,4,22
model,50,28,10,12,1,-0.2500,0.6250,0.7500,-0.1250,3,1,37,37,15.0,14.383,3,5,5,2,22
real,50,28,12,9,1,0.3750,0.6250,0.7500,0.6250,4,1,34,34,10.0,8.617,0,4,4,2,21
model,50,28,12,9,1,0.0000,0.8750,1.0000,0.3750,4,1,32,32,9.0,8.702,2,3,1,3,21
real,50,28,13,8,0,0.1250,0.8750,0.5000,0.6250,3,1,19,19,8.0,8.617,2,1,2,3,21
model,50,28,13,8,0,1.0000,1.0000,1.0000,1.0000,6,1,10,10,3.0,4.213,0,0,1,2,21
real,50,26,13,12,0,0.6250,0.6250,0.7500,0.6250,2,1,33,33,12.0,12.085,1,2,6,3,25
model,50,26,13,12,0,0.1250,0.2500,0.3750,0.2500,3,1,39,39,12.0,11.787,2,6,3,1,25
real,50,26,10,13,0,-0.3750,0.5000,0.6250,0.5000,2,1,48,48,20.0,21.085,2,8,8,2,23
model,50,26,10,13,0,-0.2500,0.7500,0.7500,0.5000,4,1,42,42,17.0,15.936,4,7,3,3,23
real,50,26,10,14,0,-0.1250,0.6250,0.0000,0.0000,2,1,46,46,20.0,21.957,3,8,3,6,24
model,50,26,10,14,0,0.5000,0.8750,0.5000,0.8750,6,1,16,16,5.0,4.553,0,1,3,1,24
real,50,26,11,11,0,0.3750,0.7500,-0.1250,0.2500,4,0,4,14,6.0,6.043,1,3,2,0,22
model,50,26,11,11,0,0.2500,0.6250,0.3750,0.3750,2,1,43,43,16.0,15.830,3,3,6,4,22
real,50,21,15,12,0,-0.2500,0.8750,0.2500,0.0000,4,0,10,20,7.0,7.617,1,1,3,2,27
model,50,21,15,12,0,0.0000,0.5000,0.7500,0.0000,3,0,40,8,18.0,18.426,3,4,8,3,27
real,50,21,12,13,0,-0.1250,0.3750,0.2500,0.5000,6,0,19,18,6.0,7.213,0,2,3,1,25
model,50,21,12,13,0,1.0000,1.0000,1.0000,1.0000,5,1,7,7,13.0,9.702,1,4,6,2,25
real,50,21,9,10,0,0.2500,0.7500,0.5000,0.7500,2,0,22,28,12.0,9.617,4,4,3,1,19
model,50,21,9,10,0,0.1250,1.0000,0.2500,0.5000,3,1,29,29,9.0,9.234,0,4,3,2,19
real,50,21,14,11,0,0.1250,0.8750,0.6250,0.7500,2,1,28,28,13.0,12.191,1,3,3,6,25
model,50,21,14,11,0,0.2500,1.0000,0.1250,0.8750,4,0,21,3,15.0,10.447,3,6,4,2,25
real,50,50,8,12,0,0.2500,0.8750,0.3750,0.2500,3,1,39,39,13.0,12.745,1,2,4,6,20
model,50,50,8,12,0,0.6250,0.6250,0.6250,0.0000,3,0,4,6,14.0,15.851,4,5,2,3,20
real,50,50,10,10,0,-0.6250,0.2500,0.5000,-0.1250,3,1,32,32,12.0,9.957,4,1,5,2,20
model,50,50,10,10,0,0.2500,0.6250,0.3750,0.3750,3,0,43,5,13.0,16.638,3,3,6,1,20
real,50,50,11,14,0,-0.3750,0.5000,0.5000,0.3750,5,1,24,24,7.0,7.000,3,2,2,0,25
model,50,50,11,14,0,0.0000,0.7500,0.3750,0.2500,6,0,2,9,5.0,6.106,1,1,1,2,25
real,50,50,11,11,0,0.0000,0.7500,0.3750,0.1250,2,0,19,31,10.0,11.787,3,2,3,2,22
model,50,50,11,11,0,1.0000,1.0000,1.0000,1.0000,3,1,15,15,11.0,7.319,1,4,1,5,22
real,50,37,11,13,0,0.3750,0.7500,0.3750,0.7500,5,0,2,29,9.0,9.723,0,3,1,5,24
model,50,37,11,13,0,1.0000,1.0000,1.0000,1.0000,4,1,34,34,13.0,9.787,4,3,2,4,24
real,50,37,9,10,0,0.0000,0.2500,0.3750,0.5000,2,1,38,38,11.0,11.596,4,3,1,3,19
model,50,37,9,10,0,-0.3750,0.6250,0.3750,0.2500,1,1,50,50,19.0,19.000,9,2,5,3,19
real,50,37,9,10,0,-0.5000,0.5000,0.7500,0.8750,5,1,20,20,5.0,3.894,3,0,1,1,19
model,50,37,9,10,0,-0.5000,0.7500,0.0000,0.5000,2,1,47,47,16.0,16.894,3,4,4,5,19
real,50,37,12,14,0,0.6250,0.6250,0.5000,0.7500,2,0,25,25,11.0,12.723,0,4,5,2,26
model,50,37,12,14,0,0.1250,0.8750,0.1250,0.6250,3,0,37,9,13.0,16.298,3,4,1,5,26
real,50,21,13,13,0,0.3750,0.7500,0.7500,0.5000,4,0,21,23,9.0,9.617,1,4,3,1,26
model,50,21,13,13,0,-0.1250,0.7500,0.5000,0.0000,4,0,31,15,17.0,12.979,4,5,6,2,26
real,50,15,13,9,0,0.3750,0.2500,-0.1250,-0.1250,3,0,9,36,12.0,11.638,1,6,4,1,22
model,50,15,13,9,0,0.0000,0.2500,0.1250,0.0000,2,1,46,46,20.0,19.277,3,5,10,2,22
real,50,21,15,12,0,0.2500,0.3750,0.6250,0.2500,2,1,46,46,22.0,23.851,5,11,6,0,27
model,50,21,15,12,0,0.0000,0.7500,0.8750,0.5000,2,0,48,2,26.0,26.426,7,6,7,6,27
real,50,12,12,11,1,0.3750,0.7500,0.3750,0.0000,5,0,13,22,8.0,6.447,3,1,3,1,23
model,50,12,12,11,1,1.0000,1.0000,1.0000,1.0000,3,0,44,2,20.0,18.894,6,5,5,4,23
real,50,13,10,12,0,0.5000,0.7500,0.7500,0.6250,4,0,17,24,5.0,6.511,0,3,1,1,22
model,50,13,10,12,0,-0.5000,0.7500,0.8750,0.8750,6,0,3,2,7.0,8.085,2,1,3,1,22
real,50,13,9,13,0,0.0000,0.5000,0.8750,0.5000,8,0,2,23,5.0,4.191,1,3,1,0,22
model,50,13,9,13,0,0.0000,0.7500,0.3750,0.2500,2,1,45,45,19.0,18.851,5,7,4,3,22
real,50,15,11,10,0,-0.2500,0.6250,0.1250,0.2500,8,0,4,22,4.0,4.340,0,0,3,1,21
model,50,15,11,10,0,0.3750,0.5000,0.6250,-0.1250,4,0,28,13,7.0,8.000,1,2,3,1,21
real,50,15,11,14,0,0.2500,0.6250,0.3750,0.6250,3,0,37,11,16.0,15.128,4,3,4,5,25
model,50,15,11,14,0,0.5000,1.0000,0.7500,0.7500,6,0,4,14,6.0,7.383,1,1,1,3,25
real,50,22,8,11,0,0.0000,0.2500,0.7500,0.2500,2,1,47,47,16.0,16.000,3,4,3,6,19
model,50,22,8,11,0,0.5000,0.7500,0.8750,0.2500,4,0,38,2,11.0,13.191,3,0,6,2,19
real,50,22,11,12,0,0.3750,0.5000,0.5000,0.2500,6,0,11,18,4.0,4.574,2,1,1,0,23
model,50,22,11,12,0,0.3750,0.5000,0.6250,0.5000,2,1,47,47,20.0,20.638,8,4,4,4,23
real,50,22,9,8,0,-0.2500,1.0000,0.6250,0.5000,3,1,37,37,7.0,9.936,1,3,2,1,17
model,50,22,9,8,0,1.0000,1.0000,1.0000,1.0000,5,1,22,22,3.0,4.064,0,0,3,0,17
real,50,17,9,13,0,-0.2500,0.1250,0.5000,0.1250,2,0,10,40,16.0,17.149,6,4,4,2,22
model,50,17,9,13,0,-0.2500,0.6250,0.0000,0.2500,4,1,21,21,2.0,5.255,1,0,0,1,22
real,50,25,10,17,0,0.1250,0.7500,0.6250,0.7500,5,1,31,31,10.0,10.234,2,3,3,2,27
model,50,25,10,17,0,-0.1250,0.5000,0.5000,0.2500,1,1,50,50,27.0,27.000,5,5,11,6,27
real,50,25,12,11,0,0.1250,1.0000,0.7500,0.3750,2,1,47,47,21.0,21.532,8,6,2,5,23
model,50,25,12,11,0,-0.1250,0.5000,0.6250,0.3750,3,0,32,16,14.0,11.681,5,4,1,4,23
real,50,16,13,11,0,-0.2500,0.6250,0.5000,0.0000,3,0,9,35,11.0,12.170,0,4,3,4,24
model,50,16,13,11,0,-0.3750,0.5000,0.3750,0.2500,4,0,6,24,6.0,8.170,2,1,2,1,24
real,50,25,9,13,0,0.2500,0.7500,0.3750,0.6250,3,1,13,13,6.0,9.149,2,1,2,1,22
model,50,25,9,13,0,1.0000,1.0000,1.0000,1.0000,4,0,2,20,10.0,9.702,3,3,0,4,22
real,50,23,6,10,0,0.6250,0.5000,0.8750,0.0000,4,0,5,7,6.0,8.660,1,3,1,1,16
model,50,23,6,10,0,-0.2500,0.2500,0.3750,0.2500,3,0,6,40,12.0,10.723,4,3,5,0,16
real,50,23,8,13,0,-0.1250,0.6250,0.5000,0.0000,3,0,25,17,8.0,7.553,3,3,1,1,21
model,50,23,8,13,0,-0.5000,0.8750,0.5000,0.3750,6,0,9,28,8.0,7.638,1,2,4,1,21
real,50,23,8,7,0,0.3750,0.3750,0.3750,0.2500,2,0,33,17,7.0,8.532,1,3,1,2,15
model,50,23,8,7,0,0.0000,0.5000,0.2500,0.2500,4,0,17,14,1.0,3.532,0,0,1,0,15
real,50,23,12,10,0,-0.1250,0.5000,0.6250,0.0000,5,0,18,9,5.0,5.660,3,1,0,1,22
model,50,23,12,10,0,0.3750,0.5000,0.3750,0.0000,4,0,13,6,7.0,6.936,3,3,1,0,22
real,50,44,11,12,0,1.0000,1.0000,1.0000,1.0000,3,1,38,38,13.0,13.255,1,3,4,5,23
model,50,44,11,12,0,0.0000,0.5000,0.2500,-0.2500,5,0,11,20,4.0,4.574,1,0,3,0,23
real,50,44,14,14,0,-0.6250,0.6250,0.6250,0.2500,4,1,37,37,12.0,15.702,4,3,4,1,28
model,50,44,14,14,0,0.0000,0.1250,0.6250,0.2500,1,1,50,50,28.0,28.000,8,4,11,5,28
real,50,44,15,11,0,0.0000,0.8750,0.6250,0.1250,4,0,9,35,14.0,14.511,1,3,3,7,26
model,50,44,15,11,0,1.0000,1.0000,1.0000,1.0000,3,1,38,38,13.0,14.851,1,6,6,0,26
real,50,44,14,12,0,-0.1250,0.5000,0.5000,-0.1250,6,0,17,21,4.0,5.468,2,1,1,0,26
model,50,44,14,12,0,-0.2500,0.7500,0.5000,0.5000,5,0,16,15,11.0,6.447,0,4,6,1,26
real,50,42,10,13,0,0.2500,0.3750,0.6250,0.6250,2,1,23,23,9.0,11.319,1,1,5,2,23
model,50,42,10,13,0,0.2500,0.5000,0.2500,0.1250,5,0,14,19,9.0,6.043,1,2,3,3,23
real,50,42,13,13,0,0.0000,0.3750,0.6250,0.1250,5,0,24,3,7.0,7.702,2,2,3,0,26
model,50,42,13,13,0,0.3750,0.7500,0.3750,0.5000,2,0,45,5,22.0,22.085,4,11,4,3,26
real,50,42,9,13,0,-0.7500,0.3750,0.6250,-0.1250,3,1,41,41,15.0,15.064,2,6,3,4,22
model,50,42,9,13,0,0.7500,0.7500,0.3750,0.1250,4,1,32,32,8.0,8.936,2,2,2,2,22
real,50,42,9,12,0,-0.1250,0.1250,0.2500,0.5000,4,0,5,37,14.0,12.234,3,5,3,3,21
model,50,42,9,12,0,0.2500,0.8750,0.8750,0.6250,4,1,28,28,10.0,7.957,1,5,4,0,21
real,50,9,12,13,0,-0.1250,0.1250,0.5000,0.2500,4,0,31,8,11.0,10.851,1,3,5,2,25
model,50,9,12,13,0,-0.6250,0.6250,0.5000,0.2500,3,1,38,38,15.0,17.340,3,1,6,5,25
real,50,23,12,14,0,-0.2500,0.6250,0.1250,0.6250,3,1,38,38,16.0,16.191,8,2,1,5,26
model,50,23,12,14,0,0.0000,0.1250,0.5000,0.6250,5,0,17,13,7.0,7.191,2,1,3,1,26
real,50,23,11,9,0,0.0000,0.5000,0.0000,0.0000,2,1,40,40,17.0,14.553,4,5,7,1,20
model,50,23,11,9,0,-0.3750,0.5000,-0.1250,0.6250,4,0,11,20,5.0,5.681,0,2,2,1,20
real,50,9,12,15,1,0.0000,0.6250,0.5000,0.2500,5,1,22,22,7.0,7.404,0,4,2,1,27
model,50,9,12,15,1,0.2500,0.1250,0.3750,0.1250,3,1,44,44,23.0,20.277,2,5,9,7,27
real,50,17,12,11,1,0.3750,0.7500,0.7500,0.7500,6,0,13,24,7.0,7.851,1,4,1,1,23
model,50,17,12,11,1,0.0000,0.6250,0.3750,0.6250,4,0,7,35,8.0,11.383,4,3,0,1,23
real,50,31,13,12,0,0.0000,0.7500,0.3750,-0.1250,2,1,19,19,13.0,14.468,2,4,5,2,25
model,50,31,13,12,0,0.3750,0.5000,0.5000,0.3750,3,0,19,14,4.0,7.511,0,2,1,1,25
real,50,31,10,10,0,-0.3750,0.7500,0.5000,0.1250,3,1,30,30,8.0,7.660,3,1,1,3,20
model,50,31,10,10,0,0.3750,0.7500,0.3750,0.5000,2,0,12,38,13.0,11.447,3,3,5,2,20
real,50,31,10,12,0,0.1250,0.6250,0.8750,0.1250,8,0,5,13,1.0,3.511,0,0,1,0,22
model,50,31,10,12,0,0.2500,0.7500,0.3750,0.2500,1,1,50,50,22.0,22.000,4,7,6,5,22
real,50,47,13,9,0,0.0000,0.6250,0.2500,-0.1250,3,1,35,35,10.0,11.468,3,2,4,1,22
model,50,47,13,9,0,0.0000,0.6250,0.5000,0.3750,5,0,23,8,8.0,6.128,3,2,1,2,22
real,50,47,10,11,0,0.3750,0.7500,0.2500,0.1250,3,1,43,43,13.0,13.979,4,7,1,1,21
model,50,47,10,11,0,0.6250,0.5000,0.7500,0.1250,3,0,19,29,10.0,9.596,1,1,5,3,21
real,50,47,9,10,1,-0.1250,0.6250,0.2500,0.1250,4,1,37,37,10.0,10.043,4,4,2,0,19
model,50,47,9,10,1,0.6250,0.5000,0.8750,0.2500,3,0,46,2,16.0,16.872,5,4,4,3,19
real,50,47,11,13,0,0.1250,0.5000,0.2500,0.6250,5,1,37,37,14.0,14.660,3,3,3,5,24
model,50,47,11,13,0,0.1250,0.3750,0.1250,0.2500,5,1,23,23,7.0,8.830,0,2,4,1,24
real,50,43,11,12,0,0.6250,0.6250,0.7500,0.8750,6,0,22,7,5.0,6.340,1,2,1,1,23
model,50,43,11,12,0,0.7500,0.7500,0.8750,0.5000,4,0,41,2,17.0,17.447,4,6,2,5,23
real,50,43,8,9,0,0.0000,0.8750,0.3750,0.3750,2,1,19,19,9.0,8.170,3,2,4,0,17
model,50,43,8,9,0,0.2500,0.7500,0.5000,0.2500,4,1,10,10,3.0,5.170,1,1,1,0,17
real,50,43,10,12,2,-0.1250,0.6250,0.2500,0.0000,5,0,26,18,9.0,8.234,1,4,2,2,22
model,50,43,10,12,2,1.0000,1.0000,1.0000,1.0000,3,0,2,46,20.0,20.596,4,5,3,8,22
real,50,43,11,10,0,-0.1250,0.5000,0.2500,0.6250,5,0,31,9,7.0,8.702,1,4,1,1,21
model,50,43,11,10,0,0.3750,1.0000,0.7500,0.7500,1,1,50,50,21.0,21.000,5,6,7,3,21
real,50,23,16,10,0,0.8750,0.6250,0.2500,0.1250,4,1,27,27,11.0,9.468,0,3,6,2,26
model,50,23,16,10,0,0.1250,0.3750,0.5000,0.5000,1,1,50,50,26.0,26.000,7,3,7,9,26
real,50,13,11,13,0,-0.2500,0.7500,0.0000,0.5000,3,1,40,40,17.0,16.809,3,8,4,2,24
model,50,13,11,13,0,0.2500,0.2500,0.3750,0.2500,4,1,40,40,12.0,15.319,3,3,4,2,24
real,50,23,12,10,0,-0.3750,0.6250,0.2500,0.7500,4,1,33,33,14.0,9.936,2,0,7,5,22
model,50,23,12,10,0,0.1250,0.7500,0.8750,0.3750,1,1,50,50,22.0,22.000,7,5,4,6,22
real,50,23,16,10,0,-0.1250,0.3750,0.3750,0.5000,7,0,10,26,8.0,7.277,3,3,2,0,26
model,50,23,16,10,0,0.2500,0.5000,0.3750,0.5000,2,0,6,44,21.0,20.809,5,5,7,4,26
real,50,18,11,13,0,0.6250,0.7500,0.3750,0.2500,4,1,23,23,7.0,6.872,1,3,3,0,24
model,50,18,11,13,0,-0.1250,0.8750,0.7500,0.2500,7,1,24,24,8.0,6.830,0,1,6,1,24
real,50,24,11,11,0,0.1250,0.6250,0.2500,0.5000,4,0,10,24,4.0,6.234,0,1,0,3,22
model,50,24,11,11,0,0.1250,0.7500,0.0000,-0.2500,3,0,7,41,17.0,15.277,4,3,6,4,22
real,50,24,11,13,1,0.2500,0.6250,0.6250,0.0000,4,0,10,6,10.0,10.596,1,3,4,2,24
model,50,24,11,13,1,-0.2500,0.5000,0.2500,0.7500,2,0,10,40,16.0,14.936,6,1,6,3,24
real,50,24,12,14,0,0.6250,0.6250,0.2500,0.5000,3,0,17,5,13.0,12.383,1,3,6,3,26
model,50,24,12,14,0,1.0000,1.0000,1.0000,1.0000,4,1,15,15,9.0,11.809,2,1,2,4,26
real,50,44,13,13,1,-0.2500,0.6250,0.3750,0.3750,3,1,31,31,13.0,11.915,4,2,5,2,26
model,50,44,13,13,1,0.5000,0.1250,0.8750,0.2500,4,0,23,18,3.0,9.383,1,2,0,0,26
real,50,44,12,9,0,0.2500,0.7500,1.0000,0.3750,3,1,24,24,7.0,9.383,3,0,3,1,21
model,50,44,12,9,0,-0.2500,0.8750,0.6250,0.5000,4,0,19,7,7.0,5.809,0,1,4,2,21
real,50,44,11,12,0,-0.1250,0.3750,0.3750,0.1250,3,1,36,36,12.0,12.872,3,2,3,4,23
model,50,44,11,12,0,0.8750,0.1250,0.2500,-0.1250,4,0,5,24,8.0,9.404,2,0,6,0,23
real,50,44,12,10,0,0.0000,0.7500,0.8750,0.8750,2,0,3,47,21.0,21.064,3,5,6,7,22
model,50,44,12,10,0,0.3750,0.7500,0.3750,-0.1250,4,0,8,5,7.0,6.085,2,2,1,2,22
real,50,34,10,11,1,0.0000,0.3750,0.6250,0.5000,3,1,38,38,14.0,11.766,3,5,3,3,21
model,50,34,10,11,1,0.0000,0.8750,0.6250,0.2500,3,0,10,35,7.0,11.383,3,1,1,2,21
real,50,11,9,10,1,0.1250,0.5000,0.3750,0.1250,3,1,46,46,18.0,17.383,6,6,4,2,19
model,50,11,9,10,1,0.2500,0.8750,0.6250,0.3750,4,0,3,14,5.0,5.426,1,2,1,1,19
real,50,34,13,12,0,0.3750,0.6250,1.0000,0.7500,7,0,18,3,5.0,6.362,0,3,1,1,25
model,50,34,13,12,0,0.1250,0.2500,0.2500,0.2500,2,0,9,41,16.0,18.021,6,4,5,1,25
real,50,34,11,14,0,0.0000,0.6250,0.6250,0.3750,3,1,35,35,15.0,12.404,6,3,2,4,25
model,50,34,11,14,0,0.1250,0.6250,0.5000,0.0000,3,1,38,38,16.0,15.468,6,4,5,1,25
real,50,48,11,10,0,0.1250,0.3750,0.3750,0.6250,2,1,43,43,16.0,14.979,3,6,3,4,21
model,50,48,11,10,0,1.0000,1.0000,1.0000,1.0000,2,1,5,5,21.0,19.660,9,4,3,5,21
real,50,48,9,8,0,0.0000,0.7500,0.8750,0.3750,3,1,40,40,7.0,9.170,1,3,1,2,17
model,50,48,9,8,0,1.0000,1.0000,1.0000,1.0000,1,1,50,50,17.0,17.000,2,5,9,1,17
real,50,48,9,8,1,-0.1250,0.6250,0.2500,0.6250,3,1,42,42,15.0,14.106,4,6,2,3,17
model,50,48,9,8,1,0.2500,0.7500,0.5000,-0.2500,2,0,42,8,11.0,11.574,0,3,5,3,17
real,50,48,11,9,0,0.0000,0.2500,0.5000,0.1250,5,1,25,25,7.0,7.872,3,0,1,3,20
model,50,48,11,9,0,0.3750,0.8750,0.2500,0.3750,3,0,25,8,10.0,7.213,0,5,4,1,20
real,50,39,11,11,0,-0.2500,0.5000,0.3750,0.1250,3,1,26,26,6.0,8.021,0,2,3,1,22
model,50,39,11,11,0,0.0000,0.6250,0.5000,0.6250,5,1,40,40,11.0,12.766,3,3,3,2,22
real,50,39,16,10,0,0.2500,0.2500,0.3750,0.2500,4,0,9,5,11.0,13.447,4,4,2,1,26
model,50,39,16,10,0,0.1250,0.8750,0.3750,0.5000,5,0,32,8,15.0,13.340,4,7,2,2,26
real,50,39,11,13,0,0.6250,0.2500,0.5000,0.3750,1,1,50,50,24.0,24.000,4,10,6,4,24
model,50,39,11,13,0,0.2500,0.7500,0.1250,0.5000,7,0,8,17,4.0,4.043,1,1,1,1,24
real,50,39,10,11,0,0.0000,0.2500,0.3750,0.6250,3,1,43,43,13.0,15.511,3,4,4,2,21
model,50,39,10,11,0,-0.3750,0.1250,0.6250,0.0000,3,1,43,43,16.0,15.447,4,4,4,4,21
real,50,38,12,13,0,0.1250,0.6250,0.7500,0.2500,5,1,27,27,8.0,7.000,3,2,3,0,25
model,50,38,12,13,0,1.0000,1.0000,1.0000,1.0000,5,0,25,2,6.0,10.021,1,1,2,2,25
real,50,38,11,7,0,0.2500,0.2500,0.3750,0.2500,4,1,40,40,11.0,12.681,2,5,2,2,18
model,50,38,11,7,0,0.0000,0.7500,0.3750,0.2500,3,0,21,27,8.0,8.809,3,1,2,2,18
real,50,38,12,11,1,0.1250,0.2500,0.5000,0.2500,4,1,41,41,18.0,17.830,7,3,3,5,23
model,50,38,12,11,1,0.0000,0.5000,0.3750,0.3750,3,1,37,37,14.0,14.234,3,4,4,3,23
real,50,38,14,10,0,-0.2500,0.7500,0.3750,0.3750,5,0,35,3,15.0,12.319,3,7,4,1,24
model,50,38,14,10,0,-0.1250,0.6250,0.3750,0.1250,1,1,50,50,24.0,24.000,7,6,7,4,24
real,50,7,13,14,0,0.0000,0.7500,0.5000,0.1250,3,1,25,25,13.0,11.128,0,4,4,5,27
model,50,7,13,14,0,0.3750,0.7500,0.3750,0.5000,2,0,48,2,26.0,25.447,7,6,9,4,27
real,50,34,12,11,0,-0.2500,0.7500,0.7500,0.7500,3,0,35,13,12.0,10.106,3,1,3,5,23
model,50,34,12,11,0,0.2500,0.8750,0.8750,0.7500,4,0,39,2,14.0,15.362,5,3,4,2,23
real,50,34,15,13,0,-0.1250,0.6250,0.2500,0.2500,6,0,24,8,9.0,7.617,2,4,2,1,28
model,50,34,15,13,0,-0.2500,0.7500,0.8750,0.6250,2,0,21,29,17.0,14.043,1,4,4,8,28
real,50,34,12,9,0,0.6250,0.0000,0.1250,-0.3750,3,1,42,42,14.0,15.894,0,8,3,3,21
model,50,34,12,9,0,0.1250,0.6250,0.5000,0.6250,5,0,21,3,3.0,5.085,0,1,2,0,21
real,50,32,11,10,1,0.1250,0.1250,0.8750,-0.1250,4,1,33,33,12.0,11.255,2,3,3,4,21
model,50,32,11,10,1,0.1250,0.8750,0.6250,0.3750,2,1,48,48,21.0,20.106,8,5,4,4,21
real,50,12,11,10,0,-0.1250,0.5000,0.5000,0.2500,4,0,5,9,10.0,11.426,1,2,3,4,21
model,50,12,11,10,0,0.5000,0.8750,0.1250,-0.1250,2,1,25,25,10.0,10.170,1,0,7,2,21
real,50,32,12,11,0,0.2500,0.6250,0.5000,0.2500,4,0,13,9,7.0,6.574,3,0,4,0,23
model,50,32,12,11,0,0.2500,0.5000,0.2500,0.6250,4,1,32,32,12.0,11.319,1,4,5,2,23
real,50,32,9,9,0,0.2500,0.7500,0.3750,0.5000,2,1,31,31,9.0,9.234,2,4,1,2,18
model,50,32,9,9,0,-0.3750,0.8750,0.5000,0.0000,1,1,50,50,18.0,18.000,6,4,4,4,18
real,50,39,15,12,0,0.0000,0.7500,0.6250,0.6250,5,0,5,28,13.0,10.277,2,4,5,2,27
model,50,39,15,12,0,0.0000,0.6250,0.5000,0.5000,6,0,12,9,5.0,4.511,1,2,2,0,27
real,50,39,13,15,0,0.0000,0.1250,-0.1250,-0.1250,2,0,28,22,12.0,13.702,3,3,5,1,28
model,50,39,13,15,0,1.0000,1.0000,1.0000,1.0000,3,1,20,20,17.0,13.191,4,2,5,6,28
real,50,39,13,10,1,0.3750,0.7500,0.8750,0.5000,4,0,6,35,11.0,12.085,2,0,7,2,23
model,50,39,13,10,1,0.2500,0.7500,0.5000,0.0000,4,0,7,18,7.0,8.894,1,3,2,1,23
real,50,39,14,11,0,0.0000,0.5000,0.7500,0.1250,4,1,40,40,15.0,13.213,3,4,3,5,25
model,50,39,14,11,0,1.0000,1.0000,1.0000,1.0000,3,0,3,38,18.0,16.766,7,4,6,1,25
real,50,39,11,11,0,0.0000,1.0000,0.7500,0.2500,1,1,50,50,22.0,22.000,5,4,10,3,22
model,50,39,11,11,0,0.0000,0.8750,0.6250,0.1250,4,0,20,23,13.0,7.511,4,4,1,4,22
real,50,39,10,9,1,0.6250,0.2500,-0.1250,0.2500,4,1,41,41,11.0,13.128,1,4,3,3,19
model,50,39,10,9,1,0.1250,0.6250,0.2500,0.5000,3,1,44,44,13.0,15.766,3,2,2,6,19
real,50,39,11,11,1,0.0000,0.6250,0.3750,0.6250,6,0,16,21,6.0,6.596,2,0,2,2,22
model,50,39,11,11,1,0.1250,0.6250,0.1250,0.0000,3,1,45,45,16.0,18.809,2,2,5,7,22
real,50,39,11,12,0,0.0000,0.7500,0.2500,0.6250,2,0,31,19,11.0,11.383,1,3,5,2,23
model,50,39,11,12,0,0.3750,0.7500,0.6250,0.3750,4,0,3,11,8.0,10.213,2,2,2,2,23
real,50,42,11,13,0,0.1250,0.3750,0.6250,0.2500,3,1,42,42,15.0,16.085,2,2,8,3,24
model,50,42,11,13,0,0.0000,0.7500,0.3750,0.3750,5,0,15,10,2.0,4.851,0,0,0,2,24
real,50,42,10,14,0,-0.1250,0.7500,0.1250,0.2500,6,0,19,12,6.0,5.085,1,3,2,0,24
model,50,42,10,14,0,-0.3750,0.6250,0.6250,0.3750,5,0,12,26,8.0,7.681,2,4,1,1,24
real,50,42,11,16,0,0.1250,0.2500,0.5000,0.2500,1,1,50,50,27.0,27.000,6,11,8,2,27
model,50,42,11,16,0,0.3750,0.7500,0.5000,0.2500,1,1,50,50,27.0,27.000,2,5,5,15,27
real,50,42,11,10,0,0.2500,0.6250,0.6250,0.5000,7,0,5,2,4.0,3.894,2,2,0,0,21
model,50,42,11,10,0,0.1250,0.7500,0.0000,0.5000,2,1,47,47,18.0,18.766,6,2,4,6,21
real,50,50,10,11,0,-0.2500,0.5000,0.2500,-0.1250,2,1,41,41,13.0,15.064,3,2,4,4,21
model,50,50,10,11,0,0.3750,0.2500,0.6250,0.3750,3,0,14,34,9.0,9.574,0,4,2,3,21
real,50,50,13,16,0,-0.3750,0.6250,0.6250,0.3750,5,1,22,22,8.0,9.000,1,1,5,1,29
model,50,50,13,16,0,0.1250,0.3750,0.8750,0.0000,3,1,36,36,13.0,15.191,3,4,2,4,29
real,50,50,11,16,0,0.6250,0.0000,0.6250,0.2500,3,1,31,31,9.0,10.787,1,3,0,5,27
model,50,50,11,16,0,0.1250,0.6250,0.2500,0.2500,2,1,45,45,22.0,20.894,7,5,3,7,27
real,50,50,12,11,0,-0.3750,0.7500,0.6250,0.6250,3,1,45,45,19.0,17.979,2,6,3,8,23
model,50,50,12,11,0,-0.1250,0.6250,0.5000,0.7500,3,1,37,37,15.0,13.000,6,0,4,5,23
real,50,23,10,11,0,0.5000,0.7500,-0.2500,-0.1250,2,1,26,26,10.0,10.277,0,5,1,4,21
model,50,23,10,11,0,-0.1250,0.5000,0.2500,0.0000,2,1,39,39,13.0,12.766,3,5,2,3,21
real,50,12,14,12,0,0.2500,0.8750,0.2500,0.5000,4,1,43,43,18.0,20.468,3,8,2,5,26
model,50,12,14,12,0,-0.2500,0.7500,0.3750,0.5000,6,1,35,35,16.0,13.277,2,2,5,7,26
real,50,7,11,10,0,-0.2500,0.3750,-0.1250,0.0000,2,1,45,45,17.0,17.149,3,7,4,3,21
model,50,7,11,10,0,-0.2500,0.7500,0.7500,0.8750,2,1,10,10,19.0,15.383,5,4,5,5,21
real,50,6,12,9,0,0.3750,1.0000,0.7500,0.6250,5,0,35,3,10.0,12.234,2,2,3,3,21
model,50,6,12,9,0,0.6250,0.3750,0.0000,0.0000,2,0,8,42,14.0,16.426,3,7,3,1,21
real,50,45,11,11,0,0.7500,0.5000,0.3750,0.1250,2,1,30,30,12.0,10.766,0,3,4,5,22
model,50,45,11,11,0,0.0000,0.3750,0.5000,0.3750,4,0,7,36,14.0,13.340,1,7,3,3,22
real,50,45,11,10,0,0.3750,0.2500,0.6250,0.0000,1,1,50,50,21.0,21.000,3,7,5,6,21
model,50,45,11,10,0,-0.1250,0.6250,0.7500,0.7500,3,1,27,27,7.0,6.702,1,2,2,2,21
real,50,45,6,11,2,0.1250,0.7500,0.7500,0.3750,9,0,13,4,1.0,3.170,0,0,1,0,17
model,50,45,6,11,2,0.0000,0.7500,-0.2500,0.0000,2,0,41,9,13.0,12.064,3,5,2,3,17
real,50,45,12,6,0,0.2500,0.5000,0.6250,0.5000,4,0,12,4,5.0,5.532,0,2,1,2,18
model,50,45,12,6,0,0.2500,0.6250,0.6250,0.5000,2,0,24,26,8.0,8.809,2,1,3,2,18
real,50,43,8,9,0,0.2500,0.8750,0.3750,0.5000,2,1,46,46,14.0,13.000,2,4,7,1,17
model,50,43,8,9,0,0.2500,0.6250,0.7500,0.6250,4,1,37,37,6.0,8.468,2,2,1,1,17
real,50,43,9,10,1,-0.7500,0.3750,0.6250,0.1250,3,1,27,27,4.0,9.021,1,1,2,0,19
model,50,43,9,10,1,0.3750,0.3750,0.8750,0.1250,3,1,24,24,10.0,8.106,2,3,2,3,19
real,50,43,13,11,1,0.0000,0.7500,0.7500,0.1250,3,0,44,4,22.0,20.596,8,6,6,2,24
model,50,43,13,11,1,0.2500,0.6250,0.5000,0.0000,6,0,23,6,6.0,6.362,1,0,1,4,24
real,50,43,14,12,0,-0.1250,0.8750,0.2500,0.5000,2,0,43,7,22.0,20.383,6,4,6,6,26
model,50,43,14,12,0,0.3750,0.5000,0.7500,0.2500,4,0,13,4,12.0,10.617,6,1,4,1,26
real,50,32,10,13,0,-0.1250,0.1250,0.5000,0.5000,5,0,20,6,5.0,5.787,1,1,1,2,23
model,50,32,10,13,0,-0.1250,0.1250,0.0000,0.0000,1,1,50,50,23.0,23.000,1,12,5,5,23
real,50,32,7,10,0,0.0000,0.7500,0.1250,-0.1250,2,1,40,40,14.0,11.596,2,4,4,4,17
model,50,32,7,10,0,0.1250,0.8750,0.7500,0.3750,5,0,15,13,5.0,4.404,0,0,3,2,17
real,50,32,11,10,0,0.3750,1.0000,0.7500,0.2500,2,0,48,2,20.0,19.574,5,4,5,6,21
model,50,32,11,10,0,-0.5000,0.3750,0.3750,0.6250,4,0,18,20,7.0,6.681,1,3,2,1,21
real,50,32,10,14,0,0.3750,1.0000,0.6250,0.5000,4,0,19,26,11.0,8.894,2,3,2,4,24
model,50,32,10,14,0,0.1250,0.8750,0.3750,-0.1250,3,1,40,40,16.0,16.170,4,4,6,2,24
real,50,41,14,13,0,-0.2500,0.7500,0.5000,0.2500,3,0,20,4,10.0,12.085,2,2,4,2,27
model,50,41,14,13,0,0.0000,0.3750,0.2500,1.0000,4,1,34,34,9.0,12.426,0,3,5,1,27
real,50,41,12,7,0,0.1250,0.7500,0.0000,0.2500,5,0,6,5,4.0,4.340,0,2,2,0,19
model,50,41,12,7,0,0.1250,1.0000,0.6250,0.6250,4,0,26,2,9.0,7.766,3,2,2,2,19
real,50,41,12,14,0,-0.1250,0.8750,0.5000,0.5000,2,1,26,26,11.0,12.723,2,4,3,2,26
model,50,41,12,14,0,-0.1250,0.5000,0.2500,0.2500,3,0,7,41,20.0,18.426,4,5,2,9,26
real,50,41,11,12,0,0.5000,0.8750,1.0000,0.7500,2,1,42,42,15.0,17.043,2,3,7,3,23
model,50,41,11,12,0,-0.1250,1.0000,0.0000,0.3750,2,1,48,48,23.0,22.021,7,5,8,3,23
real,50,38,9,12,0,0.2500,0.1250,0.1250,0.2500,3,0,26,22,9.0,9.957,1,2,5,1,21
model,50,38,9,12,0,0.1250,0.3750,0.1250,-0.2500,4,0,20,22,4.0,6.787,1,2,0,1,21
real,50,38,14,18,0,0.0000,0.7500,0.5000,0.3750,2,1,46,46,25.0,24.170,9,11,3,2,32
model,50,38,14,18,0,-0.2500,0.8750,0.7500,0.1250,5,0,9,29,13.0,12.638,2,6,2,3,32
real,50,38,13,10,0,-0.2500,0.6250,0.6250,0.7500,5,1,12,12,7.0,5.596,0,3,3,1,23
model,50,38,13,10,0,-0.1250,-0.1250,0.3750,0.8750,2,0,12,38,14.0,14.298,4,1,7,2,23
real,50,38,13,13,0,-0.1250,0.7500,0.5000,0.2500,3,1,22,22,12.0,11.787,4,2,3,3,26
model,50,38,13,13,0,0.1250,0.5000,0.1250,0.3750,4,0,7,11,3.0,6.766,1,0,1,1,26
real,50,32,12,13,0,0.5000,0.7500,0.5000,0.1250,4,1,31,31,10.0,10.745,2,1,3,4,25
model,50,32,12,13,0,0.1250,0.6250,0.7500,0.3750,5,0,5,4,5.0,6.915,1,2,0,2,25
real,50,32,12,12,0,-0.1250,0.7500,0.6250,0.3750,4,0,4,18,13.0,10.915,1,5,4,3,24
model,50,32,12,12,0,0.0000,0.6250,0.1250,0.3750,5,1,23,23,11.0,6.149,3,2,3,3,24
real,50,32,11,14,0,-0.1250,0.3750,0.7500,0.1250,3,0,36,11,10.0,11.255,2,3,3,2,25
model,50,32,11,14,0,0.1250,0.8750,0.7500,0.7500,3,0,44,2,21.0,21.447,4,3,7,7,25
real,50,32,12,13,0,0.3750,0.8750,0.3750,0.6250,2,1,28,28,16.0,12.191,7,2,4,3,25
model,50,32,12,13,0,0.2500,0.5000,0.6250,-0.2500,1,1,50,50,25.0,25.000,8,6,7,4,25
real,50,6,10,9,0,1.0000,1.0000,1.0000,1.0000,4,0,3,5,8.0,8.574,3,3,0,2,19
model,50,6,10,9,0,0.3750,0.7500,0.3750,0.2500,3,1,46,46,17.0,17.383,1,8,5,3,19
real,50,32,9,11,0,0.2500,0.7500,0.1250,0.1250,3,0,21,5,11.0,8.766,2,2,3,4,20
model,50,32,9,11,0,0.0000,0.6250,0.1250,0.2500,3,0,16,17,5.0,6.447,2,0,1,2,20
real,50,32,8,11,0,0.1250,0.5000,0.7500,0.5000,4,0,5,38,12.0,11.681,5,2,2,3,19
model,50,32,8,11,0,0.1250,0.8750,0.6250,0.3750,6,0,11,12,4.0,3.191,1,0,3,0,19
real,50,32,8,14,1,0.0000,0.6250,0.7500,0.2500,6,0,5,25,8.0,7.574,2,4,1,1,22
model,50,32,8,14,1,0.2500,0.5000,0.6250,-0.3750,4,0,8,21,2.0,5.340,1,0,0,1,22
real,50,41,13,11,0,0.3750,0.6250,0.5000,-0.1250,4,0,25,4,10.0,9.128,3,1,5,1,24
model,50,41,13,11,0,-0.1250,0.7500,0.3750,0.1250,5,0,30,5,9.0,9.000,2,2,2,3,24
real,50,41,11,11,0,-0.3750,0.6250,0.6250,-0.1250,1,1,50,50,22.0,22.000,6,7,5,4,22
model,50,41,11,11,0,0.1250,1.0000,0.7500,0.3750,2,1,23,23,11.0,10.383,1,5,3,2,22
real,50,41,12,11,0,0.1250,0.3750,0.3750,0.2500,5,0,14,12,7.0,5.106,2,3,2,0,23
model,50,41,12,11,0,0.2500,1.0000,0.3750,0.6250,4,1,27,27,7.0,8.702,2,2,3,0,23
real,50,41,12,12,1,0.5000,0.8750,0.6250,0.7500,4,1,21,21,11.0,9.638,1,6,1,3,24
model,50,41,12,12,1,-0.1250,0.3750,0.5000,0.7500,3,1,45,45,19.0,18.043,5,3,5,6,24
real,50,34,12,11,0,0.2500,0.5000,0.2500,-0.1250,3,1,28,28,7.0,10.404,1,0,5,1,23
model,50,34,12,11,0,0.1250,0.8750,0.1250,0.7500,5,0,20,12,5.0,4.979,1,1,2,1,23
real,50,34,12,12,0,0.5000,0.7500,0.7500,0.2500,1,1,50,50,24.0,24.000,5,8,3,8,24
model,50,34,12,12,0,0.0000,0.6250,0.5000,-0.3750,4,0,21,11,5.0,7.851,1,0,4,0,24
real,50,34,11,10,0,-0.2500,0.8750,0.5000,0.3750,4,0,9,35,7.0,9.936,1,3,2,1,21
model,50,34,11,10,0,-0.6250,0.2500,0.0000,0.1250,2,1,48,48,20.0,20.106,8,3,6,3,21
real,50,34,10,11,0,1.0000,1.0000,1.0000,1.0000,3,0,2,46,20.0,18.745,2,4,7,7,21
model,50,34,10,11,0,0.3750,0.6250,0.3750,0.1250,4,1,41,41,15.0,16.234,4,2,3,6,21
real,50,31,10,14,0,0.0000,0.6250,0.1250,-0.1250,4,0,20,24,7.0,8.447,1,3,2,1,24
model,50,31,10,14,0,0.2500,0.3750,0.5000,-0.1250,5,0,12,15,3.0,5.149,0,0,1,2,24
real,50,31,11,11,0,-0.2500,0.7500,0.8750,0.2500,2,1,47,47,19.0,20.596,6,4,7,2,22
model,50,31,11,11,0,0.0000,0.8750,0.3750,0.7500,4,1,32,32,10.0,9.745,1,3,3,3,22
real,50,31,9,15,0,-0.1250,0.2500,0.5000,0.2500,4,1,34,34,12.0,11.532,2,2,5,3,24
model,50,31,9,15,0,0.1250,0.7500,0.0000,0.5000,1,1,50,50,24.0,24.000,3,9,6,6,24
real,50,31,9,10,2,0.0000,0.3750,0.7500,0.1250,6,0,23,14,8.0,6.298,0,2,3,3,19
model,50,31,9,10,2,-0.2500,0.6250,0.0000,-0.3750,3,1,45,45,15.0,15.255,2,8,1,4,19
real,50,45,9,10,0,0.2500,0.8750,0.7500,0.6250,4,0,2,21,8.0,6.851,0,2,6,0,19
model,50,45,9,10,0,0.1250,0.6250,0.1250,0.0000,3,1,21,21,8.0,9.213,4,2,1,1,19
real,50,45,13,11,0,0.0000,0.8750,0.1250,0.3750,4,1,21,21,5.0,8.340,0,2,3,0,24
model,50,45,13,11,0,0.0000,0.5000,0.7500,0.6250,7,0,11,18,4.0,5.085,1,0,1,2,24
real,50,45,11,12,0,0.1250,0.2500,0.5000,0.6250,3,0,36,6,14.0,13.000,1,5,4,4,23
model,50,45,11,12,0,-0.1250,0.6250,0.3750,0.6250,5,0,5,26,10.0,8.979,2,2,3,3,23
real,50,45,13,11,0,0.1250,1.0000,0.7500,0.3750,3,0,15,33,12.0,12.638,3,3,5,1,24
model,50,45,13,11,0,-0.2500,0.6250,0.5000,0.3750,3,1,39,39,15.0,13.170,4,3,5,3,24
real,50,42,10,10,0,0.2500,0.5000,0.2500,0.5000,4,0,6,12,3.0,5.957,1,0,2,0,20
model,50,42,10,10,0,-0.3750,0.2500,0.3750,0.1250,2,1,45,45,14.0,15.447,3,5,2,4,20
real,50,42,13,7,0,0.1250,0.5000,0.3750,0.6250,3,0,33,12,10.0,7.766,2,2,2,4,20
model,50,42,13,7,0,0.1250,0.5000,0.2500,0.3750,5,1,31,31,10.0,8.234,3,3,2,2,20
real,50,42,7,11,0,0.2500,0.7500,-0.1250,0.0000,3,0,7,39,12.0,10.766,4,3,2,3,18
model,50,42,7,11,0,0.1250,0.6250,0.8750,0.7500,3,0,33,13,11.0,9.574,3,1,4,3,18
real,50,42,8,12,0,0.1250,0.3750,0.2500,-0.1250,3,0,9,24,5.0,7.000,2,1,1,1,20
model,50,42,8,12,0,-0.1250,0.3750,0.6250,0.1250,4,0,40,6,12.0,13.149,4,2,1,5,20
real,50,15,10,10,0,0.7500,0.8750,0.5000,0.6250,3,0,18,27,7.0,7.638,1,1,2,3,20
model,50,15,10,10,0,0.2500,0.3750,0.7500,0.0000,4,0,10,3,6.0,7.128,3,1,0,2,20
real,50,22,12,10,0,-0.1250,0.5000,0.5000,0.2500,1,1,50,50,22.0,22.000,3,6,4,9,22
model,50,22,12,10,0,-0.5000,0.5000,0.0000,0.0000,4,1,31,31,9.0,8.128,2,2,1,4,22
real,50,22,12,9,0,0.3750,0.5000,0.0000,-0.1250,3,0,16,6,10.0,8.872,4,2,2,2,21
model,50,22,12,9,0,-0.1250,0.8750,0.5000,0.1250,4,1,24,24,7.0,6.234,1,2,4,0,21
real,50,15,14,12,0,0.1250,0.5000,0.3750,0.2500,7,0,7,5,3.0,4.234,1,1,1,0,26
model,50,15,14,12,0,0.0000,0.2500,0.2500,0.3750,5,0,21,14,7.0,6.426,0,0,5,2,26
real,50,31,13,12,0,0.2500,0.7500,0.7500,0.1250,3,1,43,43,20.0,18.085,2,2,11,5,25
model,50,31,13,12,0,0.3750,0.3750,0.0000,0.1250,1,1,50,50,25.0,25.000,3,6,9,7,25
real,50,31,13,10,0,0.2500,0.0000,0.3750,0.6250,2,1,33,33,15.0,13.191,4,2,4,5,23
model,50,31,13,10,0,0.0000,0.2500,0.0000,0.0000,2,1,43,43,18.0,18.128,3,7,5,3,23
real,50,14,9,13,0,0.5000,0.3750,0.3750,0.1250,5,0,10,33,6.0,9.298,1,0,1,4,22
model,50,14,9,13,0,-0.1250,0.7500,0.3750,0.2500,2,1,31,31,15.0,11.617,5,1,3,6,22
real,50,31,10,13,0,-0.5000,0.5000,0.6250,0.0000,3,0,18,5,11.0,10.106,2,2,6,1,23
model,50,31,10,13,0,0.1250,0.5000,-0.2500,0.1250,3,1,46,46,21.0,19.255,7,5,6,3,23
real,50,30,13,10,1,-0.1250,0.5000,0.5000,0.3750,6,1,34,34,12.0,12.170,3,4,3,2,23
model,50,30,13,10,1,0.6250,1.0000,0.2500,0.7500,8,0,13,2,4.0,4.234,1,2,1,0,23
real,50,30,10,9,0,-0.1250,0.6250,0.3750,0.2500,3,0,8,14,8.0,8.298,1,1,4,2,19
model,50,30,10,9,0,0.3750,0.3750,0.6250,0.2500,3,1,17,17,8.0,6.234,2,1,3,2,19
real,50,13,8,11,0,0.1250,0.2500,0.5000,0.6250,2,1,23,23,8.0,9.745,1,1,4,2,19
model,50,13,8,11,0,0.6250,1.0000,0.7500,1.0000,6,0,31,6,5.0,8.426,1,2,1,1,19
real,50,30,8,13,0,0.0000,0.7500,0.7500,0.6250,3,1,35,35,13.0,10.979,0,6,4,3,21
model,50,30,8,13,0,0.5000,0.8750,0.7500,0.6250,4,0,3,36,14.0,10.319,1,3,5,5,21
real,50,48,14,11,0,-0.1250,0.1250,0.5000,0.5000,3,1,40,40,18.0,16.489,3,6,5,4,25
model,50,48,14,11,0,-0.1250,0.5000,0.3750,0.2500,3,1,31,31,14.0,12.128,2,3,3,6,25
real,50,48,7,10,0,0.0000,0.2500,0.0000,0.3750,4,1,39,39,12.0,10.213,2,3,5,2,17
model,50,48,7,10,0,0.1250,0.5000,0.7500,0.2500,5,1,31,31,6.0,6.000,2,1,1,2,17
real,50,48,13,13,1,-0.1250,0.3750,0.6250,0.5000,4,1,26,26,14.0,11.234,0,5,6,3,26
model,50,48,13,13,1,0.1250,0.7500,0.1250,0.6250,2,1,44,44,21.0,20.383,5,8,6,2,26
real,50,48,10,9,0,0.3750,0.3750,0.5000,0.2500,3,1,46,46,17.0,16.489,4,5,5,3,19
model,50,48,10,9,0,-0.3750,0.7500,0.5000,0.1250,2,1,30,30,9.0,10.234,1,2,5,1,19
real,50,50,14,13,1,0.0000,0.8750,0.3750,0.2500,3,0,34,14,13.0,14.128,5,4,0,4,27
model,50,50,14,13,1,0.0000,0.3750,0.0000,0.5000,2,1,38,38,17.0,16.532,2,6,3,6,27
real,50,50,13,13,1,-0.3750,0.7500,0.2500,0.1250,5,1,22,22,9.0,9.064,2,1,3,3,26
model,50,50,13,13,1,0.7500,1.0000,0.5000,0.7500,4,1,24,24,11.0,9.702,2,4,2,3,26
real,50,50,12,14,0,-0.1250,0.3750,-0.1250,0.2500,2,0,32,18,10.0,14.809,0,3,3,4,26
model,50,50,12,14,0,0.3750,0.3750,0.1250,0.0000,3,1,43,43,15.0,14.979,3,3,6,3,26
real,50,50,12,9,0,0.3750,0.5000,0.5000,-0.1250,3,1,34,34,10.0,9.574,1,4,4,1,21
model,50,50,12,9,0,0.2500,1.0000,0.6250,0.6250,5,0,2,14,10.0,8.979,3,2,2,3,21
real,50,30,10,12,0,0.2500,0.7500,0.2500,0.3750,1,1,50,50,22.0,22.000,4,6,7,5,22
model,50,30,10,12,0,0.3750,1.0000,0.6250,0.2500,2,0,26,24,14.0,10.851,2,5,4,3,22
real,50,30,12,13,0,-0.6250,0.3750,0.0000,0.0000,1,1,50,50,25.0,25.000,7,8,5,5,25
model,50,30,12,13,0,-0.1250,0.6250,0.3750,0.7500,3,0,14,14,5.0,7.723,1,2,1,1,25
real,50,14,12,14,0,0.2500,0.7500,0.3750,0.2500,3,1,33,33,11.0,12.553,2,6,1,2,26
model,50,14,12,14,0,0.0000,0.8750,0.8750,0.3750,3,0,30,18,18.0,12.936,3,4,5,6,26
real,50,30,11,11,1,0.1250,0.6250,0.6250,0.2500,4,0,37,9,16.0,13.277,3,5,4,4,22
model,50,30,11,11,1,-0.1250,0.2500,-0.2500,0.3750,2,0,26,24,8.0,10.894,2,1,1,4,22
real,50,19,14,12,0,0.0000,0.6250,0.3750,0.6250,4,1,39,39,14.0,15.340,5,4,1,4,26
model,50,19,14,12,0,-0.1250,0.3750,0.2500,0.3750,1,1,50,50,26.0,26.000,9,4,7,6,26
real,50,19,13,12,0,-0.2500,0.6250,0.5000,0.1250,3,0,15,10,5.0,9.638,2,1,1,1,25
model,50,19,13,12,0,0.1250,0.8750,0.6250,0.7500,3,1,19,19,11.0,11.660,1,5,2,3,25
real,50,17,13,11,0,0.3750,0.8750,0.5000,0.8750,2,1,31,31,15.0,12.383,4,0,6,5,24
model,50,17,13,11,0,0.0000,0.7500,0.6250,0.8750,5,0,15,29,9.0,8.894,2,3,1,3,24
real,50,17,13,2,0,0.3750,0.7500,0.1250,0.5000,5,0,23,7,5.0,3.979,1,3,0,1,15
model,50,17,13,2,0,0.3750,0.2500,0.3750,-0.1250,3,1,38,38,9.0,9.447,1,2,3,3,15
real,50,41,12,11,0,0.3750,0.7500,0.3750,0.1250,4,0,18,9,4.0,5.383,1,0,2,1,23
model,50,41,12,11,0,0.0000,0.6250,0.6250,0.3750,3,0,6,11,14.0,12.511,4,4,4,2,23
real,50,41,11,9,0,0.2500,0.7500,-0.1250,0.5000,4,0,18,15,9.0,5.745,1,2,3,3,20
model,50,41,11,9,0,-0.1250,0.8750,0.3750,0.6250,2,1,45,45,16.0,14.638,4,6,3,3,20
real,50,41,9,12,0,-0.3750,0.2500,0.5000,0.1250,4,0,26,10,3.0,5.766,0,0,1,2,21
model,50,41,9,12,0,0.0000,0.6250,0.5000,0.1250,1,1,50,50,21.0,21.000,3,7,5,6,21
real,50,41,14,11,0,0.0000,0.3750,0.2500,0.2500,2,1,45,45,19.0,18.298,6,8,3,2,25
model,50,41,14,11,0,0.3750,0.7500,0.7500,0.3750,2,0,36,14,14.0,14.809,5,2,5,2,25
real,50,33,11,14,0,0.0000,-0.1250,0.3750,0.2500,3,1,29,29,10.0,11.149,2,3,2,3,25
model,50,33,11,14,0,-0.3750,1.0000,0.3750,0.3750,3,0,37,4,13.0,14.213,10,1,1,1,25
real,50,33,12,11,0,0.1250,0.8750,0.2500,0.5000,2,1,47,47,20.0,19.745,3,6,6,5,23
model,50,33,12,11,0,0.0000,0.8750,0.3750,0.3750,2,1,26,26,14.0,11.255,6,2,3,3,23
real,50,33,12,10,0,0.0000,0.5000,0.2500,0.2500,2,1,29,29,9.0,11.277,2,2,1,4,22
model,50,33,12,10,0,-0.2500,0.1250,0.0000,0.3750,4,1,23,23,10.0,7.426,1,3,1,5,22
real,50,14,11,11,0,0.0000,0.5000,0.6250,0.2500,3,1,21,21,8.0,9.426,3,0,3,2,22
model,50,14,11,11,0,0.2500,0.5000,0.6250,0.6250,5,1,25,25,7.0,6.702,2,3,1,1,22
real,50,10,10,10,0,0.1250,0.5000,0.0000,0.7500,4,1,26,26,4.0,6.383,0,1,2,1,20
model,50,10,10,10,0,0.0000,0.5000,0.3750,0.1250,2,1,48,48,18.0,17.277,3,4,2,9,20
real,50,10,9,11,0,1.0000,1.0000,1.0000,1.0000,1,1,50,50,20.0,20.000,2,6,6,6,20
model,50,10,9,11,0,1.0000,1.0000,1.0000,1.0000,5,1,21,21,8.0,6.660,4,1,3,0,20
real,50,13,14,11,0,0.1250,0.6250,0.1250,0.5000,2,1,40,40,18.0,17.298,3,7,2,6,25
model,50,13,14,11,0,0.0000,0.5000,0.3750,-0.1250,2,1,47,47,21.0,20.723,6,7,4,4,25
real,50,21,14,12,0,0.2500,0.7500,1.0000,0.8750,3,1,16,16,12.0,10.043,2,4,4,2,26
model,50,21,14,12,0,0.2500,0.6250,0.8750,0.2500,6,0,9,5,3.0,4.362,1,0,1,1,26
real,50,18,11,12,0,0.1250,0.7500,0.2500,0.2500,2,1,47,47,19.0,18.851,3,3,5,8,23
model,50,18,11,12,0,0.5000,1.0000,0.6250,0.7500,5,1,11,11,5.0,5.894,2,2,1,0,23
real,50,30,9,10,2,0.2500,0.7500,0.8750,0.0000,6,0,15,17,5.0,4.915,0,4,0,1,19
model,50,30,9,10,2,1.0000,1.0000,1.0000,1.0000,4,1,16,16,7.0,8.128,2,2,2,1,19
real,50,30,12,14,0,0.3750,0.3750,0.2500,0.6250,4,0,7,29,9.0,9.809,5,3,0,1,26
model,50,30,12,14,0,0.5000,0.7500,0.5000,0.1250,3,1,41,41,21.0,18.021,6,7,5,3,26
real,50,18,16,11,0,-0.1250,0.2500,0.0000,0.3750,4,1,28,28,10.0,11.255,1,4,3,2,27
model,50,18,16,11,0,-0.2500,0.3750,0.0000,0.5000,2,0,7,43,22.0,22.021,7,10,3,2,27
real,50,20,11,11,0,0.0000,0.7500,0.5000,0.7500,7,0,13,9,7.0,4.213,1,3,1,2,22
model,50,20,11,11,0,0.0000,0.5000,0.6250,0.3750,2,1,44,44,15.0,16.128,2,5,3,5,22
real,50,9,12,13,0,0.0000,0.3750,0.2500,0.3750,2,1,26,26,16.0,12.234,3,1,2,10,25
model,50,9,12,13,0,1.0000,1.0000,1.0000,1.0000,3,1,4,4,19.0,20.191,4,6,5,4,25
real,50,9,12,12,0,-0.1250,0.1250,0.3750,0.3750,5,0,23,10,6.0,6.511,0,3,1,2,24
model,50,9,12,12,0,0.0000,0.5000,0.3750,0.3750,4,1,29,29,9.0,9.830,1,0,3,5,24
real,50,7,13,12,0,0.1250,0.3750,0.5000,0.3750,2,0,34,16,12.0,14.340,4,2,4,2,25
model,50,7,13,12,0,1.0000,1.0000,1.0000,1.0000,3,1,13,13,14.0,12.489,3,5,5,1,25
real,50,38,9,13,1,0.0000,0.5000,0.0000,0.3750,5,0,9,33,11.0,10.638,2,2,3,4,22
model,50,38,9,13,1,0.1250,0.7500,0.8750,0.8750,5,0,2,15,7.0,7.149,1,3,0,3,22
real,50,38,10,10,0,-0.1250,0.7500,0.2500,0.3750,4,0,10,32,8.0,6.553,1,1,4,2,20
model,50,38,10,10,0,-0.1250,0.6250,0.6250,0.3750,2,0,36,14,10.0,12.128,2,0,6,2,20
real,50,38,9,11,1,0.1250,0.3750,0.6250,0.1250,4,0,21,20,10.0,7.277,1,2,4,3,20
model,50,38,9,11,1,1.0000,1.0000,1.0000,1.0000,2,1,43,43,14.0,14.851,5,3,4,2,20
real,50,38,11,10,1,-0.5000,0.8750,0.7500,0.3750,5,0,12,29,9.0,8.830,0,2,5,2,21
model,50,38,11,10,1,0.3750,0.7500,0.0000,0.1250,2,0,16,34,13.0,12.383,2,3,4,4,21
real,50,36,12,12,0,0.2500,0.7500,0.3750,0.0000,3,0,18,27,7.0,9.894,3,1,2,1,24
model,50,36,12,12,0,0.1250,0.3750,0.6250,0.2500,5,0,12,13,5.0,6.957,1,0,1,3,24
real,50,8,11,12,0,0.1250,0.5000,-0.1250,0.7500,3,0,27,19,11.0,10.234,0,4,5,2,23
model,50,8,11,12,0,0.2500,0.6250,0.3750,0.2500,4,0,10,34,17.0,12.851,5,2,6,4,23
real,50,36,12,12,0,0.2500,0.8750,0.3750,0.5000,3,1,12,12,13.0,15.106,4,1,2,6,24
model,50,36,12,12,0,0.3750,0.7500,0.5000,0.5000,5,0,18,17,4.0,6.085,0,1,3,0,24
real,50,36,11,11,0,-0.1250,0.2500,0.3750,-0.1250,3,0,23,22,7.0,8.851,0,3,3,1,22
model,50,36,11,11,0,0.1250,0.8750,0.3750,0.7500,6,0,17,22,7.0,6.851,3,1,1,2,22
real,50,36,11,10,0,0.1250,0.5000,0.1250,-0.1250,3,1,35,35,9.0,11.979,2,4,1,2,21
model,50,36,11,10,0,-0.2500,0.7500,0.6250,0.2500,3,0,2,34,12.0,11.319,2,2,1,7,21
real,50,36,7,9,0,-0.1250,0.7500,0.7500,0.1250,2,0,38,12,12.0,11.149,3,4,3,2,16
model,50,36,7,9,0,0.2500,0.7500,0.1250,0.3750,4,0,5,40,11.0,9.894,2,4,0,5,16
real,50,36,10,8,0,-0.1250,0.6250,0.6250,0.2500,4,0,11,8,5.0,9.383,0,2,2,1,18
model,50,36,10,8,0,-0.5000,0.6250,0.6250,0.3750,4,0,18,24,7.0,5.957,1,4,0,2,18
real,50,36,11,13,0,0.1250,0.3750,-0.1250,0.5000,1,1,50,50,24.0,24.000,7,8,5,4,24
model,50,36,11,13,0,0.0000,0.7500,0.8750,0.3750,3,0,4,12,17.0,12.277,3,4,7,3,24
real,50,29,14,8,0,0.3750,0.7500,0.7500,0.7500,6,0,23,4,6.0,6.128,1,1,2,2,22
model,50,29,14,8,0,0.0000,0.6250,0.3750,0.5000,2,1,46,46,18.0,18.426,4,5,6,3,22
real,50,21,11,8,0,0.1250,0.6250,0.2500,0.5000,3,0,33,8,7.0,9.511,3,1,2,1,19
model,50,21,11,8,0,0.2500,0.7500,0.2500,-0.1250,7,1,14,14,3.0,3.723,0,1,0,2,19
real,50,29,11,12,0,0.2500,0.2500,0.3750,0.2500,2,1,42,42,15.0,18.404,3,6,5,1,23
model,50,29,11,12,0,0.2500,0.8750,0.7500,0.3750,2,1,41,41,13.0,15.404,4,3,5,1,23
real,50,29,11,13,0,-0.2500,0.8750,0.6250,0.2500,3,0,9,39,16.0,15.447,4,5,5,2,24
model,50,29,11,13,0,-0.3750,0.8750,0.3750,0.1250,6,0,15,9,5.0,4.447,1,3,0,1,24
real,50,39,7,13,0,-0.3750,0.2500,-0.1250,-0.2500,2,1,44,44,14.0,15.149,4,2,6,2,20
model,50,39,7,13,0,0.3750,0.3750,0.2500,0.5000,4,0,28,6,9.0,8.170,1,2,3,3,20
real,50,39,15,12,0,-0.1250,0.6250,0.8750,0.1250,3,1,44,44,19.0,20.234,2,3,10,4,27
model,50,39,15,12,0,0.5000,0.7500,0.7500,0.2500,3,1,42,42,17.0,17.043,3,7,4,3,27
real,50,39,11,15,0,0.5000,0.6250,0.6250,0.3750,1,1,50,50,26.0,26.000,3,6,10,7,26
model,50,39,11,15,0,0.2500,0.5000,0.3750,0.5000,3,0,33,4,13.0,12.277,1,2,2,8,26
real,50,39,7,9,0,0.0000,0.2500,-0.2500,-0.1250,3,0,22,22,3.0,6.170,0,1,1,1,16
model,50,39,7,9,0,-0.5000,0.8750,0.3750,-0.1250,2,1,44,44,14.0,12.426,3,4,2,5,16
real,50,23,10,14,0,0.3750,0.2500,-0.2500,0.0000,3,0,12,21,4.0,8.170,1,1,1,1,24
model,50,23,10,14,0,0.3750,0.3750,0.6250,0.5000,3,1,34,34,15.0,13.021,5,2,5,3,24
real,50,23,11,13,0,-0.1250,0.2500,0.5000,0.1250,4,0,4,7,9.0,11.043,3,1,2,3,24
model,50,23,11,13,0,-0.5000,0.3750,0.5000,0.3750,4,0,20,3,9.0,9.191,1,3,4,1,24
real,50,25,15,12,0,-0.3750,0.8750,0.2500,0.3750,3,0,17,30,13.0,11.383,2,2,4,5,27
model,50,25,15,12,0,0.0000,0.7500,0.1250,0.3750,3,1,41,41,18.0,18.894,5,5,5,3,27
real,50,23,6,13,0,0.7500,0.5000,0.7500,0.5000,6,0,3,8,6.0,6.170,3,2,1,0,19
model,50,23,6,13,0,0.6250,0.6250,0.6250,0.3750,2,0,41,9,16.0,12.362,3,4,6,3,19
real,50,14,12,17,0,-0.1250,0.2500,0.5000,0.2500,3,1,41,41,19.0,21.255,7,7,5,0,29
model,50,14,12,17,0,0.1250,0.3750,0.5000,0.3750,4,0,2,4,15.0,12.234,3,3,6,3,29
real,50,23,8,17,0,0.0000,0.7500,0.5000,0.3750,4,0,17,4,9.0,7.447,6,2,1,0,25
model,50,23,8,17,0,0.5000,0.6250,0.2500,0.1250,3,1,35,35,18.0,12.766,6,5,6,1,25
real,50,14,13,8,0,0.2500,0.8750,0.2500,0.2500,5,0,7,27,5.0,6.404,0,2,1,2,21
model,50,14,13,8,0,1.0000,1.0000,1.0000,1.0000,3,1,24,24,9.0,9.979,0,2,6,1,21
real,50,14,10,14,0,0.6250,0.5000,0.8750,0.2500,3,1,25,25,6.0,9.723,2,3,0,1,24
model,50,14,10,14,0,-0.3750,0.5000,0.5000,0.1250,3,0,24,22,9.0,9.723,1,4,2,2,24
real,50,29,10,11,0,0.1250,0.8750,0.8750,0.6250,5,0,2,31,6.0,10.191,1,2,1,2,21
model,50,29,10,11,0,0.1250,0.5000,0.7500,0.1250,3,1,44,44,15.0,15.000,2,4,5,4,21
real,50,21,8,10,0,-0.1250,0.3750,0.2500,0.6250,2,1,38,38,8.0,10.340,0,4,4,0,18
model,50,21,8,10,0,0.3750,0.5000,0.2500,0.5000,3,0,34,12,10.0,9.766,3,2,0,5,18
real,50,29,13,11,0,-0.5000,0.3750,0.1250,0.6250,6,1,13,13,5.0,5.064,1,2,2,0,24
model,50,29,13,11,0,0.7500,1.0000,0.8750,0.5000,3,1,42,42,16.0,16.128,7,3,3,3,24
real,50,21,10,11,0,0.1250,0.7500,0.7500,-0.1250,3,1,26,26,4.0,7.106,0,1,1,2,21
model,50,21,10,11,0,0.2500,0.7500,1.0000,0.5000,3,1,31,31,7.0,10.021,0,2,3,2,21
real,50,35,11,11,0,0.5000,0.8750,0.5000,0.0000,2,1,48,48,20.0,19.191,7,4,6,3,22
model,50,35,11,11,0,0.1250,0.5000,0.6250,0.1250,3,0,18,12,5.0,7.106,1,0,2,2,22
real,50,35,13,9,0,0.1250,0.7500,-0.1250,0.3750,1,1,50,50,22.0,22.000,9,5,8,0,22
model,50,35,13,9,0,-0.1250,0.7500,0.2500,0.6250,2,1,45,45,16.0,17.234,4,4,5,3,22
real,50,35,11,15,0,0.0000,0.5000,0.7500,0.6250,3,0,23,3,14.0,11.787,2,5,3,4,26
model,50,35,11,15,0,0.0000,0.7500,0.3750,0.3750,2,1,39,39,15.0,14.936,2,4,3,6,26
real,50,35,10,9,0,0.1250,0.6250,0.6250,0.3750,1,1,50,50,19.0,19.000,2,7,6,4,19
model,50,35,10,9,0,0.0000,0.3750,0.3750,0.1250,2,1,47,47,18.0,17.787,3,5,6,4,19
real,50,25,12,15,0,0.3750,0.7500,0.6250,0.7500,2,1,45,45,22.0,22.511,6,5,6,5,27
model,50,25,12,15,0,0.3750,0.6250,0.6250,0.7500,4,0,19,2,8.0,12.638,0,2,2,4,27
real,50,25,13,14,0,0.0000,0.8750,-0.1250,0.0000,1,1,50,50,27.0,27.000,9,4,8,6,27
model,50,25,13,14,0,0.0000,0.6250,-0.2500,0.0000,1,1,50,50,27.0,27.000,11,7,6,3,27
real,50,15,12,13,0,0.3750,0.7500,0.5000,0.7500,4,1,33,33,9.0,11.617,0,2,3,4,25
model,50,15,12,13,0,0.0000,0.6250,0.7500,0.3750,5,0,2,4,14.0,12.936,4,2,4,4,25
real,50,15,11,7,0,0.3750,0.6250,0.6250,0.7500,2,0,41,9,11.0,10.851,3,1,2,5,18
model,50,15,11,7,0,0.5000,0.8750,0.6250,0.8750,5,1,28,28,9.0,6.404,2,3,2,2,18
real,50,11,11,10,1,0.6250,0.8750,0.8750,0.6250,2,1,48,48,21.0,20.106,5,5,7,4,21
model,50,11,11,10,1,0.2500,0.3750,0.3750,0.2500,2,1,45,45,18.0,17.957,7,7,2,2,21
real,50,12,14,13,0,-0.1250,0.7500,0.7500,0.1250,2,1,30,30,12.0,13.468,7,3,2,0,27
model,50,12,14,13,0,0.3750,0.3750,0.7500,0.0000,3,1,25,25,8.0,9.213,2,1,4,1,27
real,50,19,11,9,0,0.1250,0.8750,0.6250,-0.1250,2,1,48,48,18.0,18.213,4,6,5,3,20
model,50,19,11,9,0,0.5000,0.3750,0.6250,0.0000,3,1,36,36,9.0,10.553,3,2,3,1,20
real,50,19,13,10,0,0.1250,0.7500,0.3750,0.3750,3,1,29,29,10.0,10.468,3,3,3,1,23
model,50,19,13,10,0,0.0000,0.6250,0.5000,0.1250,5,1,33,33,8.0,8.723,1,4,1,2,23
real,50,27,10,13,0,-0.2500,0.7500,0.6250,0.3750,4,0,32,13,11.0,11.660,5,2,1,3,23
model,50,27,10,13,0,0.2500,0.7500,0.8750,0.7500,2,0,20,30,12.0,12.426,3,3,2,4,23
real,50,27,9,12,0,0.1250,0.5000,0.2500,0.5000,2,1,29,29,12.0,10.213,5,2,2,3,21
model,50,27,9,12,0,0.3750,0.1250,0.7500,0.5000,6,0,4,9,5.0,4.298,4,1,0,0,21
real,50,7,9,10,0,0.2500,0.7500,0.5000,-0.2500,3,0,43,4,10.0,13.255,6,2,2,0,19
model,50,7,9,10,0,0.2500,0.8750,0.8750,0.5000,3,0,26,19,7.0,7.681,1,2,4,0,19
real,50,27,13,10,0,0.5000,0.6250,0.1250,0.3750,3,1,42,42,19.0,17.638,1,5,10,3,23
model,50,27,13,10,0,-0.1250,0.2500,0.2500,0.1250,3,0,26,14,8.0,9.319,1,3,1,3,23
real,50,23,12,11,0,0.0000,0.3750,0.8750,0.7500,1,1,50,50,23.0,23.000,7,3,10,3,23
model,50,23,12,11,0,-0.1250,0.5000,0.3750,-0.1250,3,0,34,13,12.0,11.255,2,4,5,1,23
real,50,15,13,10,0,0.0000,0.7500,-0.2500,0.2500,2,1,29,29,10.0,11.319,2,5,2,1,23
model,50,15,13,10,0,0.1250,0.2500,0.3750,0.1250,3,1,39,39,13.0,15.766,3,5,1,4,23
real,50,23,12,11,1,0.1250,0.7500,0.8750,0.6250,6,0,2,24,6.0,7.404,1,2,3,0,23
model,50,23,12,11,1,0.2500,0.8750,0.3750,0.5000,3,0,7,2,16.0,17.340,2,5,4,5,23
real,50,23,14,12,0,0.0000,0.7500,0.7500,0.6250,5,0,11,5,11.0,11.660,2,6,2,1,26
model,50,23,14,12,0,-0.1250,0.7500,0.6250,0.6250,2,1,48,48,25.0,23.957,6,9,5,5,26
real,50,47,12,12,0,-0.1250,0.6250,0.6250,0.6250,5,0,27,11,8.0,8.000,0,3,2,3,24
model,50,47,12,12,0,0.0000,0.5000,0.5000,0.2500,4,1,17,17,8.0,8.936,0,5,0,3,24
real,50,47,12,11,0,-0.1250,0.7500,0.2500,0.1250,4,0,22,12,7.0,6.383,1,1,5,0,23
model,50,47,12,11,0,0.1250,0.7500,0.3750,0.5000,5,0,13,9,8.0,5.468,3,0,0,5,23
real,50,47,11,11,0,0.8750,0.7500,0.6250,0.3750,2,1,48,48,21.0,20.128,7,6,4,4,22
model,50,47,11,11,0,0.0000,0.5000,0.1250,0.7500,4,1,35,35,11.0,13.745,2,1,6,2,22
real,50,47,10,13,0,0.0000,0.6250,0.6250,0.5000,2,1,47,47,20.0,20.638,3,6,6,5,23
model,50,47,10,13,0,0.1250,0.2500,0.1250,0.0000,2,1,43,43,19.0,19.574,2,6,6,5,23
real,50,50,12,10,0,0.5000,0.8750,0.7500,0.5000,3,1,30,30,7.0,8.681,2,2,1,2,22
model,50,50,12,10,0,0.5000,0.6250,0.3750,0.3750,5,1,15,15,5.0,4.809,2,2,1,0,22
real,50,50,11,7,0,0.0000,0.8750,-0.1250,0.0000,3,0,33,14,9.0,8.617,3,4,1,1,18
model,50,50,11,7,0,-0.1250,0.5000,0.8750,0.2500,4,0,31,11,6.0,6.936,0,3,3,0,18
real,50,50,12,14,0,0.2500,0.6250,0.0000,0.5000,2,1,46,46,21.0,20.383,4,6,8,3,26
model,50,50,12,14,0,0.1250,0.7500,0.7500,0.3750,2,1,16,16,15.0,15.277,6,4,3,2,26
real,50,50,12,5,1,-0.1250,0.7500,0.7500,0.5000,6,0,33,4,9.0,8.255,2,2,4,1,17
model,50,50,12,5,1,0.0000,0.8750,0.3750,0.3750,3,0,19,26,4.0,7.489,0,3,1,0,17
real,50,43,11,15,0,0.0000,0.5000,0.3750,-0.3750,2,1,44,44,19.0,19.617,2,6,6,5,26
model,50,43,11,15,0,0.1250,1.0000,0.6250,0.8750,3,1,41,41,16.0,16.745,4,2,2,8,26
real,50,43,13,10,1,0.1250,0.6250,0.6250,0.5000,4,1,22,22,5.0,7.277,1,3,0,1,23
model,50,43,13,10,1,0.5000,0.8750,0.8750,0.2500,3,1,34,34,14.0,13.000,1,5,4,4,23
real,50,43,11,10,0,-0.2500,0.2500,0.5000,-0.1250,3,0,37,8,11.0,11.851,5,1,3,2,21
model,50,43,11,10,0,0.0000,0.1250,-0.2500,-0.3750,3,1,44,44,14.0,16.660,3,2,3,6,21
real,50,43,11,11,0,0.0000,0.3750,0.3750,0.5000,2,1,42,42,16.0,15.532,3,5,6,2,22
model,50,43,11,11,0,-0.1250,0.7500,0.6250,0.7500,5,1,17,17,8.0,7.766,0,3,2,3,22
real,50,31,11,12,0,0.6250,1.0000,0.7500,0.6250,2,0,48,2,22.0,22.511,9,3,6,4,23
model,50,31,11,12,0,0.1250,0.0000,0.7500,0.5000,4,0,40,4,17.0,15.532,3,7,6,1,23
real,50,31,10,13,0,0.0000,0.3750,0.5000,0.2500,4,1,27,27,9.0,8.085,1,2,2,4,23
model,50,31,10,13,0,0.5000,0.6250,0.3750,0.0000,5,0,13,10,3.0,5.617,0,2,0,1,23
real,50,31,10,10,0,0.0000,0.2500,0.3750,-0.2500,2,1,44,44,12.0,13.617,1,3,3,5,20
model,50,31,10,10,0,0.1250,0.6250,0.2500,0.0000,4,0,11,35,14.0,10.298,3,3,5,3,20
real,50,31,14,11,0,0.1250,0.8750,0.7500,0.5000,4,0,3,34,14.0,14.766,2,1,7,4,25
model,50,31,14,11,0,0.3750,0.8750,0.7500,0.0000,5,0,5,3,7.0,6.936,1,1,1,4,25
real,50,45,9,10,0,0.3750,0.7500,0.6250,0.0000,5,0,5,4,7.0,7.298,0,4,1,2,19
model,50,45,9,10,0,-0.1250,0.6250,0.3750,0.2500,2,1,47,47,17.0,17.787,6,3,4,4,19
real,50,45,9,10,0,0.3750,0.8750,0.7500,0.5000,4,0,39,5,10.0,10.574,0,3,3,4,19
model,50,45,9,10,0,0.1250,0.5000,0.5000,0.5000,5,0,5,34,10.0,9.255,3,2,1,4,19
real,50,45,11,8,0,-0.1250,0.6250,0.1250,0.3750,5,0,9,21,3.0,4.638,0,0,3,0,19
model,50,45,11,8,0,-0.1250,0.2500,0.2500,0.1250,4,1,40,40,12.0,10.532,5,2,3,2,19
real,50,45,10,12,0,-0.1250,0.6250,0.8750,0.6250,5,0,32,6,6.0,8.979,1,2,1,2,22
model,50,45,10,12,0,-0.1250,0.3750,0.5000,0.5000,3,1,38,38,15.0,13.383,4,3,5,3,22
real,50,12,12,11,1,0.3750,0.3750,0.5000,0.0000,6,0,5,15,4.0,4.617,1,0,2,1,23
model,50,12,12,11,1,0.5000,0.6250,0.6250,0.6250,2,1,45,45,21.0,19.745,3,4,9,5,23
real,50,21,10,12,0,0.1250,0.3750,0.3750,0.1250,4,1,21,21,9.0,9.064,4,2,3,0,22
model,50,21,10,12,0,-0.5000,0.5000,0.5000,0.2500,2,0,30,20,11.0,11.617,2,0,3,6,22
real,50,21,9,11,0,0.1250,0.3750,0.2500,0.1250,3,1,30,30,8.0,9.787,1,2,4,1,20
model,50,21,9,11,0,0.2500,0.7500,0.1250,0.1250,4,0,19,18,4.0,5.872,1,0,2,1,20
real,50,21,10,9,0,-0.2500,0.8750,0.6250,-0.1250,3,0,28,13,5.0,7.128,2,1,2,0,19
model,50,21,10,9,0,1.0000,1.0000,1.0000,1.0000,5,1,7,7,5.0,6.043,2,1,2,0,19
real,50,17,12,13,0,-0.6250,0.5000,0.6250,0.3750,5,1,12,12,4.0,6.489,0,3,0,1,25
model,50,17,12,13,0,0.0000,0.6250,0.2500,0.3750,3,1,22,22,16.0,10.979,4,2,7,3,25
real,50,18,14,10,0,0.3750,0.5000,0.6250,0.1250,1,1,50,50,24.0,24.000,4,5,9,6,24
model,50,18,14,10,0,-0.1250,0.7500,0.2500,0.3750,4,1,35,35,13.0,13.936,2,2,3,6,24
real,50,17,13,13,0,0.0000,0.7500,0.0000,0.0000,3,0,9,36,13.0,15.106,2,3,3,5,26
model,50,17,13,13,0,0.5000,0.7500,0.1250,0.0000,4,0,16,26,5.0,9.085,1,0,3,1,26
real,50,17,13,13,0,0.0000,0.5000,-0.1250,0.3750,3,1,31,31,11.0,11.447,3,5,1,2,26
model,50,17,13,13,0,0.0000,0.0000,0.5000,0.5000,5,0,21,14,3.0,8.234,0,1,2,0,26
real,50,18,11,12,0,0.3750,0.7500,0.2500,-0.2500,3,0,27,19,9.0,10.277,2,0,1,6,23
model,50,18,11,12,0,-0.2500,0.6250,0.1250,0.1250,2,0,35,15,11.0,13.170,1,2,3,5,23
real,50,23,13,10,0,0.3750,0.7500,0.5000,0.6250,4,0,3,7,9.0,7.766,2,2,4,1,23
model,50,23,13,10,0,0.2500,0.7500,0.5000,0.1250,2,0,6,44,18.0,18.128,4,8,4,2,23
real,50,18,11,11,0,0.3750,0.5000,0.3750,0.2500,3,1,38,38,13.0,13.745,3,3,4,3,22
model,50,18,11,11,0,-0.2500,0.7500,0.3750,0.6250,5,0,12,22,7.0,6.383,3,2,1,1,22
real,50,18,11,12,0,1.0000,1.0000,1.0000,1.0000,3,0,2,44,20.0,19.723,5,4,6,5,23
model,50,18,11,12,0,-0.2500,0.6250,0.1250,0.2500,5,0,5,34,16.0,10.787,5,4,4,3,23
real,50,38,12,9,0,-0.5000,0.7500,0.5000,-0.1250,2,1,17,17,10.0,12.000,5,1,1,3,21
model,50,38,12,9,0,0.2500,0.7500,0.7500,-0.1250,4,0,3,30,8.0,9.426,2,1,1,4,21
real,50,38,6,13,0,0.2500,0.8750,0.3750,0.7500,4,0,3,24,3.0,4.787,1,0,2,0,19
model,50,38,6,13,0,0.1250,0.1250,0.1250,0.2500,3,1,41,41,15.0,13.213,1,3,4,7,19
real,50,38,9,9,0,0.1250,0.7500,0.3750,0.3750,6,0,16,5,4.0,3.894,1,1,0,2,18
model,50,38,9,9,0,0.1250,0.7500,0.2500,0.7500,3,1,39,39,13.0,11.851,1,4,5,3,18
real,50,38,13,9,0,0.1250,0.6250,0.3750,0.2500,1,1,50,50,22.0,22.000,3,8,8,3,22
model,50,38,13,9,0,-0.1250,0.7500,0.2500,0.2500,2,1,45,45,20.0,17.234,3,5,6,6,22
real,50,28,11,10,0,0.1250,0.7500,0.3750,0.3750,5,0,4,8,8.0,5.043,0,1,5,2,21
model,50,28,11,10,0,-0.1250,0.8750,-0.2500,-0.2500,4,1,41,41,16.0,15.489,6,2,3,5,21
real,50,15,12,14,1,0.2500,0.7500,0.2500,0.2500,5,0,12,21,8.0,7.745,3,3,2,0,26
model,50,15,12,14,1,-0.1250,0.3750,0.3750,0.3750,2,1,48,48,24.0,24.894,2,7,9,6,26
real,50,28,9,10,1,0.2500,0.1250,0.1250,0.2500,3,1,41,41,14.0,14.000,0,4,5,5,19
model,50,28,9,10,1,0.3750,0.6250,0.6250,0.5000,5,0,5,20,3.0,4.638,0,2,0,1,19
real,50,28,10,12,0,0.0000,0.5000,0.3750,0.1250,2,1,37,37,10.0,11.702,4,2,1,3,22
model,50,28,10,12,0,0.0000,0.6250,0.0000,0.0000,1,1,50,50,22.0,22.000,4,8,6,4,22
real,50,38,11,10,0,-0.2500,0.2500,0.0000,0.0000,3,0,36,9,14.0,12.766,4,2,2,6,21
model,50,38,11,10,0,0.2500,0.7500,0.8750,0.1250,4,1,17,17,10.0,7.787,4,4,1,1,21
real,50,38,11,13,0,-0.1250,0.3750,0.3750,0.3750,3,1,24,24,11.0,8.766,1,3,6,1,24
model,50,38,11,13,0,-0.5000,0.3750,0.3750,0.7500,5,0,3,14,5.0,6.383,1,1,0,3,24
real,50,38,10,9,0,0.3750,0.7500,0.1250,0.1250,3,0,6,37,8.0,10.362,3,3,0,2,19
model,50,38,10,9,0,0.2500,0.1250,0.3750,0.2500,5,0,23,17,5.0,6.021,0,0,3,2,19
real,50,38,6,15,0,0.5000,0.8750,0.7500,0.1250,6,1,19,19,3.0,4.234,1,1,1,0,21
model,50,38,6,15,0,0.1250,1.0000,0.5000,0.1250,5,0,2,25,9.0,7.255,2,2,2,3,21
real,50,37,11,12,0,-0.3750,0.5000,0.5000,0.2500,4,0,8,25,6.0,7.574,1,1,2,2,23
model,50,37,11,12,0,0.0000,0.7500,0.7500,0.2500,3,1,40,40,13.0,11.915,1,6,1,5,23
real,50,37,15,11,0,0.5000,0.5000,0.5000,0.3750,1,1,50,50,26.0,26.000,4,8,8,6,26
model,50,37,15,11,0,0.1250,0.7500,0.1250,-0.2500,2,0,41,9,18.0,18.170,6,3,5,4,26
real,50,37,12,11,0,0.1250,0.1250,0.1250,0.2500,4,1,27,27,2.0,8.213,0,0,2,0,23
model,50,37,12,11,0,0.5000,0.6250,0.6250,0.7500,3,0,3,40,18.0,17.234,3,9,4,2,23
real,50,37,11,15,0,0.0000,0.7500,0.6250,0.3750,6,0,25,5,2.0,7.426,2,0,0,0,26
model,50,37,11,15,0,0.0000,0.7500,0.7500,0.6250,5,0,27,2,9.0,9.532,1,2,3,3,26
real,50,34,10,10,0,-0.1250,1.0000,0.8750,0.3750,3,1,41,41,11.0,14.064,3,5,3,0,20
model,50,34,10,10,0,-0.2500,0.7500,0.2500,0.5000,5,0,9,24,7.0,5.213,1,1,3,2,20
real,50,34,13,14,0,0.1250,0.8750,0.0000,0.6250,2,0,4,46,23.0,23.489,3,5,8,7,27
model,50,34,13,14,0,0.5000,0.6250,0.5000,0.1250,6,0,10,11,6.0,6.681,1,3,1,1,27
real,50,34,9,13,0,0.2500,0.8750,0.5000,0.5000,5,0,2,14,4.0,5.468,0,1,2,1,22
model,50,34,9,13,0,0.1250,0.3750,0.5000,0.3750,4,0,24,19,5.0,6.468,1,0,4,0,22
real,50,34,12,14,0,0.3750,0.6250,0.5000,-0.1250,1,1,50,50,26.0,26.000,4,8,11,3,26
model,50,34,12,14,0,0.0000,0.3750,0.2500,0.2500,4,0,14,19,7.0,7.830,1,0,2,4,26
real,50,22,10,10,0,0.3750,0.1250,0.5000,0.1250,2,1,47,47,17.0,17.830,6,4,1,6,20
model,50,22,10,10,0,0.2500,0.5000,0.7500,0.5000,4,0,10,25,6.0,6.723,3,0,2,1,20
real,50,17,10,14,0,0.2500,0.7500,0.0000,0.6250,6,0,25,2,6.0,7.085,3,1,2,0,24
model,50,17,10,14,0,0.1250,0.6250,0.5000,0.3750,5,0,6,31,9.0,9.936,0,4,4,1,24
real,50,22,10,10,0,0.1250,0.2500,0.3750,0.2500,4,1,25,25,6.0,6.894,0,3,2,1,20
model,50,22,10,10,0,-0.7500,0.6250,0.6250,0.6250,4,0,14,18,5.0,6.106,1,0,2,2,20
real,50,22,11,11,1,-0.1250,0.3750,-0.1250,0.2500,3,1,43,43,17.0,15.660,1,5,6,5,22
model,50,22,11,11,1,0.0000,0.5000,0.5000,0.1250,5,1,30,30,6.0,9.149,3,0,3,0,22
real,50,46,12,14,0,0.1250,0.8750,0.5000,0.5000,1,1,50,50,26.0,26.000,6,11,3,6,26
model,50,46,12,14,0,0.2500,0.5000,0.5000,0.5000,5,1,18,18,4.0,5.489,1,0,2,1,26
real,50,46,10,12,0,0.2500,0.6250,0.2500,0.0000,3,0,7,22,8.0,8.404,0,3,3,2,22
model,50,46,10,12,0,-0.1250,0.6250,0.2500,0.2500,6,0,9,27,8.0,6.766,3,1,2,2,22
real,50,46,13,16,0,-0.5000,0.2500,0.5000,0.3750,3,1,42,42,21.0,19.553,8,4,5,4,29
model,50,46,13,16,0,0.3750,0.7500,0.3750,0.2500,3,0,39,8,20.0,18.787,1,5,7,7,29
real,50,46,11,8,0,0.2500,0.6250,0.6250,0.6250,6,0,11,10,3.0,3.191,0,1,1,1,19
model,50,46,11,8,0,0.1250,0.8750,0.7500,0.2500,4,1,36,36,12.0,10.255,2,3,3,4,19
real,50,35,11,11,0,0.2500,0.8750,0.1250,0.1250,3,1,39,39,16.0,12.830,4,5,4,3,22
model,50,35,11,11,0,0.0000,0.0000,0.6250,0.0000,3,0,12,21,6.0,6.979,2,0,3,1,22
real,50,15,10,5,0,0.1250,0.8750,0.1250,0.3750,2,0,16,34,12.0,9.064,3,2,4,3,15
model,50,15,10,5,0,-0.1250,0.5000,0.7500,0.1250,2,1,20,20,10.0,7.979,5,1,3,1,15
real,50,35,12,11,0,0.2500,0.3750,0.0000,-0.1250,1,1,50,50,23.0,23.000,3,8,7,5,23
model,50,35,12,11,0,-0.1250,0.7500,0.6250,0.1250,4,0,31,4,7.0,11.319,2,3,0,2,23
real,50,35,13,8,0,0.1250,0.8750,0.3750,0.0000,2,1,40,40,16.0,14.149,5,6,4,1,21
model,50,35,13,8,0,-0.2500,0.8750,0.7500,0.5000,4,1,38,38,15.0,12.851,4,2,2,7,21
real,50,21,12,12,0,0.2500,0.3750,0.3750,0.3750,6,0,13,9,2.0,3.809,0,0,1,1,24
model,50,21,12,12,0,-0.1250,0.7500,0.2500,-0.2500,5,0,22,18,6.0,8.043,0,1,3,2,24
real,50,21,13,13,0,0.1250,0.7500,0.8750,0.6250,4,1,22,22,6.0,7.809,4,0,2,0,26
model,50,21,13,13,0,-0.2500,0.7500,0.2500,0.5000,4,1,36,36,8.0,13.319,2,4,0,2,26
real,50,21,14,10,0,0.6250,0.3750,0.1250,-0.3750,2,1,46,46,21.0,19.404,4,5,8,4,24
model,50,21,14,10,0,0.1250,0.3750,0.5000,0.2500,4,1,34,34,13.0,12.191,1,8,2,2,24
real,50,21,11,13,0,0.1250,0.5000,0.1250,0.2500,2,1,47,47,20.0,21.574,3,5,7,5,24
model,50,21,11,13,0,0.0000,0.7500,0.5000,0.3750,3,0,35,13,12.0,13.830,4,3,4,1,24
real,50,44,14,10,0,0.2500,0.7500,0.2500,0.5000,1,1,50,50,24.0,24.000,7,3,5,9,24
model,50,44,14,10,0,0.2500,0.5000,0.3750,-0.2500,4,0,14,22,7.0,7.745,2,2,0,3,24
real,50,6,11,15,0,-0.2500,0.5000,0.5000,0.3750,3,1,40,40,16.0,14.979,5,4,2,5,26
model,50,6,11,15,0,0.2500,0.7500,0.6250,0.1250,2,1,39,39,21.0,16.596,0,3,9,9,26
real,50,44,11,11,0,-0.2500,0.5000,0.6250,0.5000,2,1,43,43,14.0,13.660,2,8,2,2,22
model,50,44,11,11,0,-0.5000,0.7500,0.6250,0.1250,2,1,27,27,9.0,10.894,2,1,3,3,22
real,50,44,14,13,0,-0.1250,0.3750,0.3750,0.0000,2,1,45,45,21.0,23.319,2,8,5,6,27
model,50,44,14,13,0,0.5000,0.6250,0.8750,-0.2500,4,0,3,18,10.0,9.532,4,3,2,1,27
real,50,34,13,10,0,0.2500,0.1250,0.3750,-0.6250,4,1,34,34,14.0,11.149,2,6,4,2,23
model,50,34,13,10,0,0.1250,0.8750,0.8750,0.6250,4,1,17,17,13.0,10.957,6,3,3,1,23
real,50,34,9,12,1,0.0000,0.2500,0.2500,0.2500,3,0,34,14,12.0,12.596,3,1,5,3,21
model,50,34,9,12,1,0.2500,0.8750,0.8750,0.6250,7,0,26,2,10.0,8.149,5,0,3,2,21
real,50,34,8,11,0,-0.1250,0.7500,0.6250,0.7500,3,0,6,42,15.0,13.106,5,5,3,2,19
model,50,34,8,11,0,0.0000,1.0000,1.0000,0.6250,3,1,34,34,10.0,9.277,5,1,2,2,19
real,50,12,9,9,1,0.0000,0.3750,0.3750,0.5000,5,0,7,32,5.0,7.340,2,2,0,1,18
model,50,12,9,9,1,0.5000,0.5000,0.7500,0.6250,6,0,14,4,11.0,5.362,3,4,1,3,18
real,50,6,14,13,0,0.2500,0.8750,0.6250,-0.1250,4,0,4,38,16.0,17.957,0,7,4,5,27
model,50,6,14,13,0,0.0000,0.8750,0.3750,0.6250,7,1,30,30,9.0,10.043,1,5,1,2,27
real,50,23,9,10,0,-0.1250,0.6250,0.0000,0.0000,4,1,34,34,8.0,6.957,1,2,4,1,19
model,50,23,9,10,0,-0.1250,0.6250,0.6250,0.5000,4,1,29,29,8.0,7.128,0,4,1,3,19
real,50,23,14,8,0,0.1250,0.3750,0.1250,0.0000,3,1,33,33,9.0,12.000,1,4,2,2,22
model,50,23,14,8,0,0.0000,0.7500,0.1250,0.0000,2,0,44,6,16.0,18.043,4,3,3,6,22
real,50,23,10,9,0,0.2500,0.3750,0.3750,0.5000,2,1,45,45,16.0,14.553,3,9,1,3,19
model,50,23,10,9,0,0.0000,0.8750,0.8750,0.5000,4,0,22,4,5.0,6.234,1,2,2,0,19
real,50,36,12,12,0,0.2500,0.6250,0.8750,0.3750,3,1,41,41,15.0,14.426,4,2,6,3,24
model,50,36,12,12,0,0.2500,0.7500,0.2500,0.3750,6,1,27,27,7.0,6.830,2,2,1,2,24
real,50,36,8,14,0,0.0000,0.3750,0.6250,0.5000,2,0,40,10,14.0,15.234,2,7,4,1,22
model,50,36,8,14,0,0.1250,0.7500,0.7500,0.2500,5,0,3,27,10.0,7.404,1,3,3,3,22
real,50,12,12,6,1,0.2500,0.5000,0.2500,0.0000,6,1,15,15,6.0,4.021,2,3,0,1,18
model,50,12,12,6,1,0.1250,0.6250,0.5000,0.1250,2,0,19,31,5.0,8.553,2,1,1,1,18
real,50,36,11,12,0,0.5000,0.7500,0.8750,0.5000,3,1,41,41,16.0,15.085,4,6,5,1,23
model,50,36,11,12,0,0.0000,0.5000,-0.1250,0.1250,3,0,29,15,7.0,9.851,1,1,2,3,23
real,50,32,9,15,0,0.2500,0.7500,0.3750,-0.3750,6,1,22,22,4.0,5.957,1,1,1,1,24
model,50,32,9,15,0,-0.1250,0.5000,0.5000,0.2500,4,1,21,21,6.0,7.255,2,2,1,1,24
real,50,32,12,11,0,0.3750,0.7500,0.3750,0.0000,3,0,40,4,17.0,15.021,1,8,6,2,23
model,50,32,12,11,0,1.0000,1.0000,1.0000,1.0000,5,1,34,34,13.0,10.447,2,7,3,1,23
real,50,32,12,11,0,0.0000,0.5000,0.6250,0.0000,4,1,29,29,5.0,8.574,0,2,3,0,23
model,50,32,12,11,0,-0.2500,0.6250,0.5000,0.7500,2,0,28,22,16.0,11.574,2,2,5,7,23
real,50,18,14,10,0,0.2500,0.3750,0.6250,0.3750,3,1,30,30,9.0,9.234,2,3,2,2,24
model,50,18,14,10,0,0.3750,0.5000,0.3750,0.1250,3,1,42,42,17.0,17.660,2,7,5,3,24
real,50,37,12,9,0,0.1250,0.7500,0.3750,0.3750,2,0,7,43,19.0,16.787,6,4,4,5,21
model,50,37,12,9,0,0.0000,0.3750,0.2500,0.5000,6,0,8,10,2.0,3.702,0,1,0,1,21
real,50,37,11,15,0,0.1250,0.5000,0.5000,-0.1250,2,1,48,48,25.0,24.894,3,10,3,9,26
model,50,37,11,15,0,-0.1250,0.6250,0.1250,1.0000,2,1,41,41,20.0,19.106,10,6,3,1,26
real,50,37,12,12,0,0.2500,0.6250,0.7500,-0.2500,2,1,46,46,20.0,20.255,4,10,1,5,24
model,50,37,12,12,0,-0.3750,0.3750,0.6250,-0.2500,3,1,23,23,8.0,10.511,2,1,4,1,24
real,50,37,16,14,0,0.0000,0.6250,0.7500,0.0000,3,0,18,27,10.0,12.957,2,2,4,2,30
model,50,37,16,14,0,-0.2500,0.8750,0.6250,0.7500,5,0,4,27,11.0,8.340,3,2,3,3,30
real,50,21,13,10,0,-0.1250,0.6250,0.5000,0.3750,2,0,36,14,11.0,14.766,3,5,2,1,23
model,50,21,13,10,0,-0.2500,0.3750,0.7500,0.5000,4,0,21,24,8.0,8.851,1,2,3,2,23
real,50,17,13,13,0,-0.3750,0.8750,0.1250,-0.1250,7,0,16,3,5.0,6.234,0,4,1,0,26
model,50,17,13,13,0,-0.1250,0.3750,-0.1250,-0.1250,3,0,6,42,23.0,20.596,5,7,7,4,26
real,50,21,8,12,0,0.5000,0.8750,0.5000,0.0000,3,0,25,23,6.0,8.851,2,2,1,1,20
model,50,21,8,12,0,0.2500,0.7500,0.7500,0.3750,6,0,10,8,3.0,3.660,1,1,0,1,20
real,50,21,10,10,0,0.1250,0.6250,0.2500,0.7500,4,0,40,3,12.0,13.213,4,3,4,1,20
model,50,21,10,10,0,0.2500,0.5000,0.3750,0.5000,5,1,18,18,7.0,4.532,1,2,2,2,20
real,50,29,13,11,0,-0.5000,0.7500,0.7500,0.5000,3,0,38,7,13.0,14.383,3,3,2,5,24
model,50,29,13,11,0,0.6250,0.7500,0.5000,0.5000,2,1,38,38,15.0,15.319,2,5,5,3,24
real,50,21,12,13,0,0.3750,1.0000,0.3750,0.1250,3,0,21,11,8.0,8.489,2,3,2,1,25
model,50,21,12,13,0,-0.1250,0.8750,0.5000,0.5000,5,0,13,10,8.0,7.617,0,3,4,1,25
real,50,21,9,13,0,-0.2500,0.3750,0.1250,0.6250,4,0,5,38,15.0,14.021,4,5,4,2,22
model,50,21,9,13,0,0.1250,0.3750,0.7500,0.6250,3,1,21,21,8.0,8.234,1,1,3,3,22
real,50,29,15,10,1,-0.2500,0.5000,0.3750,0.6250,4,1,31,31,10.0,11.404,1,5,2,2,25
model,50,29,15,10,1,-0.1250,0.5000,0.3750,0.1250,4,0,4,18,11.0,10.170,2,3,3,3,25
real,50,21,12,13,0,0.2500,0.6250,0.2500,0.2500,6,0,14,22,4.0,5.723,0,3,0,1,25
model,50,21,12,13,0,-0.2500,0.6250,0.3750,-0.1250,4,0,29,9,9.0,10.489,4,1,1,3,25
real,50,21,10,12,0,0.5000,0.6250,0.5000,0.6250,1,1,50,50,22.0,22.000,5,8,7,2,22
model,50,21,10,12,0,-0.2500,0.6250,0.6250,0.1250,3,0,44,4,17.0,17.064,3,7,6,1,22
real,50,23,10,14,0,0.1250,0.6250,0.6250,0.2500,3,1,34,34,11.0,11.149,0,5,3,3,24
model,50,23,10,14,0,0.3750,0.3750,0.6250,0.6250,2,1,44,44,20.0,18.638,1,8,3,8,24
real,50,21,12,12,0,0.5000,0.5000,0.5000,0.1250,2,1,44,44,18.0,17.872,5,2,5,6,24
model,50,21,12,12,0,0.1250,1.0000,0.1250,0.6250,2,0,40,10,15.0,17.489,2,8,3,2,24
real,50,34,8,11,0,-0.3750,0.3750,0.3750,0.3750,4,0,11,15,2.0,5.085,0,2,0,0,19
model,50,34,8,11,0,0.1250,0.6250,0.2500,0.2500,3,1,29,29,10.0,7.936,2,3,3,2,19
real,50,34,14,13,0,0.1250,0.3750,0.6250,0.3750,6,0,6,14,5.0,6.298,2,1,2,0,27
model,50,34,14,13,0,0.0000,0.7500,0.2500,0.3750,3,0,27,19,10.0,11.681,1,3,5,1,27
real,50,34,15,10,0,0.5000,0.6250,0.5000,0.6250,3,1,42,42,18.0,19.170,5,5,3,5,25
model,50,34,15,10,0,0.0000,0.6250,0.6250,0.5000,1,1,50,50,25.0,25.000,11,2,7,5,25
real,50,34,13,13,0,0.1250,0.5000,0.2500,0.0000,4,0,18,6,6.0,9.298,1,1,3,1,26
model,50,34,13,13,0,0.3750,0.3750,0.1250,0.2500,2,1,40,40,17.0,15.702,6,2,4,5,26
real,50,50,13,14,0,-0.1250,0.3750,0.6250,0.3750,3,1,36,36,14.0,12.957,5,3,5,1,27
model,50,50,13,14,0,-0.1250,0.5000,0.3750,0.3750,3,1,22,22,9.0,11.340,4,2,1,2,27
real,50,50,12,14,0,0.0000,1.0000,0.1250,0.1250,3,0,18,22,10.0,8.723,3,4,2,1,26
model,50,50,12,14,0,0.1250,1.0000,0.7500,0.2500,7,0,13,21,8.0,6.128,2,0,2,4,26
real,50,50,11,10,0,0.0000,0.5000,0.6250,0.7500,4,0,6,27,7.0,9.468,2,0,3,2,21
model,50,50,11,10,0,0.0000,0.6250,0.1250,0.0000,5,0,16,20,7.0,5.723,1,3,2,1,21
real,50,50,15,13,0,0.0000,0.5000,0.3750,0.1250,1,1,50,50,28.0,28.000,2,7,6,13,28
model,50,50,15,13,0,0.1250,1.0000,0.2500,0.2500,3,1,43,43,22.0,19.936,7,5,5,5,28
real,50,30,12,14,0,-0.5000,0.6250,0.3750,-0.1250,2,0,36,14,14.0,15.064,6,2,2,4,26
model,50,30,12,14,0,-0.3750,0.6250,0.0000,0.2500,3,1,37,37,13.0,12.170,2,5,3,3,26
real,50,30,12,10,0,-0.1250,0.6250,0.2500,0.5000,2,1,45,45,19.0,18.043,3,6,4,6,22
model,50,30,12,10,0,-0.3750,0.5000,0.5000,0.1250,3,1,25,25,7.0,9.702,3,3,0,1,22
real,50,30,7,8,0,0.5000,0.7500,0.7500,0.3750,3,0,27,17,5.0,5.851,1,1,1,2,15
model,50,30,7,8,0,0.6250,0.7500,0.6250,0.5000,2,1,48,48,14.0,13.426,3,6,3,2,15
real,50,30,8,10,0,0.0000,1.0000,0.5000,0.7500,4,0,2,29,7.0,6.915,2,1,1,3,18
model,50,30,8,10,0,-0.2500,0.6250,0.7500,0.5000,3,1,46,46,15.0,15.574,3,3,2,7,18
real,50,33,11,11,0,-0.1250,0.3750,0.3750,0.0000,3,0,17,18,5.0,7.085,0,3,1,1,22
model,50,33,11,11,0,0.0000,0.5000,0.5000,0.6250,4,0,23,21,9.0,9.021,3,3,2,1,22
real,50,33,10,9,0,0.7500,0.8750,0.6250,0.5000,4,1,30,30,6.0,7.255,2,1,2,1,19
model,50,33,10,9,0,0.2500,0.5000,0.2500,0.5000,7,0,12,17,3.0,3.681,0,1,1,1,19
real,50,33,10,12,0,-0.1250,0.7500,0.6250,0.6250,8,0,15,3,5.0,4.574,1,1,1,2,22
model,50,33,10,12,0,0.0000,0.8750,0.3750,0.5000,2,1,48,48,21.0,20.128,5,5,2,9,22
real,50,33,15,14,0,-0.3750,0.6250,0.3750,0.1250,3,1,44,44,25.0,21.979,10,8,3,4,29
model,50,33,15,14,0,0.3750,0.6250,0.5000,0.5000,2,1,46,46,23.0,25.681,4,6,8,5,29
real,50,19,11,10,1,-0.1250,0.8750,0.6250,0.3750,5,1,19,19,12.0,8.191,1,4,5,2,21
model,50,19,11,10,1,0.1250,0.5000,0.3750,0.0000,5,0,14,8,4.0,5.383,0,1,1,2,21
real,50,6,14,13,0,0.0000,0.6250,0.6250,0.5000,3,1,46,46,21.0,22.915,4,6,4,7,27
model,50,6,14,13,0,1.0000,1.0000,1.0000,1.0000,5,1,19,19,7.0,6.809,4,3,0,0,27
real,50,16,13,15,0,0.1250,0.7500,0.6250,0.1250,2,1,47,47,24.0,23.532,5,4,7,8,28
model,50,16,13,15,0,-0.1250,0.7500,0.6250,0.6250,4,0,14,2,6.0,8.511,1,3,1,1,28
real,50,19,10,10,0,0.2500,0.6250,-0.1250,-0.3750,2,0,31,19,11.0,10.298,1,3,5,2,20
model,50,19,10,10,0,0.0000,0.3750,0.1250,0.2500,1,1,50,50,20.0,20.000,5,6,7,2,20
real,50,44,11,13,0,-0.1250,0.3750,0.5000,0.3750,4,0,21,5,9.0,7.319,2,4,3,0,24
model,50,44,11,13,0,0.1250,0.5000,0.1250,-0.1250,3,0,18,18,7.0,7.404,0,2,4,1,24
real,50,44,13,10,0,0.2500,0.6250,0.3750,0.2500,1,1,50,50,23.0,23.000,8,5,5,5,23
model,50,44,13,10,0,-0.2500,0.3750,0.6250,0.0000,3,1,40,40,14.0,13.191,2,5,5,2,23
real,50,44,12,14,0,0.1250,0.7500,0.5000,-0.1250,3,0,31,15,13.0,11.106,3,2,6,2,26
model,50,44,12,14,0,1.0000,1.0000,1.0000,1.0000,4,1,30,30,10.0,11.106,2,4,4,0,26
real,50,44,7,11,0,-0.1250,0.7500,0.2500,0.0000,2,1,48,48,16.0,17.234,3,5,5,3,18
model,50,44,7,11,0,0.1250,0.7500,0.6250,0.6250,2,1,46,46,17.0,16.468,5,3,5,4,18
real,50,14,14,9,0,0.0000,0.7500,0.5000,0.5000,3,0,45,2,18.0,21.043,2,9,5,2,23
model,50,14,14,9,0,1.0000,1.0000,1.0000,1.0000,3,1,40,40,12.0,13.383,6,2,1,3,23
real,50,18,10,11,0,0.3750,0.2500,0.5000,0.3750,3,0,7,38,15.0,13.404,1,4,6,4,21
model,50,18,10,11,0,0.2500,0.6250,0.5000,0.1250,2,1,34,34,9.0,11.128,4,1,1,3,21
real,50,14,13,10,0,0.1250,0.8750,0.8750,0.3750,2,0,47,3,22.0,21.085,5,8,5,4,23
model,50,14,13,10,0,0.0000,0.1250,0.3750,0.1250,5,0,16,5,4.0,5.660,0,3,0,1,23
real,50,18,7,14,0,0.5000,0.6250,0.0000,0.2500,2,0,44,6,18.0,18.766,3,4,4,7,21
model,50,18,7,14,0,0.0000,0.5000,0.3750,0.1250,3,0,42,5,16.0,13.851,3,5,5,3,21
real,50,28,10,7,0,1.0000,1.0000,1.0000,1.0000,4,1,31,31,6.0,7.511,1,1,2,2,17
model,50,28,10,7,0,0.8750,1.0000,0.7500,0.7500,4,1,37,37,10.0,9.085,4,3,3,0,17
real,50,28,13,12,1,0.0000,0.7500,0.0000,0.5000,5,0,39,5,18.0,16.702,2,6,6,4,25
model,50,28,13,12,1,0.2500,0.7500,0.5000,0.7500,3,0,2,21,11.0,12.787,4,3,2,2,25
real,50,28,12,8,1,0.5000,0.6250,0.8750,0.7500,3,1,33,33,13.0,11.745,2,4,4,3,20
model,50,28,12,8,1,0.0000,0.2500,0.3750,0.2500,2,0,4,46,17.0,17.830,5,5,3,4,20
real,50,28,8,11,0,0.7500,0.5000,0.5000,0.5000,3,0,23,15,4.0,5.553,1,0,3,0,19
model,50,28,8,11,0,-0.2500,0.5000,0.3750,0.0000,4,0,33,5,7.0,8.766,2,2,0,3,19
real,50,50,13,14,0,-0.2500,0.8750,0.7500,0.2500,4,1,37,37,13.0,17.021,4,3,4,2,27
model,50,50,13,14,0,0.2500,0.1250,0.1250,0.1250,4,0,6,6,4.0,9.128,1,1,0,2,27
real,50,50,12,10,1,0.0000,0.6250,0.3750,0.2500,4,1,42,42,16.0,17.489,4,4,6,2,22
model,50,50,12,10,1,0.2500,0.7500,0.6250,0.5000,2,1,37,37,13.0,13.574,5,4,3,1,22
real,50,50,13,8,1,0.5000,0.7500,0.8750,0.8750,5,1,31,31,13.0,9.574,3,2,6,2,21
model,50,50,13,8,1,0.2500,0.7500,0.7500,0.6250,4,1,8,8,8.0,11.766,2,1,2,3,21
real,50,50,12,13,0,0.5000,0.7500,0.2500,0.0000,3,1,45,45,22.0,19.766,6,3,6,7,25
model,50,50,12,13,0,1.0000,1.0000,1.0000,1.0000,3,1,26,26,11.0,10.702,4,1,3,3,25
real,50,28,11,13,0,-0.6250,0.8750,0.3750,-0.2500,2,1,47,47,23.0,22.468,4,3,7,9,24
model,50,28,11,13,0,0.1250,0.5000,0.5000,0.2500,3,1,33,33,11.0,12.255,6,1,0,4,24
real,50,28,10,11,0,0.1250,0.3750,0.2500,0.7500,2,1,45,45,15.0,16.340,3,3,1,8,21
model,50,28,10,11,0,-0.2500,0.5000,0.1250,0.2500,4,1,23,23,6.0,5.830,2,2,2,0,21
real,50,28,14,11,0,-0.1250,0.5000,0.3750,-0.2500,5,0,6,22,7.0,7.745,3,2,1,1,25
model,50,28,14,11,0,0.0000,0.6250,0.6250,0.5000,5,0,26,5,11.0,9.255,4,3,1,3,25
real,50,28,11,11,0,-0.1250,1.0000,0.7500,0.5000,3,1,8,8,13.0,11.277,3,3,4,3,22
model,50,28,11,11,0,0.3750,0.8750,0.3750,0.1250,5,0,3,21,7.0,6.532,2,1,1,3,22
real,50,27,11,11,0,-0.1250,0.8750,0.6250,0.5000,1,1,50,50,22.0,22.000,6,5,7,4,22
model,50,27,11,11,0,1.0000,1.0000,1.0000,1.0000,4,1,10,10,8.0,5.404,1,3,2,2,22
real,50,27,10,11,0,-0.3750,0.8750,0.3750,0.3750,4,0,32,13,8.0,11.574,3,0,2,3,21
model,50,27,10,11,0,0.0000,0.7500,0.0000,0.1250,4,1,25,25,10.0,8.617,2,3,3,2,21
real,50,16,9,11,0,0.1250,0.2500,0.6250,0.3750,3,1,25,25,11.0,8.319,4,3,3,1,20
model,50,16,9,11,0,1.0000,1.0000,1.0000,1.0000,4,1,17,17,7.0,5.234,3,1,0,3,20
real,50,27,11,10,0,0.0000,0.3750,0.2500,0.2500,2,0,9,41,13.0,14.702,2,6,0,5,21
model,50,27,11,10,0,-0.1250,0.7500,0.3750,0.7500,5,0,8,9,9.0,8.319,1,4,4,0,21
real,50,27,10,9,0,0.0000,0.5000,0.3750,0.1250,3,1,21,21,11.0,8.915,2,0,4,5,19
model,50,27,10,9,0,0.1250,0.7500,0.7500,0.1250,2,1,47,47,18.0,16.894,7,2,7,2,19
real,50,23,13,11,0,0.2500,0.8750,0.3750,0.2500,4,0,8,13,11.0,10.191,2,2,4,3,24
model,50,23,13,11,0,0.1250,0.3750,0.3750,0.5000,5,0,7,26,9.0,8.085,1,4,2,2,24
real,50,27,12,13,0,0.1250,0.6250,0.3750,0.6250,2,1,44,44,20.0,21.043,4,9,3,4,25
model,50,27,12,13,0,0.0000,0.6250,0.7500,0.0000,3,1,41,41,15.0,15.872,0,5,6,4,25
real,50,27,13,11,0,0.0000,0.1250,0.2500,0.1250,4,0,7,32,9.0,10.170,1,3,4,1,24
model,50,27,13,11,0,0.2500,0.5000,0.5000,0.5000,6,0,5,21,4.0,7.404,1,0,1,2,24
real,50,29,11,11,0,0.1250,0.6250,0.5000,0.7500,5,0,34,4,13.0,11.872,2,4,0,7,22
model,50,29,11,11,0,0.0000,0.5000,0.2500,0.5000,1,1,50,50,22.0,22.000,4,4,7,7,22
real,50,29,11,9,1,0.0000,0.5000,0.5000,0.6250,5,1,20,20,9.0,6.596,2,2,5,0,20
model,50,29,11,9,1,-0.2500,0.5000,0.3750,0.0000,3,0,7,26,8.0,9.021,3,3,1,1,20
real,50,29,10,12,0,0.1250,0.6250,0.6250,0.3750,3,0,2,42,14.0,13.298,2,8,1,3,22
model,50,29,10,12,0,-0.2500,0.6250,0.3750,-0.3750,1,1,50,50,22.0,22.000,6,10,3,3,22
real,50,29,10,14,0,-0.1250,0.0000,0.2500,0.8750,1,1,50,50,24.0,24.000,9,4,7,4,24
model,50,29,10,14,0,0.2500,0.6250,0.2500,0.6250,3,1,31,31,11.0,11.681,3,2,4,2,24
real,50,27,11,13,0,0.0000,0.2500,0.5000,0.1250,4,0,31,7,12.0,10.213,2,3,3,4,24
model,50,27,11,13,0,0.1250,0.5000,0.5000,0.5000,7,0,29,3,10.0,9.596,2,4,1,3,24
real,50,27,13,14,0,0.0000,0.7500,1.0000,0.3750,4,1,22,22,9.0,9.064,2,1,2,4,27
model,50,27,13,14,0,-0.3750,0.8750,0.3750,0.7500,3,0,42,5,18.0,19.787,2,5,9,2,27
real,50,27,14,10,0,-0.1250,0.5000,0.1250,0.0000,3,0,36,8,17.0,16.766,4,5,5,3,24
model,50,27,14,10,0,-0.6250,0.6250,0.6250,-0.2500,4,1,38,38,15.0,13.106,3,5,4,3,24
real,50,27,12,9,0,0.1250,0.8750,0.3750,0.5000,3,0,33,4,13.0,12.234,0,6,3,4,21
model,50,27,12,9,0,0.5000,0.7500,0.5000,0.7500,2,1,27,27,7.0,10.426,1,1,2,3,21
real,50,16,11,12,0,-0.2500,0.7500,0.6250,0.5000,6,0,7,23,8.0,7.043,3,4,1,0,23
model,50,16,11,12,0,-0.1250,0.6250,0.2500,0.1250,5,0,18,11,9.0,5.617,1,2,4,2,23
real,50,10,12,13,1,0.0000,0.8750,0.5000,0.0000,4,0,33,11,13.0,11.213,6,1,3,3,25
model,50,10,12,13,1,0.1250,0.6250,0.5000,0.7500,6,0,7,14,9.0,6.106,4,1,3,1,25
real,50,10,8,15,0,-0.2500,0.1250,0.3750,0.0000,1,1,50,50,23.0,23.000,8,5,3,7,23
model,50,10,8,15,0,0.1250,0.8750,0.5000,0.3750,1,1,50,50,23.0,23.000,6,5,5,7,23
real,50,16,11,8,0,0.3750,0.6250,0.1250,0.2500,4,0,9,35,7.0,8.362,2,1,1,3,19
model,50,16,11,8,0,-0.1250,0.7500,0.5000,0.2500,2,0,38,12,14.0,12.340,5,3,1,5,19
real,50,42,12,8,0,0.1250,0.2500,0.6250,0.2500,3,0,22,21,6.0,7.447,0,1,5,0,20
model,50,42,12,8,0,-0.5000,0.2500,0.0000,0.5000,3,0,22,11,5.0,6.574,1,2,1,1,20
real,50,42,12,10,0,0.2500,0.5000,0.0000,-0.2500,2,0,18,32,9.0,10.766,2,1,2,4,22
model,50,42,12,10,0,0.2500,0.6250,0.6250,0.3750,2,1,40,40,12.0,13.149,4,1,5,2,22
real,50,42,10,10,0,-0.3750,0.5000,0.5000,0.2500,7,0,14,6,2.0,3.404,0,1,1,0,20
model,50,42,10,10,0,-0.1250,0.5000,0.5000,0.0000,4,0,20,22,8.0,7.872,2,0,4,2,20
real,50,42,12,10,0,0.0000,0.3750,0.5000,0.5000,1,1,50,50,22.0,22.000,4,7,7,4,22
model,50,42,12,10,0,0.5000,0.5000,0.5000,0.5000,3,0,11,37,15.0,14.170,6,3,3,3,22
real,50,39,11,11,0,0.0000,0.7500,0.0000,-0.1250,3,1,41,41,14.0,14.383,2,2,4,6,22
model,50,39,11,11,0,-0.2500,0.5000,0.2500,0.3750,3,0,6,37,9.0,11.319,1,3,3,2,22
real,50,39,10,9,0,-0.1250,0.5000,0.1250,0.2500,3,0,32,10,5.0,7.872,1,1,2,1,19
model,50,39,10,9,0,-0.3750,0.5000,0.5000,0.6250,5,1,29,29,7.0,7.043,0,2,3,2,19
real,50,39,11,11,0,0.0000,0.3750,0.5000,0.5000,4,0,25,16,5.0,6.553,1,2,1,1,22
model,50,39,11,11,0,0.1250,0.8750,0.3750,0.6250,3,0,13,18,9.0,7.468,1,5,0,3,22
real,50,39,10,11,0,-0.2500,0.6250,0.5000,0.8750,3,1,38,38,15.0,13.660,2,4,6,3,21
model,50,39,10,11,0,0.3750,0.3750,0.0000,0.3750,4,0,16,22,12.0,6.255,1,3,5,3,21
real,50,32,14,10,0,-0.2500,0.6250,0.0000,0.2500,2,1,47,47,22.0,20.681,5,8,6,3,24
model,50,32,14,10,0,-0.2500,0.7500,0.2500,0.2500,5,0,7,34,11.0,13.383,4,3,2,2,24
real,50,32,11,10,0,-0.3750,0.3750,-0.1250,0.1250,3,1,23,23,4.0,7.574,0,2,1,1,21
model,50,32,11,10,0,0.1250,0.8750,0.2500,0.5000,4,0,17,9,9.0,5.681,1,3,2,3,21
real,50,32,15,11,0,-0.2500,0.2500,0.6250,0.5000,3,1,38,38,18.0,17.638,5,7,3,3,26
model,50,32,15,11,0,1.0000,1.0000,1.0000,1.0000,3,1,6,6,18.0,18.511,2,7,5,4,26
real,50,32,12,13,0,0.0000,0.7500,0.3750,0.3750,5,0,4,21,6.0,5.915,1,0,4,1,25
model,50,32,12,13,0,-0.1250,0.3750,0.1250,0.3750,3,1,42,42,17.0,18.489,2,6,6,3,25
real,50,9,13,11,0,1.0000,1.0000,1.0000,1.0000,3,1,5,5,21.0,20.596,6,5,7,3,24
model,50,9,13,11,0,0.6250,0.8750,-0.1250,0.3750,4,0,13,29,9.0,12.298,0,4,4,1,24
real,50,32,12,13,0,0.3750,0.3750,0.5000,0.0000,4,0,13,20,5.0,6.894,1,3,1,0,25
model,50,32,12,13,0,0.2500,0.8750,0.3750,0.2500,5,0,3,29,11.0,10.872,3,3,3,2,25
real,50,32,10,9,0,0.1250,0.7500,0.8750,0.7500,2,1,48,48,17.0,17.255,5,3,5,4,19
model,50,32,10,9,0,-0.1250,0.7500,0.7500,0.3750,3,1,33,33,10.0,8.851,2,0,2,6,19
real,50,32,8,11,0,0.1250,0.7500,0.7500,0.2500,5,0,20,5,7.0,4.872,0,1,6,0,19
model,50,32,8,11,0,0.0000,0.8750,0.7500,0.5000,4,1,31,31,11.0,6.957,3,4,4,0,19
real,50,21,13,11,1,0.1250,0.5000,0.3750,0.1250,3,0,30,18,12.0,12.511,3,6,1,2,24
model,50,21,13,11,1,0.0000,0.5000,0.3750,0.2500,1,1,50,50,24.0,24.000,7,5,5,7,24
real,50,21,12,12,0,0.5000,0.8750,1.0000,0.6250,3,0,30,18,16.0,11.681,3,3,7,3,24
model,50,21,12,12,0,0.0000,0.7500,0.6250,0.1250,4,0,17,13,8.0,7.447,1,2,3,2,24
real,50,21,14,9,0,0.1250,0.5000,0.1250,0.2500,2,1,45,45,17.0,18.128,5,3,3,6,23
model,50,21,14,9,0,0.1250,0.6250,0.6250,0.5000,3,1,23,23,9.0,9.277,0,3,2,4,23
real,50,21,12,12,0,-0.1250,0.8750,0.6250,0.3750,6,0,15,7,3.0,4.830,0,1,2,0,24
model,50,21,12,12,0,0.0000,0.5000,0.6250,0.2500,4,1,39,39,12.0,14.298,1,5,5,1,24
real,50,47,10,14,0,0.3750,0.6250,0.3750,0.5000,2,1,47,47,21.0,22.468,4,4,7,6,24
model,50,47,10,14,0,-0.1250,0.5000,0.0000,0.2500,5,0,7,28,9.0,7.277,1,2,4,2,24
real,50,47,10,11,0,-0.3750,0.5000,0.1250,0.3750,2,0,29,21,9.0,10.362,2,1,3,3,21
model,50,47,10,11,0,0.0000,0.6250,0.3750,0.3750,6,0,4,6,2.0,4.617,1,0,1,0,21
real,50,47,16,12,0,0.0000,0.5000,0.5000,0.2500,3,0,37,10,15.0,15.553,2,2,7,4,28
model,50,47,16,12,0,-0.1250,0.5000,0.5000,0.3750,3,1,41,41,22.0,18.447,1,6,9,6,28
real,50,47,11,12,0,0.6250,0.6250,0.5000,0.5000,5,0,20,5,3.0,6.447,1,0,2,0,23
model,50,47,11,12,0,-0.5000,0.7500,0.6250,0.1250,2,0,15,35,14.0,14.021,4,6,3,1,23
real,50,42,14,10,1,-0.1250,0.5000,0.3750,0.1250,4,1,23,23,11.0,10.064,6,2,2,1,24
model,50,42,14,10,1,0.0000,1.0000,0.0000,0.3750,5,1,28,28,10.0,9.638,2,3,2,3,24
real,50,42,15,14,0,0.2500,1.0000,1.0000,0.7500,4,1,38,38,18.0,16.830,5,6,5,2,29
model,50,42,15,14,0,-0.1250,0.6250,0.7500,0.6250,3,1,23,23,8.0,10.106,2,3,3,0,29
real,50,42,13,13,0,-0.2500,0.5000,0.3750,-0.3750,6,1,29,29,4.0,6.532,2,1,1,0,26
model,50,42,13,13,0,0.3750,1.0000,0.5000,0.6250,7,0,21,5,8.0,7.319,2,3,2,1,26
real,50,42,13,13,0,1.0000,1.0000,1.0000,1.0000,3,1,11,11,5.0,9.170,0,3,1,1,26
model,50,42,13,13,0,0.2500,0.8750,0.5000,0.5000,3,0,22,17,5.0,8.830,0,2,1,2,26
real,50,42,10,9,0,0.2500,0.3750,0.3750,0.6250,3,0,10,38,12.0,12.617,3,5,3,1,19
model,50,42,10,9,0,0.5000,0.8750,0.6250,0.6250,4,0,17,15,4.0,5.638,1,1,0,2,19
real,50,42,13,11,0,0.2500,0.3750,0.1250,0.2500,4,1,34,34,11.0,11.319,2,3,5,1,24
model,50,42,13,11,0,-0.1250,0.6250,0.3750,-0.1250,1,1,50,50,24.0,24.000,8,8,3,5,24
real,50,42,10,13,0,0.2500,0.3750,0.7500,0.1250,2,0,17,33,13.0,12.787,2,3,5,3,23
model,50,42,10,13,0,0.2500,0.7500,0.8750,0.6250,5,1,11,11,4.0,4.915,0,2,0,2,23
real,50,42,10,10,1,0.1250,0.7500,-0.1250,0.1250,5,0,6,13,7.0,7.809,2,2,3,0,20
model,50,42,10,10,1,0.2500,0.5000,0.5000,0.5000,4,0,25,2,6.0,7.404,3,1,0,2,20
real,50,31,8,12,2,0.0000,0.2500,0.2500,0.2500,7,1,22,22,6.0,4.894,0,1,4,1,20
model,50,31,8,12,2,0.3750,-0.1250,0.2500,0.3750,1,1,50,50,20.0,20.000,5,6,5,4,20
real,50,31,13,12,0,-0.2500,0.7500,0.3750,0.2500,4,0,39,4,15.0,14.511,2,7,2,4,25
model,50,31,13,12,0,0.7500,0.7500,0.1250,0.7500,2,0,43,7,20.0,19.511,7,5,4,4,25
real,50,31,9,9,0,0.6250,0.5000,0.3750,0.3750,1,1,50,50,18.0,18.000,6,5,6,1,18
model,50,31,9,9,0,0.2500,0.6250,0.8750,0.2500,5,0,11,28,6.0,6.043,1,4,1,0,18
real,50,31,11,10,0,0.2500,0.7500,0.7500,0.2500,3,0,20,23,8.0,8.617,3,0,4,1,21
model,50,31,11,10,0,0.1250,0.7500,0.8750,0.2500,4,0,7,38,13.0,15.426,6,1,4,2,21
real,50,15,10,11,0,0.1250,0.6250,0.3750,0.5000,5,1,26,26,8.0,7.298,1,2,4,1,21
model,50,15,10,11,0,0.5000,0.8750,-0.1250,-0.1250,2,1,47,47,19.0,18.766,3,8,4,4,21
real,50,21,8,10,0,0.0000,0.8750,0.3750,0.3750,2,1,36,36,11.0,10.085,3,1,5,2,18
model,50,21,8,10,0,0.5000,0.6250,0.5000,0.0000,2,0,22,28,11.0,9.064,4,1,2,4,18
real,50,21,9,9,2,0.0000,0.6250,0.1250,0.1250,4,1,43,43,16.0,14.511,3,6,4,3,18
model,50,21,9,9,2,0.0000,0.5000,0.7500,0.2500,2,1,48,48,17.0,16.298,6,4,7,0,18
real,50,15,9,13,0,-0.3750,0.6250,0.2500,0.5000,3,0,21,15,9.0,7.362,1,3,4,1,22
model,50,15,9,13,0,0.0000,0.3750,0.3750,0.1250,2,0,37,13,15.0,13.319,6,4,2,3,22
real,50,22,11,12,1,0.1250,0.6250,0.5000,0.3750,7,1,9,9,4.0,5.511,0,2,1,1,23
model,50,22,11,12,1,-0.1250,0.6250,0.5000,0.2500,5,0,5,13,8.0,6.489,3,0,2,3,23
real,50,22,13,11,0,0.0000,0.8750,0.5000,0.3750,3,0,40,7,16.0,17.234,2,6,5,3,24
model,50,22,13,11,0,-0.2500,0.6250,0.3750,0.6250,3,0,7,20,8.0,9.106,1,4,2,1,24
real,50,22,15,11,0,0.3750,1.0000,0.7500,0.6250,4,1,18,18,12.0,10.170,1,5,3,3,26
model,50,22,15,11,0,0.2500,0.6250,0.5000,0.6250,3,1,26,26,10.0,10.553,2,3,4,1,26
real,50,22,12,12,0,0.0000,0.7500,0.5000,0.3750,1,1,50,50,24.0,24.000,7,5,5,7,24
model,50,22,12,12,0,-0.1250,0.5000,0.2500,0.2500,3,1,29,29,9.0,10.723,1,3,3,2,24
real,50,38,10,13,0,-0.6250,0.7500,0.1250,0.3750,4,1,39,39,14.0,14.234,4,4,5,1,23
model,50,38,10,13,0,-0.1250,0.2500,0.1250,0.5000,2,1,47,47,21.0,20.638,3,7,4,7,23
real,50,38,10,13,0,0.0000,0.6250,0.6250,0.3750,3,0,39,2,18.0,15.638,6,3,8,1,23
model,50,38,10,13,0,0.3750,-0.2500,0.6250,0.3750,1,1,50,50,23.0,23.000,5,11,3,4,23
real,50,38,11,9,1,0.3750,0.8750,0.8750,0.5000,4,0,5,14,9.0,9.489,2,1,3,3,20
model,50,38,11,9,1,0.2500,0.5000,-0.1250,-0.7500,3,1,39,39,14.0,11.362,4,5,3,2,20
real,50,38,12,11,0,0.0000,0.6250,0.7500,0.1250,4,0,23,15,8.0,8.064,1,3,2,2,23
model,50,38,12,11,0,0.1250,0.8750,-0.3750,0.1250,3,1,30,30,13.0,9.596,2,3,3,5,23
real,50,26,12,11,0,0.1250,0.6250,0.3750,0.1250,6,0,12,17,4.0,5.745,0,1,2,1,23
model,50,26,12,11,0,-0.2500,0.7500,-0.2500,-0.1250,4,1,33,33,7.0,10.426,0,2,2,3,23
real,50,17,10,14,0,0.0000,0.6250,0.2500,0.5000,6,0,26,5,11.0,6.128,0,5,4,2,24
model,50,17,10,14,0,0.0000,0.8750,0.6250,0.3750,2,1,32,32,13.0,12.000,5,2,3,3,24
real,50,26,11,10,1,-0.1250,0.6250,-0.3750,0.2500,5,0,4,27,10.0,9.574,0,6,2,2,21
model,50,26,11,10,1,-0.2500,0.6250,0.5000,0.3750,4,0,8,3,10.0,7.021,1,5,3,1,21
real,50,26,15,12,0,0.3750,0.7500,0.5000,-0.2500,1,1,50,50,27.0,27.000,9,3,5,10,27
model,50,26,15,12,0,0.1250,1.0000,0.3750,0.1250,4,0,5,34,12.0,12.298,3,3,3,3,27
real,50,17,11,8,0,0.0000,0.5000,0.5000,0.6250,3,0,28,4,8.0,8.340,1,4,2,1,19
model,50,17,11,8,0,0.0000,0.7500,0.2500,-0.1250,3,1,46,46,17.0,16.489,5,1,8,3,19
real,50,28,13,11,0,0.0000,0.7500,0.8750,0.3750,2,0,16,34,17.0,14.426,5,3,7,2,24
model,50,28,13,11,0,0.1250,0.6250,0.6250,0.3750,2,1,40,40,16.0,16.511,7,4,3,2,24
real,50,28,8,11,1,0.2500,0.3750,0.6250,0.3750,6,0,15,2,3.0,5.872,0,2,1,0,19
model,50,28,8,11,1,0.0000,0.6250,0.3750,-0.2500,3,1,46,46,15.0,15.596,7,5,0,3,19
real,50,28,13,8,0,0.1250,0.7500,0.7500,-0.1250,5,0,21,3,3.0,6.362,0,0,2,1,21
model,50,28,13,8,0,0.0000,0.1250,0.6250,0.0000,1,1,50,50,21.0,21.000,4,8,5,4,21
real,50,22,14,11,0,0.2500,0.0000,0.1250,0.3750,4,0,12,9,3.0,7.298,0,2,1,0,25
model,50,22,14,11,0,0.0000,0.8750,0.5000,0.7500,3,0,18,29,9.0,10.957,1,2,1,5,25
real,50,22,16,10,1,0.3750,0.7500,0.6250,0.1250,6,0,21,2,6.0,6.702,1,2,3,0,26
model,50,22,16,10,1,0.0000,0.8750,-0.1250,0.6250,1,1,50,50,26.0,26.000,6,3,10,7,26
real,50,12,12,13,1,0.3750,0.8750,0.2500,0.7500,9,0,15,2,2.0,4.085,0,1,1,0,25
model,50,12,12,13,1,0.2500,1.0000,0.6250,0.7500,6,0,5,8,7.0,5.064,0,2,2,3,25
real,50,12,14,13,0,0.0000,0.2500,0.5000,0.5000,3,0,9,29,13.0,10.660,1,5,2,5,27
model,50,12,14,13,0,0.0000,0.3750,0.2500,0.3750,1,1,50,50,27.0,27.000,10,6,2,9,27
real,50,32,10,10,0,0.2500,-0.1250,0.1250,0.3750,5,0,21,6,3.0,4.362,1,1,1,0,20
model,50,32,10,10,0,-0.2500,0.3750,0.6250,0.6250,3,0,9,28,13.0,8.149,3,2,3,5,20
real,50,32,11,12,0,-0.1250,0.8750,0.3750,0.7500,4,1,23,23,12.0,9.319,1,4,5,2,23
model,50,32,11,12,0,0.5000,0.8750,0.8750,0.6250,5,1,24,24,3.0,5.660,2,1,0,0,23
real,50,32,11,11,0,0.0000,0.1250,0.6250,0.5000,3,1,39,39,13.0,11.553,1,6,3,3,22
model,50,32,11,11,0,0.0000,0.6250,0.2500,0.0000,4,0,3,38,16.0,12.596,2,4,5,5,22
real,50,32,9,11,0,0.2500,0.8750,0.3750,0.6250,3,0,29,8,8.0,7.851,3,2,0,3,20
model,50,32,9,11,0,0.1250,0.5000,0.3750,0.1250,5,0,15,19,7.0,5.043,1,0,3,3,20
real,50,37,13,10,0,0.2500,0.8750,0.6250,0.3750,2,0,11,39,18.0,16.915,2,5,8,3,23
model,50,37,13,10,0,-0.1250,0.8750,0.7500,0.8750,3,1,12,12,15.0,11.404,3,5,4,3,23
real,50,37,11,12,0,0.3750,0.5000,0.1250,0.3750,2,1,40,40,17.0,16.319,3,4,6,4,23
model,50,37,11,12,0,0.5000,0.6250,0.1250,0.6250,3,0,17,28,8.0,9.915,2,1,4,1,23
real,50,37,8,11,1,-0.1250,0.6250,0.2500,0.1250,6,0,4,30,7.0,7.277,1,0,3,3,19
model,50,37,8,11,1,0.1250,0.0000,0.5000,0.5000,2,1,42,42,14.0,13.043,1,4,6,3,19
real,50,37,12,8,0,0.1250,1.0000,0.7500,0.6250,4,0,2,9,13.0,12.851,5,1,5,2,20
model,50,37,12,8,0,-0.1250,0.3750,-0.1250,0.2500,2,0,7,43,14.0,15.915,2,5,2,5,20
real,50,12,13,6,0,0.1250,0.5000,-0.2500,0.3750,4,1,32,32,7.0,7.404,1,2,0,4,19
model,50,12,13,6,0,0.1250,1.0000,0.5000,0.0000,4,1,17,17,6.0,5.234,1,0,2,3,19
real,50,11,13,13,0,0.0000,0.7500,0.3750,0.3750,3,1,14,14,10.0,10.468,2,1,4,3,26
model,50,11,13,13,0,-0.2500,0.2500,0.3750,0.8750,3,0,8,10,19.0,12.128,7,6,2,4,26
real,50,21,9,10,0,0.1250,0.3750,0.3750,0.2500,3,0,31,16,8.0,8.021,1,3,3,1,19
model,50,21,9,10,0,0.2500,0.3750,0.6250,0.3750,2,1,48,48,18.0,17.255,5,6,2,5,19
real,50,21,9,10,1,-0.1250,0.3750,0.3750,0.2500,4,1,31,31,11.0,8.298,2,3,1,5,19
model,50,21,9,10,1,0.7500,0.5000,0.3750,0.6250,6,0,9,4,6.0,4.170,2,1,2,1,19
real,50,33,10,12,0,0.2500,0.3750,0.1250,0.0000,2,1,39,39,15.0,14.085,1,4,2,8,22
model,50,33,10,12,0,0.5000,0.6250,0.5000,0.1250,6,1,25,25,9.0,7.298,2,1,2,4,22
real,50,33,13,13,0,0.1250,0.7500,0.2500,0.3750,6,1,16,16,2.0,4.340,1,1,0,0,26
model,50,33,13,13,0,0.0000,0.7500,0.5000,0.3750,4,0,13,31,11.0,12.809,7,1,2,1,26
real,50,33,9,12,0,0.0000,0.3750,0.2500,0.5000,4,0,6,30,10.0,9.021,2,2,4,2,21
model,50,33,9,12,0,0.0000,0.6250,0.2500,-0.2500,3,0,40,4,14.0,15.511,6,1,3,4,21
real,50,33,11,8,0,-0.2500,0.5000,0.0000,0.2500,5,1,30,30,7.0,6.213,1,3,2,1,19
model,50,33,11,8,0,0.1250,0.7500,0.5000,0.5000,2,0,20,30,8.0,9.617,3,4,1,0,19
real,50,48,9,11,0,0.0000,0.7500,0.7500,0.6250,4,0,18,9,7.0,5.745,5,0,0,2,20
model,50,48,9,11,0,0.1250,0.8750,0.5000,0.6250,8,0,4,11,5.0,4.064,0,2,2,1,20
real,50,48,14,11,0,1.0000,1.0000,1.0000,1.0000,5,1,5,5,7.0,9.553,2,3,1,1,25
model,50,48,14,11,0,0.3750,0.7500,0.7500,0.8750,4,0,24,4,12.0,9.085,3,4,3,2,25
real,50,48,10,9,0,1.0000,1.0000,1.0000,1.0000,3,1,32,32,10.0,9.043,5,1,1,3,19
model,50,48,10,9,0,-0.2500,0.5000,0.0000,0.3750,4,1,26,26,7.0,8.553,2,1,3,1,19
real,50,48,10,12,0,0.2500,0.6250,-0.1250,0.5000,2,1,36,36,13.0,13.745,3,6,4,0,22
model,50,48,10,12,0,0.3750,0.7500,0.2500,0.0000,4,1,19,19,5.0,6.426,0,4,0,1,22
real,50,35,10,12,0,-0.2500,0.6250,0.6250,0.5000,3,0,2,37,12.0,12.447,2,6,4,0,22
model,50,35,10,12,0,-0.2500,0.8750,0.6250,0.6250,4,0,13,31,11.0,9.830,1,3,3,4,22
real,50,35,9,14,0,0.6250,1.0000,0.6250,1.0000,5,1,36,36,12.0,11.021,0,1,7,4,23
model,50,35,9,14,0,0.3750,0.6250,0.1250,0.2500,6,1,25,25,6.0,6.766,2,1,0,3,23
real,50,35,11,11,0,0.1250,0.1250,0.5000,0.2500,5,0,9,27,8.0,6.170,1,1,5,1,22
model,50,35,11,11,0,-0.1250,0.6250,0.3750,0.2500,2,0,28,22,14.0,11.149,2,4,5,3,22
real,50,35,9,9,1,0.1250,0.8750,0.3750,0.2500,6,0,6,6,8.0,6.000,0,4,3,1,18
model,50,35,9,9,1,0.0000,0.7500,0.6250,0.5000,3,1,25,25,11.0,6.298,5,0,2,4,18
real,50,36,10,10,0,0.0000,0.7500,0.5000,0.0000,5,0,8,15,5.0,4.979,0,1,1,3,20
model,50,36,10,10,0,0.6250,0.5000,0.6250,0.3750,3,0,10,37,11.0,10.617,5,2,3,1,20
real,50,36,11,11,0,0.2500,0.6250,0.6250,0.5000,2,0,4,46,19.0,18.809,4,3,8,4,22
model,50,36,11,11,0,-0.3750,0.5000,0.7500,0.1250,2,1,39,39,17.0,14.638,4,4,6,3,22
real,50,36,12,10,0,-0.3750,0.7500,0.3750,0.3750,3,0,31,16,11.0,11.404,3,1,3,4,22
model,50,36,12,10,0,0.0000,0.6250,0.5000,0.5000,2,0,31,19,14.0,11.787,2,3,7,2,22
real,50,36,9,9,1,-0.3750,1.0000,0.7500,0.5000,7,0,4,19,3.0,4.043,2,0,1,0,18
model,50,36,9,9,1,0.0000,0.0000,0.5000,0.5000,2,0,31,19,7.0,9.574,2,0,0,5,18
real,50,39,9,15,0,0.0000,0.6250,0.3750,0.1250,5,0,6,18,1.0,6.191,0,1,0,0,24
model,50,39,9,15,0,-0.1250,0.5000,0.7500,0.6250,3,1,37,37,11.0,13.404,0,5,3,3,24
real,50,39,11,13,0,-0.1250,0.3750,0.5000,-0.1250,3,1,31,31,11.0,11.809,2,1,4,4,24
model,50,39,11,13,0,0.1250,0.6250,0.5000,0.1250,3,0,5,43,19.0,18.468,5,5,8,1,24
real,50,39,11,12,0,0.1250,0.7500,0.2500,0.3750,3,0,22,14,8.0,7.234,2,3,2,1,23
model,50,39,11,12,0,0.0000,0.6250,0.5000,0.3750,2,1,36,36,13.0,12.319,3,4,5,1,23
real,50,39,9,11,0,0.1250,0.3750,0.3750,0.5000,4,0,28,15,10.0,8.468,1,4,4,1,20
model,50,39,9,11,0,0.2500,0.2500,0.1250,0.0000,2,1,45,45,15.0,16.255,3,4,3,5,20
real,50,28,12,11,0,0.1250,0.6250,0.3750,0.0000,2,1,47,47,18.0,20.638,3,3,4,8,23
model,50,28,12,11,0,-0.1250,0.6250,0.3750,0.5000,4,0,6,25,6.0,6.851,4,1,0,1,23
real,50,28,10,13,0,0.8750,1.0000,0.8750,0.5000,3,1,4,4,14.0,11.809,2,8,2,2,23
model,50,28,10,13,0,-0.3750,0.7500,0.5000,0.0000,4,1,32,32,14.0,11.553,2,4,2,6,23
real,50,28,12,10,0,-0.1250,0.5000,0.2500,0.5000,3,0,16,14,6.0,7.447,0,2,3,1,22
model,50,28,12,10,0,-0.1250,0.6250,0.6250,0.3750,2,0,43,7,16.0,16.894,4,4,3,5,22
real,50,22,11,14,0,-0.1250,0.5000,0.0000,0.3750,4,1,38,38,16.0,14.021,4,3,5,4,25
model,50,22,11,14,0,0.6250,0.2500,0.2500,-0.1250,1,1,50,50,25.0,25.000,4,10,5,6,25
real,50,37,12,13,0,0.5000,0.6250,0.3750,0.6250,4,0,21,11,8.0,6.638,1,3,3,1,25
model,50,37,12,13,0,0.3750,0.5000,0.1250,0.1250,1,1,50,50,25.0,25.000,4,4,9,8,25
real,50,11,10,8,0,0.1250,0.6250,0.5000,0.5000,5,0,13,24,3.0,5.021,1,0,0,2,18
model,50,11,10,8,0,0.2500,0.7500,0.6250,0.3750,2,0,38,12,13.0,11.574,2,6,2,3,18
real,50,37,12,10,0,0.2500,0.8750,0.7500,0.8750,4,1,29,29,8.0,8.234,1,2,1,4,22
model,50,37,12,10,0,0.2500,0.7500,0.6250,0.3750,2,1,48,48,21.0,19.191,7,1,7,6,22
real,50,37,13,11,0,0.1250,0.3750,0.6250,0.3750,4,1,25,25,10.0,7.489,2,4,3,1,24
model,50,37,13,11,0,-0.1250,0.5000,0.2500,0.6250,2,1,38,38,16.0,15.830,7,3,4,2,24
real,50,10,10,12,0,-0.2500,0.1250,0.5000,0.2500,3,1,44,44,17.0,16.702,6,4,7,0,22
model,50,10,10,12,0,0.3750,0.1250,0.2500,0.2500,3,0,7,37,13.0,12.553,5,4,4,0,22
real,50,16,14,14,0,0.1250,0.8750,0.5000,0.5000,4,1,18,18,9.0,9.851,1,2,2,4,28
model,50,16,14,14,0,0.0000,0.3750,0.7500,0.2500,4,0,16,28,13.0,11.191,2,0,7,4,28
real,50,16,14,14,0,-0.1250,0.8750,0.2500,0.2500,4,0,3,34,14.0,15.043,4,3,3,4,28
model,50,16,14,14,0,0.0000,0.7500,0.6250,0.6250,4,1,39,39,19.0,17.255,6,4,8,1,28
real,50,17,11,13,0,0.5000,0.6250,0.5000,0.6250,2,0,46,4,21.0,20.681,5,5,5,6,24
model,50,17,11,13,0,0.0000,0.7500,0.2500,0.5000,4,1,27,27,5.0,7.064,2,1,0,2,24
real,50,48,12,12,0,0.2500,0.7500,0.6250,0.2500,4,1,39,39,16.0,13.489,2,6,3,5,24
model,50,48,12,12,0,0.1250,0.8750,0.3750,0.3750,2,1,46,46,21.0,20.255,4,4,4,9,24
real,50,48,9,10,0,-0.2500,0.3750,0.0000,0.2500,2,1,47,47,17.0,17.787,3,5,6,3,19
model,50,48,9,10,0,0.1250,0.3750,0.6250,0.5000,5,0,19,9,3.0,4.596,1,0,1,1,19
real,50,48,12,11,0,0.0000,0.6250,0.3750,0.3750,6,0,21,7,8.0,6.681,2,2,2,2,23
model,50,48,12,11,0,0.0000,0.7500,0.3750,0.3750,3,1,45,45,20.0,17.957,3,8,7,2,23
real,50,48,11,8,0,0.2500,0.7500,0.8750,0.1250,3,0,5,43,15.0,14.915,2,4,3,6,19
model,50,48,11,8,0,0.1250,0.3750,0.8750,0.1250,3,0,13,5,9.0,10.660,3,1,3,2,19
real,50,50,11,13,0,0.1250,0.2500,0.8750,0.3750,2,0,46,4,21.0,20.681,7,5,6,3,24
model,50,50,11,13,0,0.1250,0.5000,0.8750,0.5000,3,0,4,44,19.0,20.574,4,2,5,8,24
real,50,50,11,13,0,0.0000,0.5000,0.5000,0.2500,2,1,42,42,18.0,15.149,4,6,7,1,24
model,50,50,11,13,0,0.3750,0.6250,0.1250,0.3750,6,1,16,16,5.0,5.149,0,4,0,1,24
real,50,50,10,10,0,0.1250,0.6250,0.3750,0.1250,2,0,30,20,13.0,10.426,1,7,4,1,20
model,50,50,10,10,0,0.5000,0.7500,0.7500,0.6250,4,0,2,29,8.0,7.915,1,2,2,3,20
real,50,50,13,8,0,-0.2500,0.6250,0.3750,0.5000,2,1,36,36,13.0,11.340,1,5,2,5,21
model,50,50,13,8,0,0.1250,0.3750,0.3750,0.3750,3,1,41,41,16.0,15.574,5,2,5,4,21
real,50,27,13,11,0,0.0000,0.5000,0.1250,0.1250,4,0,21,10,4.0,7.213,1,2,0,1,24
model,50,27,13,11,0,0.2500,0.8750,0.3750,0.0000,3,0,12,15,9.0,8.106,0,1,5,3,24
real,50,27,13,10,0,0.1250,0.7500,0.7500,0.5000,5,0,29,9,7.0,9.447,2,1,2,2,23
model,50,27,13,10,0,-0.5000,0.8750,0.2500,0.6250,3,1,35,35,8.0,11.426,3,3,0,2,23
real,50,9,10,12,0,-0.2500,0.7500,0.5000,0.0000,6,0,10,17,1.0,3.872,0,1,0,0,22
model,50,9,10,12,0,-0.1250,0.5000,0.5000,-0.1250,6,0,4,14,5.0,4.255,1,1,2,1,22
real,50,27,10,14,0,0.2500,0.5000,0.1250,0.0000,4,1,30,30,8.0,8.957,3,4,1,0,24
model,50,27,10,14,0,-0.2500,0.8750,0.3750,0.2500,2,1,48,48,21.0,21.106,6,4,7,4,24
real,50,14,13,12,0,-0.1250,0.5000,0.3750,0.0000,3,1,39,39,17.0,14.489,2,4,7,4,25
model,50,14,13,12,0,0.3750,0.5000,0.7500,-0.1250,4,1,29,29,10.0,12.447,3,3,0,4,25
real,50,33,14,12,0,-0.2500,0.1250,0.7500,0.3750,2,1,48,48,23.0,23.021,3,7,10,3,26
model,50,33,14,12,0,0.7500,0.6250,0.6250,0.7500,5,1,27,27,8.0,7.702,2,2,1,3,26
real,50,33,12,9,0,-0.2500,0.2500,0.5000,0.0000,4,0,8,17,5.0,6.957,1,1,2,1,21
model,50,33,12,9,0,0.1250,0.7500,0.1250,0.6250,4,1,18,18,4.0,6.404,1,2,1,0,21
real,50,33,11,10,0,-0.1250,0.6250,0.5000,0.0000,3,0,27,13,8.0,8.277,4,1,3,0,21
model,50,33,11,10,0,1.0000,1.0000,1.0000,1.0000,1,1,50,50,21.0,21.000,2,5,8,6,21
real,50,39,13,9,0,-0.2500,0.6250,0.1250,0.3750,4,1,27,27,7.0,8.234,1,5,1,0,22
model,50,39,13,9,0,-0.1250,0.7500,0.3750,0.6250,3,1,38,38,14.0,12.894,3,1,5,5,22
real,50,39,13,14,0,0.0000,0.3750,0.1250,0.5000,4,1,32,32,11.0,11.255,3,3,3,2,27
model,50,39,13,14,0,0.2500,0.1250,0.5000,0.2500,3,1,45,45,21.0,21.553,6,7,5,3,27
real,50,39,13,15,0,0.5000,0.3750,0.0000,0.2500,3,0,24,15,9.0,10.043,0,2,6,1,28
model,50,39,13,15,0,-0.1250,0.8750,0.7500,1.0000,5,1,21,21,6.0,8.085,4,1,0,1,28
real,50,39,10,9,0,-0.1250,0.6250,0.6250,0.6250,4,0,19,2,3.0,5.298,0,2,1,0,19
model,50,39,10,9,0,0.2500,0.5000,0.6250,0.7500,3,1,36,36,8.0,8.617,2,3,1,2,19
real,50,39,11,9,0,-0.3750,0.7500,0.7500,0.7500,3,0,21,14,7.0,6.447,1,2,3,1,20
model,50,39,11,9,0,0.1250,0.8750,0.5000,0.3750,4,0,33,11,10.0,11.191,1,3,4,2,20
real,50,39,12,14,1,0.0000,0.5000,0.6250,0.8750,4,0,20,9,7.0,8.553,2,2,2,1,26
model,50,39,12,14,1,0.2500,0.3750,0.5000,0.2500,3,1,34,34,15.0,13.298,6,2,3,4,26
real,50,39,10,11,0,0.2500,0.8750,0.7500,0.3750,5,0,6,14,4.0,5.277,0,1,2,1,21
model,50,39,10,11,0,-0.3750,0.3750,0.2500,0.3750,3,1,35,35,8.0,9.830,3,4,1,0,21
real,50,39,11,13,0,1.0000,1.0000,1.0000,1.0000,3,0,2,16,14.0,12.213,1,4,7,2,24
model,50,39,11,13,0,0.1250,0.5000,0.0000,0.3750,4,1,43,43,19.0,17.979,3,5,7,4,24
real,50,20,11,10,0,-0.1250,0.6250,0.3750,0.2500,2,1,48,48,19.0,20.106,3,5,6,5,21
model,50,20,11,10,0,0.2500,0.7500,0.7500,0.6250,3,0,3,5,15.0,15.085,2,5,7,1,21
real,50,20,12,14,0,0.3750,0.6250,0.3750,0.3750,4,1,42,42,18.0,18.404,3,4,5,6,26
model,50,20,12,14,0,0.3750,0.3750,0.2500,0.5000,3,0,2,46,23.0,22.489,7,5,7,4,26
real,50,20,9,11,0,0.0000,0.7500,0.2500,0.7500,5,0,8,20,4.0,4.723,1,2,1,0,20
model,50,20,9,11,0,0.0000,0.6250,0.2500,0.2500,2,1,34,34,12.0,10.468,5,3,4,0,20
real,50,20,12,13,0,-0.2500,0.8750,0.5000,0.1250,4,1,39,39,19.0,17.170,3,10,5,1,25
model,50,20,12,13,0,-0.1250,0.3750,0.6250,-0.1250,2,1,41,41,18.0,18.298,5,3,5,5,25
real,50,23,14,12,0,0.0000,0.7500,0.7500,1.0000,5,1,16,16,9.0,6.340,1,4,3,1,26
model,50,23,14,12,0,-0.3750,0.7500,0.3750,-0.2500,4,1,11,11,12.0,12.574,1,7,2,2,26
real,50,23,13,10,0,-0.2500,0.7500,0.8750,0.5000,4,0,41,5,16.0,16.660,3,2,9,2,23
model,50,23,13,10,0,0.2500,0.6250,0.7500,0.1250,2,1,48,48,20.0,22.021,5,5,7,3,23
real,50,12,12,14,0,0.0000,0.1250,0.2500,0.1250,2,1,48,48,24.0,24.894,1,6,11,6,26
model,50,12,12,14,0,0.3750,0.3750,0.1250,0.5000,8,0,10,3,7.0,3.915,1,1,3,2,26
real,50,23,12,14,0,0.3750,0.7500,0.5000,0.2500,2,1,43,43,20.0,19.234,6,5,6,3,26
model,50,23,12,14,0,-0.1250,0.6250,0.6250,0.5000,3,0,42,3,20.0,18.170,8,5,6,1,26
real,50,39,13,11,0,0.0000,0.7500,0.2500,0.5000,3,0,33,4,9.0,10.340,4,3,2,0,24
model,50,39,13,11,0,0.2500,0.8750,0.1250,-0.1250,4,1,35,35,12.0,12.149,3,2,4,3,24
real,50,39,13,11,0,-0.2500,0.8750,0.7500,0.2500,2,1,48,48,22.0,22.043,3,6,7,6,24
model,50,39,13,11,0,0.3750,0.3750,0.7500,0.3750,3,0,24,24,8.0,9.894,2,2,3,1,24
real,50,39,10,12,0,0.1250,0.8750,0.6250,0.8750,7,0,5,21,7.0,5.021,0,2,4,1,22
model,50,39,10,12,0,-0.3750,0.7500,0.2500,0.6250,2,1,45,45,18.0,18.043,6,4,2,6,22
real,50,39,11,9,0,-0.2500,0.5000,0.3750,0.2500,2,1,44,44,15.0,13.617,6,2,3,4,20
model,50,39,11,9,0,-0.3750,0.5000,0.2500,0.6250,5,0,11,25,5.0,6.128,0,3,0,2,20
real,50,12,12,15,1,0.1250,0.6250,0.7500,0.2500,6,0,2,17,9.0,7.447,3,1,3,2,27
model,50,12,12,15,1,0.0000,0.6250,0.8750,0.7500,4,1,38,38,17.0,18.064,4,1,2,10,27
real,50,8,10,9,1,-0.1250,0.2500,0.5000,0.2500,3,1,46,46,18.0,16.489,5,7,4,2,19
model,50,8,10,9,1,0.2500,0.5000,0.7500,0.3750,2,1,47,47,16.0,16.894,2,6,4,4,19
real,50,25,12,11,0,1.0000,1.0000,1.0000,1.0000,4,0,2,20,4.0,7.021,1,2,1,0,23
model,50,25,12,11,0,0.1250,0.7500,0.7500,0.5000,2,1,48,48,21.0,20.149,3,5,5,8,23
real,50,25,8,13,0,0.0000,0.5000,0.2500,0.5000,2,1,45,45,19.0,17.957,2,6,6,5,21
model,50,25,8,13,0,0.0000,0.6250,0.7500,0.5000,4,1,39,39,16.0,12.000,2,6,3,5,21
real,50,46,10,12,0,0.2500,0.5000,0.6250,0.3750,4,0,18,20,4.0,6.723,0,2,1,1,22
model,50,46,10,12,0,0.0000,0.6250,0.2500,-0.1250,5,1,21,21,6.0,6.872,1,1,1,3,22
real,50,46,12,11,0,0.1250,0.2500,0.2500,0.3750,2,1,22,22,11.0,11.340,2,4,5,0,23
model,50,46,12,11,0,0.2500,0.7500,0.5000,0.1250,3,1,32,32,12.0,12.000,2,4,2,4,23
real,50,46,12,10,0,0.0000,0.6250,0.3750,-0.2500,4,1,39,39,15.0,13.340,4,4,3,4,22
model,50,46,12,10,0,1.0000,1.0000,1.0000,1.0000,4,1,8,8,7.0,7.660,2,2,2,1,22
real,50,46,13,11,0,0.0000,0.3750,0.6250,0.5000,4,0,11,14,9.0,5.702,0,4,5,0,24
model,50,46,13,11,0,0.0000,0.7500,0.5000,0.7500,4,0,21,16,9.0,7.277,2,2,5,0,24
real,50,38,10,8,0,0.1250,0.7500,0.6250,0.3750,3,0,29,19,6.0,7.872,2,1,2,1,18
model,50,38,10,8,0,0.1250,0.7500,0.2500,0.6250,2,1,48,48,17.0,17.234,5,3,4,5,18
real,50,38,11,13,0,-0.1250,1.0000,0.2500,0.0000,3,1,28,28,8.0,9.511,1,3,3,1,24
model,50,38,11,13,0,0.1250,0.3750,0.6250,0.6250,2,1,48,48,24.0,22.043,6,8,6,4,24
real,50,38,10,11,0,0.1250,0.5000,0.3750,0.1250,3,0,16,28,10.0,9.064,0,2,7,1,21
model,50,38,10,11,0,1.0000,1.0000,1.0000,1.0000,4,0,31,2,7.0,9.553,1,1,1,4,21
real,50,38,11,11,0,0.6250,0.8750,0.5000,0.7500,1,1,50,50,22.0,22.000,5,6,4,7,22
model,50,38,11,11,0,-0.2500,0.2500,0.2500,0.1250,3,1,31,31,10.0,9.957,2,3,4,1,22
real,50,13,11,16,0,0.5000,0.6250,0.5000,0.6250,3,1,31,31,12.0,12.511,3,4,2,3,27
model,50,13,11,16,0,-0.1250,0.7500,-0.1250,0.1250,3,0,14,33,15.0,12.532,4,0,4,7,27
real,50,34,10,9,0,0.1250,1.0000,0.6250,0.5000,2,1,48,48,17.0,18.191,4,1,2,10,19
model,50,34,10,9,0,0.3750,0.6250,0.5000,0.0000,5,0,13,25,9.0,6.319,3,4,1,1,19
real,50,34,12,10,0,0.1250,1.0000,0.5000,0.7500,2,1,48,48,20.0,21.064,4,4,5,7,22
model,50,34,12,10,0,-0.1250,0.7500,0.1250,0.0000,3,1,45,45,15.0,15.362,4,6,1,4,22
real,50,34,11,12,0,0.3750,0.6250,0.3750,0.3750,2,0,22,28,10.0,11.830,1,4,4,1,23
model,50,34,11,12,0,-0.2500,0.6250,0.5000,0.0000,1,1,50,50,23.0,23.000,6,4,5,8,23
real,50,29,9,10,1,0.1250,0.5000,0.3750,0.2500,6,0,23,7,4.0,4.574,0,2,1,1,19
model,50,29,9,10,1,0.0000,0.6250,0.5000,0.3750,3,1,41,41,13.0,14.000,2,5,2,4,19
real,50,29,10,10,0,-0.1250,0.5000,0.2500,0.3750,3,1,39,39,13.0,13.298,3,1,7,2,20
model,50,29,10,10,0,0.1250,0.5000,0.2500,0.1250,3,0,8,38,10.0,12.000,2,1,4,3,20
real,50,13,12,8,0,0.0000,0.7500,0.0000,0.6250,3,1,38,38,8.0,12.340,1,3,2,2,20
model,50,13,12,8,0,-0.1250,0.3750,0.7500,0.5000,6,0,19,3,2.0,6.468,0,2,0,0,20
real,50,29,10,9,0,0.2500,1.0000,0.7500,0.6250,3,1,27,27,10.0,8.617,3,2,4,1,19
model,50,29,10,9,0,1.0000,1.0000,1.0000,1.0000,4,0,29,2,6.0,8.638,1,3,1,1,19
real,50,47,15,10,0,0.2500,0.6250,0.2500,0.3750,3,0,6,41,19.0,19.170,6,1,7,5,25
model,50,47,15,10,0,0.0000,0.7500,0.2500,-0.1250,3,1,21,21,7.0,9.617,2,2,3,0,25
real,50,47,10,12,0,0.0000,0.3750,0.6250,0.6250,4,0,21,4,6.0,7.404,1,2,2,1,22
model,50,47,10,12,0,0.0000,0.6250,0.7500,0.1250,2,1,43,43,17.0,16.553,5,4,3,5,22
real,50,47,13,11,0,-0.2500,0.6250,0.5000,0.2500,4,1,38,38,11.0,13.979,2,1,3,5,24
model,50,47,13,11,0,-0.1250,0.7500,0.1250,0.1250,7,0,9,11,4.0,3.830,0,4,0,0,24
real,50,47,10,13,0,0.0000,0.8750,0.1250,0.6250,3,1,46,46,19.0,19.255,4,3,3,9,23
model,50,47,10,13,0,-0.1250,0.6250,0.1250,0.2500,4,0,32,4,13.0,11.064,1,6,3,3,23
real,50,39,11,13,0,0.2500,0.7500,0.6250,0.0000,4,1,13,13,4.0,8.277,0,2,0,2,24
model,50,39,11,13,0,0.5000,0.8750,0.3750,0.5000,4,0,28,12,10.0,8.957,3,3,1,3,24
real,50,39,12,10,0,-0.3750,0.6250,0.5000,0.1250,3,1,37,37,12.0,11.213,5,3,2,2,22
model,50,39,12,10,0,-0.2500,0.3750,0.6250,0.5000,4,0,32,6,11.0,10.255,3,0,4,4,22
real,50,39,11,11,1,0.2500,0.5000,0.2500,0.0000,4,1,41,41,17.0,14.766,4,4,4,5,22
model,50,39,11,11,1,0.0000,0.6250,0.6250,0.1250,5,1,14,14,5.0,4.702,1,1,2,1,22
real,50,39,11,12,0,0.6250,0.5000,0.6250,0.2500,3,1,14,14,14.0,11.255,6,2,2,4,23
model,50,39,11,12,0,0.2500,0.2500,0.1250,0.1250,3,1,26,26,12.0,9.277,4,4,2,2,23
real,50,16,9,13,0,0.1250,0.7500,0.5000,0.3750,3,0,6,40,17.0,14.128,4,7,2,4,22
model,50,16,9,13,0,-0.1250,0.5000,0.3750,0.3750,5,0,4,19,5.0,5.404,1,1,3,0,22
real,50,19,9,12,0,0.2500,0.2500,0.2500,-0.1250,4,0,27,16,8.0,9.532,2,2,2,2,21
model,50,19,9,12,0,0.1250,0.6250,0.6250,0.7500,2,1,28,28,9.0,10.660,3,0,1,5,21
real,50,16,11,11,0,-0.3750,0.7500,0.6250,0.5000,5,0,32,5,11.0,9.660,3,3,1,4,22
model,50,16,11,11,0,0.2500,0.5000,0.8750,0.5000,2,1,19,19,13.0,11.957,5,1,2,5,22
real,50,16,12,10,0,0.0000,0.0000,0.7500,0.0000,4,1,30,30,8.0,8.787,3,1,2,2,22
model,50,16,12,10,0,-0.1250,0.6250,0.8750,0.3750,2,1,48,48,20.0,20.128,3,6,5,6,22
real,50,27,11,12,0,-0.1250,0.6250,0.5000,0.1250,3,0,17,16,7.0,7.447,2,4,0,1,23
model,50,27,11,12,0,-0.1250,0.1250,0.2500,0.1250,3,1,37,37,12.0,12.426,3,2,3,4,23
real,50,27,10,12,0,0.0000,0.7500,0.5000,0.5000,2,1,48,48,21.0,21.064,4,3,7,7,22
model,50,27,10,12,0,0.0000,0.7500,0.6250,0.3750,2,0,7,43,18.0,17.660,3,5,4,6,22
real,50,27,8,11,1,0.0000,0.8750,0.2500,0.5000,6,0,10,16,8.0,5.319,3,3,1,1,19
model,50,27,8,11,1,0.5000,0.5000,0.5000,0.5000,2,1,32,32,8.0,9.426,1,2,3,2,19
real,50,27,13,9,0,0.1250,0.3750,0.2500,0.5000,4,1,23,23,7.0,6.681,0,2,1,4,22
model,50,27,13,9,0,0.1250,0.5000,0.1250,0.0000,5,0,22,6,7.0,5.872,1,2,4,0,22
real,50,36,12,10,0,0.1250,0.5000,0.6250,0.3750,4,0,26,8,10.0,7.872,1,3,5,1,22
model,50,36,12,10,0,0.0000,0.6250,0.7500,0.0000,3,1,43,43,16.0,15.596,4,8,3,1,22
real,50,36,13,12,0,0.1250,0.6250,0.3750,-0.1250,2,0,41,9,18.0,15.979,4,4,6,4,25
model,50,36,13,12,0,0.1250,0.6250,0.0000,0.6250,3,0,31,11,12.0,11.000,5,5,1,1,25
real,50,36,11,12,0,0.2500,0.6250,0.2500,0.5000,5,1,7,7,4.0,5.000,1,2,1,0,23
model,50,36,11,12,0,-0.1250,0.3750,0.2500,0.3750,2,1,46,46,18.0,18.489,1,4,8,5,23
real,50,36,11,13,0,-0.2500,0.6250,0.8750,0.6250,2,0,7,43,19.0,19.404,3,7,6,3,24
model,50,36,11,13,0,-0.1250,0.8750,0.7500,0.3750,3,1,45,45,19.0,18.872,3,6,6,4,24
real,50,26,15,16,0,0.3750,0.6250,0.6250,0.3750,8,0,5,11,4.0,4.872,0,2,0,2,31
model,50,26,15,16,0,-0.1250,0.3750,0.3750,0.1250,4,0,16,25,11.0,11.319,3,3,4,1,31
real,50,26,11,14,0,0.2500,0.3750,0.2500,0.0000,6,0,15,10,7.0,5.447,0,3,2,2,25
model,50,26,11,14,0,-0.1250,0.7500,0.5000,0.1250,3,1,46,46,21.0,20.191,3,10,5,3,25
real,50,26,8,9,1,0.5000,0.8750,1.0000,0.8750,4,1,40,40,11.0,12.660,2,4,3,2,17
model,50,26,8,9,1,0.0000,0.3750,0.2500,0.0000,5,0,11,30,9.0,7.170,3,2,2,2,17
real,50,26,12,16,0,0.2500,0.5000,0.2500,-0.2500,3,1,20,20,6.0,9.489,0,1,4,1,28
model,50,26,12,16,0,-0.3750,0.3750,0.5000,0.1250,6,0,17,8,5.0,5.170,1,0,3,1,28
real,50,48,13,13,0,0.1250,1.0000,0.5000,0.8750,4,1,24,24,8.0,7.106,0,3,3,2,26
model,50,48,13,13,0,-0.3750,1.0000,0.7500,0.6250,5,0,17,2,11.0,10.085,4,0,5,2,26
real,50,48,12,10,0,-0.2500,0.5000,0.0000,0.5000,3,0,5,40,18.0,14.851,4,6,3,5,22
model,50,48,12,10,0,0.1250,0.7500,0.7500,0.5000,4,1,7,7,15.0,14.404,7,0,5,3,22
real,50,48,9,12,0,-0.1250,0.8750,0.6250,0.1250,2,1,47,47,18.0,17.872,3,7,5,3,21
model,50,48,9,12,0,0.1250,1.0000,0.7500,0.3750,4,1,11,11,8.0,8.489,4,1,1,2,21
real,50,48,12,13,0,0.0000,0.5000,0.6250,0.3750,6,0,11,22,4.0,6.617,1,0,2,1,25
model,50,48,12,13,0,0.5000,0.7500,0.6250,0.8750,3,0,37,7,18.0,16.064,5,6,5,2,25
real,50,27,8,8,0,0.2500,0.7500,0.8750,0.5000,3,1,42,42,8.0,7.872,1,1,4,2,16
model,50,27,8,8,0,-0.2500,0.3750,0.7500,0.1250,2,1,42,42,13.0,11.234,1,4,6,2,16
real,50,27,15,13,0,0.0000,0.6250,0.6250,-0.1250,2,1,45,45,22.0,22.596,5,4,6,7,28
model,50,27,15,13,0,0.1250,0.6250,0.6250,0.7500,3,0,3,37,21.0,16.809,5,9,6,1,28
real,50,27,10,13,1,0.0000,0.3750,0.3750,0.2500,2,1,48,48,23.0,22.021,3,7,6,7,23
model,50,27,10,13,1,-0.2500,0.6250,0.6250,0.2500,3,1,46,46,19.0,18.362,3,4,7,5,23
real,50,27,10,14,0,0.1250,0.7500,0.2500,0.2500,3,0,16,22,7.0,8.298,2,2,2,1,24
model,50,27,10,14,0,0.1250,0.7500,0.5000,0.2500,3,1,46,46,20.0,20.170,8,5,4,3,24
real,50,32,9,12,0,1.0000,1.0000,1.0000,1.0000,3,0,44,2,20.0,18.766,5,5,7,3,21
model,50,32,9,12,0,0.0000,0.7500,0.8750,0.8750,4,1,8,8,8.0,8.851,0,1,2,5,21
real,50,32,11,9,1,0.7500,0.5000,0.6250,0.3750,4,1,26,26,7.0,7.745,1,1,2,3,20
model,50,32,11,9,1,-0.1250,0.6250,0.5000,-0.1250,2,1,45,45,18.0,17.064,3,4,4,7,20
real,50,32,13,11,0,-0.3750,0.3750,0.5000,-0.2500,2,1,45,45,20.0,19.830,4,7,5,4,24
model,50,32,13,11,0,0.5000,0.6250,0.6250,0.3750,6,0,5,6,12.0,11.362,0,6,3,3,24
real,50,32,12,11,0,0.5000,0.5000,0.8750,0.3750,4,0,32,2,10.0,12.511,2,3,0,5,23
model,50,32,12,11,0,1.0000,1.0000,1.0000,1.0000,5,1,16,16,10.0,7.000,1,2,2,5,23
real,50,29,10,12,0,-0.1250,0.7500,0.6250,0.3750,5,0,15,5,8.0,5.596,1,4,2,1,22
model,50,29,10,12,0,-0.1250,0.6250,0.2500,0.3750,2,0,41,9,18.0,16.894,4,4,6,4,22
real,50,29,13,13,0,-0.1250,0.8750,0.3750,0.0000,5,1,30,30,10.0,10.468,3,2,3,2,26
model,50,29,13,13,0,0.2500,0.2500,0.3750,0.3750,3,0,16,25,8.0,8.766,2,3,2,1,26
real,50,29,10,12,0,0.1250,0.3750,0.2500,0.1250,4,1,29,29,8.0,7.255,1,1,3,3,22
model,50,29,10,12,0,0.1250,0.7500,0.3750,0.0000,2,0,23,27,14.0,11.021,1,8,2,3,22
real,50,29,12,11,0,0.1250,0.7500,0.3750,0.7500,4,0,9,31,7.0,8.915,4,0,1,2,23
model,50,29,12,11,0,0.0000,1.0000,1.0000,0.3750,5,0,2,21,5.0,8.447,0,3,0,2,23
real,50,50,13,9,0,0.2500,0.5000,0.6250,0.2500,5,0,11,30,9.0,9.532,3,1,2,3,22
model,50,50,13,9,0,-0.2500,0.3750,0.3750,0.3750,1,1,50,50,22.0,22.000,7,1,7,7,22
real,50,50,10,10,0,0.2500,0.2500,0.2500,0.3750,4,1,39,39,12.0,9.894,1,4,2,5,20
model,50,50,10,10,0,-0.3750,0.2500,0.2500,0.0000,1,1,50,50,20.0,20.000,4,9,2,5,20
real,50,50,9,11,0,0.0000,0.6250,0.0000,0.5000,2,1,45,45,16.0,16.255,3,5,4,4,20
model,50,50,9,11,0,0.3750,0.7500,0.7500,0.8750,5,1,36,36,12.0,10.830,3,3,3,3,20
real,50,50,10,12,0,1.0000,1.0000,1.0000,1.0000,3,0,45,2,20.0,18.383,9,4,3,4,22
model,50,50,10,12,0,0.0000,0.7500,0.5000,0.2500,3,0,16,30,12.0,9.362,5,5,1,1,22
real,50,22,14,12,0,-0.1250,0.6250,0.7500,0.3750,2,0,23,27,15.0,12.979,4,3,7,1,26
model,50,22,14,12,0,1.0000,1.0000,1.0000,1.0000,3,1,14,14,10.0,12.723,0,3,3,4,26
real,50,22,11,12,0,-0.2500,0.8750,0.3750,0.3750,5,1,21,21,7.0,6.745,1,3,2,1,23
model,50,22,11,12,0,1.0000,1.0000,1.0000,1.0000,1,1,50,50,23.0,23.000,3,5,7,8,23
real,50,25,11,13,0,-0.3750,1.0000,0.2500,0.3750,2,0,6,44,22.0,20.638,5,4,6,7,24
model,50,25,11,13,0,-0.1250,1.0000,0.5000,0.2500,4,0,34,8,14.0,12.149,5,3,2,4,24
real,50,22,12,12,0,-0.1250,0.5000,0.6250,0.3750,1,1,50,50,24.0,24.000,4,7,10,3,24
model,50,22,12,12,0,-0.5000,0.8750,0.0000,0.5000,6,0,9,13,3.0,5.277,3,0,0,0,24
real,50,48,9,11,0,0.1250,0.7500,0.2500,0.6250,4,0,28,8,8.0,8.085,2,1,3,2,20
model,50,48,9,11,0,0.5000,0.7500,0.6250,0.5000,4,0,36,2,8.0,11.447,2,1,3,2,20
real,50,48,13,13,0,0.1250,0.6250,0.6250,0.5000,4,0,16,26,13.0,10.085,3,6,1,3,26
model,50,48,13,13,0,0.5000,0.6250,0.5000,0.6250,3,0,31,17,12.0,12.766,4,3,3,2,26
real,50,48,13,12,0,-0.3750,0.5000,0.2500,0.3750,1,1,50,50,25.0,25.000,4,11,6,4,25
model,50,48,13,12,0,0.2500,0.7500,0.3750,0.6250,1,1,50,50,25.0,25.000,4,7,9,5,25
real,50,48,12,13,0,0.2500,0.7500,0.5000,0.7500,5,0,15,26,9.0,7.702,3,3,3,0,25
model,50,48,12,13,0,1.0000,1.0000,1.0000,1.0000,1,1,50,50,25.0,25.000,6,1,10,8,25
real,50,28,11,10,0,0.2500,0.3750,0.3750,0.1250,5,0,4,15,6.0,5.553,0,3,2,1,21
model,50,28,11,10,0,0.3750,0.7500,0.3750,0.0000,8,0,4,6,9.0,6.255,0,4,4,1,21
real,50,16,12,9,0,-0.3750,0.1250,0.2500,0.2500,5,1,29,29,6.0,7.106,1,3,2,0,21
model,50,16,12,9,0,0.3750,0.5000,0.5000,0.0000,5,0,12,25,4.0,6.596,1,2,0,1,21
real,50,28,12,11,0,0.2500,0.8750,0.0000,0.1250,1,1,50,50,23.0,23.000,4,5,8,6,23
model,50,28,12,11,0,0.0000,0.6250,0.7500,-0.1250,5,1,16,16,7.0,6.000,0,2,2,3,23
real,50,28,7,12,1,0.2500,0.8750,0.6250,0.5000,4,1,19,19,8.0,8.362,2,2,2,2,19
model,50,28,7,12,1,-0.1250,0.3750,0.5000,0.2500,3,1,29,29,8.0,8.021,1,3,3,1,19
real,50,12,8,11,0,0.3750,0.5000,0.5000,0.0000,3,0,44,4,14.0,15.255,3,5,3,3,19
model,50,12,8,11,0,0.0000,0.5000,0.7500,0.7500,3,0,39,9,17.0,13.043,2,5,6,4,19
real,50,12,12,10,0,0.5000,0.6250,0.3750,0.2500,1,1,50,50,22.0,22.000,5,10,4,3,22
model,50,12,12,10,0,0.1250,0.7500,0.5000,0.2500,4,0,36,5,12.0,11.511,0,5,3,4,22
real,50,19,10,12,1,-0.2500,0.3750,0.5000,0.3750,4,0,13,29,11.0,10.936,2,3,5,1,22
model,50,19,10,12,1,-0.3750,1.0000,0.8750,0.5000,3,1,40,40,12.0,13.191,3,1,5,3,22
real,50,12,11,11,0,-0.2500,0.3750,0.3750,0.5000,3,1,26,26,4.0,9.702,2,0,2,0,22
model,50,12,11,11,0,0.1250,0.8750,0.3750,0.2500,5,0,9,4,8.0,9.702,2,3,2,1,22
real,50,26,12,15,0,0.1250,0.8750,0.3750,0.0000,2,0,19,31,11.0,14.362,3,2,3,3,27
model,50,26,12,15,0,-0.2500,0.7500,0.7500,0.0000,4,1,37,37,10.0,16.979,3,2,3,2,27
real,50,26,11,12,0,0.0000,0.6250,0.5000,-0.1250,2,0,32,18,12.0,12.298,5,1,3,3,23
model,50,26,11,12,0,1.0000,1.0000,1.0000,1.0000,2,1,38,38,17.0,15.596,4,8,4,1,23
real,50,26,13,11,1,0.0000,0.7500,0.7500,0.5000,4,0,38,3,16.0,13.809,5,4,5,2,24
model,50,26,13,11,1,0.3750,0.2500,0.1250,0.2500,4,0,25,14,13.0,8.128,4,2,4,3,24
real,50,26,9,10,0,0.0000,0.8750,0.2500,0.2500,3,1,33,33,10.0,8.766,3,1,2,4,19
model,50,26,9,10,0,0.1250,0.7500,0.3750,0.2500,2,0,21,29,9.0,9.723,1,1,3,4,19
real,50,11,10,12,0,0.1250,0.2500,0.3750,0.5000,4,0,13,16,5.0,5.234,1,3,0,1,22
model,50,11,10,12,0,0.2500,0.5000,-0.1250,0.1250,1,1,50,50,22.0,22.000,8,5,5,4,22
real,50,39,13,10,0,0.0000,0.5000,0.2500,0.3750,3,1,29,29,7.0,8.468,0,4,2,1,23
model,50,39,13,10,0,-0.3750,0.7500,0.0000,0.3750,5,0,8,25,8.0,7.851,1,3,3,1,23
real,50,39,11,11,0,0.5000,0.5000,0.7500,0.2500,5,0,2,34,10.0,11.298,2,1,1,6,22
model,50,39,11,11,0,0.2500,0.6250,0.7500,0.6250,2,0,48,2,21.0,21.532,2,6,7,6,22
real,50,39,12,9,1,-0.5000,0.5000,0.5000,0.1250,4,0,36,6,13.0,12.021,3,3,3,4,21
model,50,39,12,9,1,-0.1250,0.6250,0.1250,0.2500,5,0,10,16,5.0,4.894,1,1,3,0,21
real,50,42,11,14,0,0.1250,0.7500,1.0000,-0.1250,2,1,47,47,22.0,22.511,5,8,7,2,25
model,50,42,11,14,0,0.1250,0.6250,-0.1250,0.3750,3,0,41,3,20.0,18.489,6,8,2,4,25
real,50,42,15,10,0,0.0000,0.7500,0.3750,0.3750,1,1,50,50,25.0,25.000,5,7,2,11,25
model,50,42,15,10,0,0.2500,0.7500,0.0000,0.3750,2,1,34,34,20.0,14.447,9,4,5,2,25
real,50,42,11,8,0,0.5000,0.3750,0.0000,0.0000,3,1,36,36,8.0,9.255,1,4,1,2,19
model,50,42,11,8,0,0.0000,0.5000,0.2500,0.2500,6,1,22,22,5.0,5.745,1,1,2,1,19
real,50,42,10,12,0,0.3750,0.5000,0.3750,0.6250,2,0,21,29,9.0,11.277,4,3,1,1,22
model,50,42,10,12,0,-0.2500,0.5000,0.0000,0.5000,4,0,10,25,8.0,7.766,2,1,3,2,22
real,50,25,7,11,0,-0.5000,0.5000,0.6250,0.2500,3,0,21,27,10.0,7.787,2,6,1,1,18
model,50,25,7,11,0,-0.1250,0.5000,0.3750,0.0000,5,0,7,6,9.0,7.298,2,0,6,1,18
real,50,17,12,10,0,-0.3750,0.7500,0.5000,0.0000,4,1,35,35,10.0,10.362,1,3,3,3,22
model,50,17,12,10,0,0.0000,0.3750,0.5000,0.2500,3,1,32,32,10.0,10.043,2,2,6,0,22
real,50,25,12,12,0,-0.2500,0.7500,0.2500,0.1250,3,0,23,24,9.0,9.723,2,2,2,3,24
model,50,25,12,12,0,0.2500,0.6250,0.7500,0.5000,2,0,7,43,19.0,18.638,1,6,7,5,24
real,50,17,12,10,1,0.1250,-0.1250,0.6250,0.2500,4,1,40,40,16.0,15.191,3,6,3,4,22
model,50,17,12,10,1,-0.5000,0.6250,0.5000,0.5000,4,0,14,15,5.0,6.000,0,1,3,1,22
