kind,n,mcyc,kR,kM,kB,ee,lev1,lev2,lev3,ncyc,tog,cu,cv,same,same_exp,b0,b1,b2,b3,nch
real,100,60,22,26,0,0.0000,0.6250,0.8750,0.6250,2,1,93,93,41.0,41.938,14,10,7,10,48
model,100,60,22,26,0,-0.1250,1.0000,0.5000,0.2500,3,0,6,76,24.0,29.753,9,2,4,9,48
real,100,60,24,24,0,1.0000,1.0000,1.0000,1.0000,4,1,13,13,22.0,22.825,5,5,6,6,48
model,100,60,24,24,0,1.0000,1.0000,1.0000,1.0000,4,1,53,53,13.0,16.103,4,2,2,5,48
real,100,60,21,25,0,1.0000,1.0000,1.0000,1.0000,4,0,13,2,27.0,33.887,7,11,7,2,46
model,100,60,21,25,0,-0.2500,0.5000,0.1250,0.3750,6,0,35,29,17.0,10.515,1,5,5,6,46
real,100,60,24,23,0,0.2500,0.8750,0.3750,0.6250,5,1,11,11,17.0,14.866,3,4,7,3,47
model,100,60,24,23,0,-0.5000,0.5000,0.2500,0.6250,3,1,95,95,41.0,38.990,9,11,12,9,47
real,100,50,26,21,0,0.3750,0.5000,0.3750,-0.2500,3,1,48,48,14.0,15.701,2,5,3,4,47
model,100,50,26,21,0,0.0000,0.6250,0.1250,0.3750,5,0,10,59,18.0,19.546,6,7,2,3,47
real,100,28,27,25,0,0.2500,0.7500,0.2500,0.5000,5,1,27,27,23.0,25.031,5,3,7,8,52
model,100,28,27,25,0,-0.2500,0.8750,0.5000,0.7500,6,1,75,75,33.0,30.639,10,6,12,5,52
real,100,28,23,26,0,-0.2500,0.2500,0.5000,0.6250,4,1,54,54,24.0,19.361,3,9,7,5,49
model,100,28,23,26,0,-0.1250,0.8750,0.7500,0.1250,4,1,16,16,20.0,21.784,9,3,4,4,49
real,100,50,22,24,0,-0.2500,0.2500,0.2500,0.3750,5,0,55,14,16.0,17.268,7,5,3,1,46
model,100,50,22,24,0,0.0000,0.3750,0.2500,0.3750,5,0,29,43,18.0,14.732,4,8,2,4,46
real,100,69,24,22,0,0.2500,0.7500,0.7500,0.3750,6,0,36,20,11.0,11.186,1,3,6,1,46
model,100,69,24,22,0,0.2500,0.7500,0.2500,0.7500,3,0,25,54,14.0,17.144,5,3,2,4,46
real,100,69,24,24,0,0.1250,0.6250,0.5000,0.5000,2,1,95,95,40.0,40.990,11,10,11,8,48
model,100,69,24,24,0,-0.5000,0.8750,0.1250,0.3750,9,0,15,12,10.0,12.505,3,1,3,3,48
real,100,69,26,23,0,-0.1250,0.6250,0.7500,0.3750,2,0,73,27,29.0,29.227,9,3,7,10,49
model,100,69,26,23,0,0.2500,0.8750,0.8750,0.2500,4,1,58,58,21.0,20.175,6,6,4,5,49
real,100,69,26,20,1,0.1250,0.5000,0.5000,0.3750,4,1,80,80,31.0,31.320,4,6,9,12,46
model,100,69,26,20,1,0.0000,0.7500,0.2500,0.7500,4,0,32,42,15.0,14.928,4,1,3,7,46
real,100,65,22,28,0,0.2500,0.8750,0.6250,0.3750,6,0,10,10,12.0,12.794,0,7,4,1,50
model,100,65,22,28,0,0.1250,0.8750,0.3750,0.5000,4,0,19,52,15.0,19.237,3,4,7,1,50
real,100,65,25,22,0,0.7500,1.0000,0.3750,0.6250,4,0,40,2,11.0,15.320,2,4,4,1,47
model,100,65,25,22,0,0.0000,0.3750,0.7500,0.1250,7,0,18,8,16.0,12.845,1,3,9,3,47
real,100,24,22,26,2,0.3750,0.6250,0.6250,0.7500,5,1,41,41,22.0,16.505,5,4,8,5,48
model,100,24,22,26,2,0.1250,0.7500,0.5000,0.5000,3,1,40,40,23.0,23.340,10,5,6,2,48
real,100,65,26,30,1,-0.1250,0.8750,0.3750,0.7500,3,0,54,44,34.0,28.062,10,9,7,8,56
model,100,65,26,30,1,-0.1250,0.6250,0.2500,0.6250,5,0,3,71,33.0,30.804,3,9,10,11,56
real,100,47,23,23,0,-0.1250,0.7500,0.5000,0.5000,2,1,78,78,31.0,30.000,4,7,9,11,46
model,100,47,23,23,0,0.0000,0.5000,0.5000,0.3750,5,0,8,71,23.0,23.856,5,3,7,8,46
real,100,47,26,18,0,0.0000,0.6250,0.7500,0.5000,3,1,84,84,31.0,31.423,9,8,8,6,44
model,100,47,26,18,0,0.1250,0.6250,0.0000,-0.2500,7,0,11,61,13.0,20.680,6,4,1,2,44
real,100,47,23,24,0,-0.1250,0.6250,0.3750,0.6250,3,0,11,83,32.0,30.175,9,5,10,8,47
model,100,47,23,24,0,1.0000,1.0000,1.0000,1.0000,3,1,43,43,22.0,23.093,6,4,5,7,47
real,100,47,24,18,0,0.1250,0.5000,0.3750,0.3750,3,1,86,86,31.0,32.804,11,4,5,11,42
model,100,47,24,18,0,-0.1250,0.7500,0.6250,0.3750,5,0,17,55,14.0,15.722,2,2,1,9,42
real,100,59,23,24,1,0.2500,0.5000,0.6250,0.6250,4,0,35,61,25.0,24.175,5,7,9,4,47
model,100,59,23,24,1,0.1250,0.5000,0.5000,0.7500,2,1,78,78,32.0,31.330,10,6,11,5,47
real,100,59,22,26,0,0.1250,0.5000,0.6250,0.2500,5,1,34,34,17.0,13.969,3,7,5,2,48
model,100,59,22,26,0,0.3750,0.3750,0.2500,0.2500,5,1,73,73,21.0,23.588,4,6,4,7,48
real,100,59,19,22,1,0.6250,0.5000,0.7500,0.8750,4,1,54,54,21.0,16.918,6,4,6,5,41
model,100,59,19,22,1,-0.1250,0.7500,0.5000,0.2500,6,0,24,58,11.0,16.186,2,5,3,1,41
real,100,27,28,25,0,0.1250,0.6250,0.8750,0.3750,3,1,89,89,42.0,39.474,11,13,8,10,53
model,100,27,28,25,0,0.1250,0.5000,0.5000,0.3750,2,1,87,87,45.0,39.959,12,13,10,10,53
real,100,36,19,26,0,0.0000,0.7500,0.7500,0.2500,4,1,82,82,32.0,32.753,8,12,8,4,45
model,100,36,19,26,0,-0.2500,0.2500,0.5000,0.2500,4,1,79,79,29.0,27.423,8,8,8,5,45
real,100,18,26,24,0,1.0000,1.0000,1.0000,1.0000,5,1,11,11,14.0,14.454,3,5,4,2,50
model,100,18,26,24,0,0.0000,0.2500,0.6250,-0.1250,3,1,67,67,22.0,26.082,3,5,9,5,50
real,100,18,23,23,0,-0.1250,0.7500,0.5000,0.2500,4,0,29,64,21.0,19.144,6,5,4,6,46
model,100,18,23,23,0,0.2500,0.6250,0.5000,0.2500,5,0,66,11,26.0,19.588,7,1,7,11,46
real,100,36,19,25,1,0.5000,0.8750,0.6250,0.2500,5,0,86,2,36.0,34.928,11,14,5,6,44
model,100,36,19,25,1,0.0000,0.3750,0.7500,0.2500,4,1,86,86,35.0,32.814,13,4,9,9,44
real,100,100,24,26,1,0.3750,0.8750,0.2500,0.5000,4,0,17,29,19.0,21.093,7,5,2,5,50
model,100,100,24,26,1,0.2500,0.7500,0.5000,0.3750,2,0,57,43,22.0,24.598,5,5,6,6,50
real,100,100,28,22,0,-0.5000,0.3750,0.6250,0.0000,4,1,53,53,19.0,22.103,6,4,4,5,50
model,100,100,28,22,0,0.2500,0.3750,0.6250,0.3750,3,1,88,88,39.0,38.928,9,8,7,15,50
real,100,100,24,18,0,-0.2500,0.3750,0.5000,0.5000,3,0,56,7,18.0,18.392,5,4,6,3,42
model,100,100,24,18,0,-0.2500,0.5000,0.8750,0.5000,4,0,50,36,7.0,14.866,4,2,0,1,42
real,100,100,25,21,0,-0.2500,0.3750,0.6250,0.1250,5,1,74,74,26.0,23.031,6,5,8,7,46
model,100,100,25,21,0,0.5000,0.8750,1.0000,0.8750,3,0,75,18,29.0,28.433,2,7,10,10,46
real,100,100,22,22,0,0.2500,0.5000,0.1250,0.3750,3,1,66,66,21.0,23.897,5,6,5,5,44
model,100,100,22,22,0,-0.3750,0.7500,0.7500,0.0000,6,0,38,27,9.0,11.856,5,2,1,1,44
real,100,100,23,28,0,0.3750,0.8750,0.3750,0.7500,3,1,89,89,40.0,40.206,8,10,11,11,51
model,100,100,23,28,0,-0.1250,0.7500,0.2500,0.5000,6,1,48,48,19.0,19.155,7,5,2,5,51
real,100,100,22,20,0,0.1250,0.7500,0.3750,0.5000,4,1,41,41,9.0,12.495,2,0,7,0,42
model,100,100,22,20,0,-0.2500,0.0000,0.1250,0.0000,2,1,96,96,38.0,39.340,7,8,14,9,42
real,100,100,27,28,0,0.1250,0.5000,0.8750,-0.2500,5,0,21,36,10.0,14.165,0,3,2,5,55
model,100,100,27,28,0,0.5000,0.6250,0.5000,0.6250,2,1,34,34,35.0,30.546,8,11,7,9,55
real,100,50,24,24,0,-0.3750,0.5000,0.6250,0.5000,3,1,95,95,41.0,41.804,5,15,13,8,48
model,100,50,24,24,0,0.0000,0.1250,0.8750,0.1250,7,1,42,42,7.0,11.082,0,2,2,3,48
real,100,24,27,27,0,0.0000,0.6250,0.5000,0.3750,5,1,58,58,26.0,24.804,8,6,7,5,54
model,100,24,27,27,0,0.2500,0.7500,1.0000,0.3750,3,1,96,96,51.0,50.825,14,11,6,20,54
real,100,50,22,26,0,0.7500,1.0000,0.8750,1.0000,9,0,23,2,17.0,11.216,5,6,3,3,48
model,100,50,22,26,0,0.3750,0.6250,0.7500,0.8750,5,1,68,68,24.0,23.320,7,6,5,6,48
real,100,16,26,23,0,0.2500,0.8750,1.0000,0.6250,3,1,92,92,43.0,43.186,13,12,10,8,49
model,100,16,26,23,0,-0.2500,0.5000,0.5000,0.3750,4,1,91,91,41.0,40.887,8,13,10,10,49
real,100,32,28,22,0,0.1250,1.0000,0.7500,0.1250,5,0,29,33,8.0,10.320,2,3,2,1,50
model,100,32,28,22,0,0.2500,0.8750,0.3750,0.7500,4,0,92,3,45.0,44.557,13,16,6,10,50
real,100,51,20,24,1,0.2500,0.5000,0.5000,0.7500,4,0,87,9,33.0,35.340,11,5,9,8,44
model,100,51,20,24,1,0.7500,0.7500,0.6250,0.6250,5,0,34,9,11.0,12.093,6,1,2,2,44
real,100,32,24,26,0,0.1250,0.8750,0.3750,0.5000,9,0,22,35,5.0,9.845,0,1,2,2,50
model,100,32,24,26,0,-0.1250,0.6250,0.5000,0.1250,3,0,72,21,27.0,29.237,8,4,5,10,50
real,100,32,23,28,0,-0.3750,0.3750,0.6250,0.1250,3,1,72,72,25.0,29.763,2,6,10,7,51
model,100,32,23,28,0,-0.3750,0.3750,0.7500,-0.1250,2,0,38,62,25.0,28.082,5,5,10,5,51
real,100,72,24,28,0,0.3750,0.8750,0.6250,0.8750,5,1,86,86,38.0,37.876,6,9,10,13,52
model,100,72,24,28,0,1.0000,1.0000,1.0000,1.0000,8,1,33,33,12.0,10.845,2,4,4,2,52
real,100,72,24,23,0,0.2500,0.6250,0.7500,0.2500,4,0,11,30,12.0,13.433,4,3,4,1,47
model,100,72,24,23,0,0.3750,0.7500,0.1250,0.8750,3,1,90,90,40.0,38.031,15,8,8,9,47
real,100,72,25,27,0,-0.1250,0.1250,0.2500,0.3750,5,1,82,82,35.0,35.526,12,4,10,9,52
model,100,72,25,27,0,0.0000,1.0000,0.3750,0.1250,4,0,20,76,34.0,33.371,13,7,7,7,52
real,100,72,28,22,0,0.1250,0.8750,0.6250,0.2500,3,1,96,96,46.0,46.990,10,15,9,12,50
model,100,72,28,22,0,-0.1250,0.5000,0.3750,0.2500,3,1,88,88,38.0,39.784,9,8,10,11,50
real,100,55,32,25,1,0.6250,0.8750,0.6250,0.5000,5,0,52,2,26.0,20.495,6,4,6,10,57
model,100,55,32,25,1,0.1250,0.8750,0.3750,0.2500,4,1,37,37,23.0,23.216,4,7,7,5,57
real,100,55,23,21,1,0.1250,0.6250,0.5000,0.2500,5,0,67,20,21.0,20.268,5,3,6,7,44
model,100,55,23,21,1,-0.1250,0.7500,0.0000,0.5000,3,1,93,93,39.0,39.052,10,10,10,9,44
real,100,55,21,24,0,0.0000,0.6250,0.6250,0.8750,4,0,78,8,25.0,26.722,4,5,9,7,45
model,100,55,21,24,0,-0.2500,0.7500,0.2500,0.5000,3,1,81,81,29.0,30.588,7,8,7,7,45
real,100,18,27,27,0,-0.1250,0.7500,0.6250,0.7500,5,1,70,70,25.0,25.113,6,10,6,3,54
model,100,18,27,27,0,0.0000,0.8750,0.7500,0.5000,4,1,81,81,39.0,36.691,11,13,8,7,54
real,100,38,26,29,0,0.3750,0.6250,0.5000,0.5000,7,1,77,77,33.0,34.701,5,12,9,7,55
model,100,38,26,29,0,0.1250,0.7500,0.6250,0.7500,4,0,41,44,19.0,18.144,6,3,6,4,55
real,100,38,27,31,0,0.2500,0.3750,0.3750,0.5000,4,0,71,22,32.0,31.959,9,12,6,5,58
model,100,38,27,31,0,0.2500,0.5000,0.7500,0.6250,6,0,5,36,16.0,15.536,1,7,6,2,58
real,100,34,25,27,1,0.1250,0.6250,0.0000,0.5000,5,1,82,82,36.0,37.753,9,9,8,10,52
model,100,34,25,27,1,0.1250,0.6250,0.5000,0.2500,3,1,56,56,21.0,24.247,7,7,3,4,52
real,100,38,27,22,1,-0.1250,0.6250,0.0000,0.3750,3,0,45,53,24.0,23.784,5,2,10,7,49
model,100,38,27,22,1,0.1250,0.6250,0.2500,0.5000,5,1,61,61,21.0,21.649,7,7,5,2,49
real,100,64,24,21,0,0.0000,0.5000,0.5000,0.2500,5,1,38,38,15.0,11.134,4,3,5,3,45
model,100,64,24,21,0,0.1250,0.6250,0.3750,0.2500,5,0,72,9,24.0,23.959,8,6,4,6,45
real,100,64,24,26,0,-0.2500,0.5000,0.1250,0.3750,4,0,68,21,26.0,26.351,7,5,4,10,50
model,100,64,24,26,0,1.0000,1.0000,1.0000,1.0000,6,1,69,69,26.0,25.361,4,7,3,12,50
real,100,31,24,25,0,0.6250,0.8750,0.5000,-0.1250,3,0,15,65,23.0,22.134,2,6,7,8,49
model,100,31,24,25,0,0.1250,0.7500,0.3750,0.3750,4,0,26,62,19.0,22.670,3,6,4,6,49
real,100,64,18,20,0,0.5000,0.6250,0.7500,0.6250,3,0,72,25,25.0,21.392,6,1,12,6,38
model,100,64,18,20,0,-0.2500,0.6250,0.7500,0.5000,5,0,60,32,20.0,18.103,5,7,5,3,38
real,100,45,22,26,0,-0.2500,0.5000,0.3750,0.6250,2,1,92,92,42.0,44.041,12,10,10,10,48
model,100,45,22,26,0,0.2500,0.6250,0.7500,0.6250,4,1,30,30,26.0,23.454,3,5,6,12,48
real,100,45,30,24,0,0.2500,0.7500,0.8750,0.6250,3,0,25,10,28.0,28.784,6,5,9,8,54
model,100,45,30,24,0,0.0000,0.7500,0.2500,0.3750,4,0,64,10,24.0,27.794,2,7,7,8,54
real,100,45,23,26,0,0.2500,0.8750,0.7500,0.3750,3,0,52,45,21.0,22.464,6,4,9,2,49
model,100,45,23,26,0,0.2500,0.8750,0.5000,0.6250,5,1,58,58,18.0,21.021,5,6,5,2,49
real,100,45,24,25,0,-0.1250,0.6250,0.6250,0.5000,6,0,11,16,19.0,17.567,4,7,7,1,49
model,100,45,24,25,0,0.2500,0.3750,0.1250,0.1250,4,1,61,61,24.0,22.701,2,6,7,9,49
real,100,27,25,16,0,0.2500,0.8750,0.5000,0.2500,4,1,27,27,16.0,14.309,5,2,3,6,41
model,100,27,25,16,0,0.0000,0.3750,0.8750,-0.1250,6,0,16,41,11.0,10.010,2,4,4,1,41
real,100,18,25,23,1,0.3750,0.5000,0.5000,0.1250,4,0,36,60,20.0,23.907,7,4,6,3,48
model,100,18,25,23,1,-0.1250,0.5000,0.2500,0.3750,5,0,27,2,22.0,17.794,6,4,5,7,48
real,100,32,20,26,0,-0.2500,0.5000,0.2500,0.3750,3,1,78,78,26.0,25.546,9,6,5,6,46
model,100,32,20,26,0,0.2500,0.7500,0.5000,0.2500,4,1,12,12,19.0,20.258,6,6,2,5,46
real,100,27,25,25,0,0.6250,0.6250,0.8750,0.6250,5,0,57,36,22.0,22.670,6,7,6,3,50
model,100,27,25,25,0,0.1250,0.3750,0.1250,0.2500,2,0,61,39,31.0,25.423,5,8,6,12,50
real,100,74,24,18,0,0.0000,0.2500,0.2500,0.6250,4,1,79,79,23.0,28.629,4,7,7,5,42
model,100,74,24,18,0,0.1250,0.2500,0.0000,0.1250,4,1,82,82,30.0,28.979,4,12,6,8,42
real,100,74,20,25,0,0.1250,0.5000,0.2500,0.3750,6,0,30,59,21.0,20.588,4,7,6,4,45
model,100,74,20,25,0,-0.1250,0.7500,0.5000,0.0000,6,0,39,37,12.0,14.979,5,2,4,1,45
real,100,74,23,23,0,0.6250,0.7500,0.6250,0.1250,4,1,34,34,16.0,14.165,2,6,5,3,46
model,100,74,23,23,0,0.0000,0.8750,0.8750,0.5000,4,1,36,36,27.0,21.897,4,11,7,5,46
real,100,13,25,25,1,0.1250,0.5000,0.1250,0.2500,4,1,76,76,30.0,32.433,7,9,8,6,50
model,100,13,25,25,1,0.1250,0.3750,0.8750,0.2500,3,1,94,94,45.0,44.186,7,18,11,9,50
real,100,88,25,21,0,0.0000,0.5000,0.1250,0.0000,2,1,98,98,44.0,44.082,14,11,9,10,46
model,100,88,25,21,0,-0.1250,0.3750,0.3750,0.7500,4,1,61,61,24.0,20.794,4,5,7,8,46
real,100,88,23,26,0,0.6250,1.0000,0.8750,0.6250,5,0,10,2,14.0,16.330,5,2,4,3,49
model,100,88,23,26,0,-0.2500,0.6250,0.7500,0.5000,3,1,79,79,28.0,28.330,7,9,6,6,49
real,100,88,25,22,0,-0.1250,0.8750,0.6250,0.6250,4,1,67,67,22.0,21.948,4,4,6,8,47
model,100,88,25,22,0,0.3750,1.0000,0.7500,0.5000,5,1,31,31,7.0,10.515,2,2,0,3,47
real,100,88,22,23,0,-0.1250,0.0000,0.2500,-0.1250,6,1,40,40,9.0,10.969,2,2,2,3,45
model,100,88,22,23,0,0.1250,0.5000,0.7500,0.7500,7,0,3,14,12.0,14.206,4,2,2,4,45
real,100,37,19,27,0,0.0000,1.0000,0.5000,0.6250,5,0,27,13,6.0,12.948,3,1,2,0,46
model,100,37,19,27,0,0.5000,0.6250,0.5000,0.0000,5,0,13,63,18.0,18.660,3,4,5,6,46
real,100,29,24,29,0,-0.1250,0.8750,0.7500,0.2500,2,1,62,62,35.0,27.701,2,13,11,9,53
model,100,29,24,29,0,-0.2500,0.3750,0.1250,0.3750,3,1,20,20,31.0,36.505,8,10,7,6,53
real,100,37,25,22,0,-0.1250,0.7500,0.3750,0.2500,6,1,70,70,25.0,20.495,5,6,12,2,47
model,100,37,25,22,0,-0.1250,0.6250,0.3750,0.3750,1,1,100,100,47.0,47.000,12,12,14,9,47
real,100,29,24,25,0,0.3750,0.2500,0.3750,0.1250,4,0,18,66,22.0,22.289,8,1,8,5,49
model,100,29,24,25,0,0.2500,1.0000,0.6250,0.8750,6,1,38,38,14.0,14.340,3,5,4,2,49
real,100,39,22,20,0,0.0000,0.7500,0.1250,0.3750,4,0,17,74,25.0,23.918,4,5,13,3,42
model,100,39,22,20,0,0.0000,0.6250,0.2500,0.7500,4,1,71,71,21.0,20.928,6,5,3,7,42
real,100,39,28,26,0,-0.2500,0.8750,0.7500,0.2500,5,0,64,23,24.0,26.289,7,8,5,4,54
model,100,39,28,26,0,0.2500,0.5000,0.3750,0.1250,6,0,8,59,24.0,19.165,3,6,10,5,54
real,100,32,25,26,0,0.0000,0.0000,0.6250,0.2500,4,1,75,75,28.0,28.515,3,14,4,7,51
model,100,32,25,26,0,-0.1250,0.7500,0.5000,0.6250,4,1,78,78,32.0,30.794,12,9,4,7,51
real,100,39,26,21,0,0.1250,0.2500,0.7500,0.3750,2,1,52,52,23.0,23.247,7,8,4,4,47
model,100,39,26,21,0,0.0000,0.8750,0.5000,0.5000,3,1,29,29,19.0,16.526,7,3,5,4,47
real,100,24,24,21,0,-0.2500,0.8750,0.3750,0.0000,4,0,18,71,23.0,24.598,11,4,5,3,45
model,100,24,24,21,0,0.1250,0.7500,0.5000,0.6250,6,1,46,46,15.0,15.794,5,4,2,4,45
real,100,24,26,23,0,0.3750,0.5000,0.1250,0.5000,3,0,50,30,14.0,17.041,6,5,0,3,49
model,100,24,26,23,0,-0.3750,0.6250,0.5000,0.6250,1,1,100,100,49.0,49.000,9,13,12,15,49
real,100,30,23,24,2,-0.1250,0.7500,0.2500,-0.2500,6,0,51,34,21.0,19.784,4,2,9,6,47
model,100,30,23,24,2,0.1250,0.7500,-0.1250,0.1250,6,1,34,34,14.0,14.402,3,3,6,2,47
real,100,30,23,22,0,0.1250,0.7500,0.3750,0.3750,1,1,100,100,45.0,45.000,13,8,12,12,45
model,100,30,23,22,0,0.5000,0.5000,0.6250,0.1250,1,1,100,100,45.0,45.000,13,10,7,15,45
real,100,42,21,24,1,-0.2500,0.6250,0.2500,0.5000,5,0,7,46,14.0,17.619,5,5,1,3,45
model,100,42,21,24,1,0.0000,0.5000,0.2500,0.5000,3,1,79,79,32.0,28.000,9,8,9,6,45
real,100,21,22,22,0,0.0000,0.8750,0.6250,0.1250,4,1,71,71,20.0,25.691,4,4,6,6,44
model,100,21,22,22,0,0.0000,0.7500,0.3750,0.3750,3,1,88,88,35.0,33.691,8,10,8,9,44
real,100,42,23,24,0,0.0000,0.5000,0.7500,0.1250,5,1,57,57,16.0,19.021,7,5,4,0,47
model,100,42,23,24,0,-0.5000,0.3750,0.7500,0.2500,4,1,71,71,26.0,24.000,4,9,6,7,47
real,100,42,24,22,0,0.0000,0.3750,0.2500,0.2500,3,1,81,81,30.0,30.938,7,7,10,6,46
model,100,42,24,22,0,0.1250,0.7500,0.2500,0.3750,10,0,10,12,2.0,5.588,0,0,1,1,46
real,100,32,20,26,0,0.3750,0.5000,0.5000,0.1250,1,1,100,100,46.0,46.000,8,10,14,14,46
model,100,32,20,26,0,0.2500,0.3750,0.6250,0.3750,5,0,41,43,13.0,17.144,6,2,2,3,46
real,100,32,18,22,0,0.1250,0.5000,0.5000,0.6250,5,0,73,4,21.0,21.351,8,5,6,2,40
model,100,32,18,22,0,-0.1250,0.8750,0.2500,0.2500,2,0,51,49,24.0,19.773,3,5,6,10,40
real,100,29,26,26,0,-0.1250,0.8750,0.5000,0.5000,4,1,74,74,36.0,31.175,9,13,9,5,52
model,100,29,26,26,0,-0.2500,0.2500,0.3750,-0.2500,3,0,83,13,35.0,37.485,5,15,6,9,52
real,100,32,25,24,0,0.1250,0.7500,0.7500,0.6250,6,0,7,50,18.0,17.959,3,6,6,3,49
model,100,32,25,24,0,0.1250,0.7500,0.3750,0.3750,3,0,62,25,26.0,24.062,6,5,10,5,49
real,100,37,27,21,0,0.0000,0.6250,0.1250,0.3750,2,1,65,65,31.0,27.505,10,9,7,5,48
model,100,37,27,21,0,-0.1250,0.6250,0.5000,0.1250,3,1,35,35,21.0,20.701,4,2,5,10,48
real,100,37,22,26,0,-0.2500,-0.1250,0.1250,0.2500,4,0,53,42,19.0,22.392,5,6,4,4,48
model,100,37,22,26,0,-0.6250,0.7500,0.8750,0.8750,4,1,60,60,23.0,22.515,7,7,3,6,48
real,100,37,22,30,0,-0.2500,0.1250,0.1250,0.1250,4,1,27,27,19.0,19.876,6,6,2,5,52
model,100,37,22,30,0,0.2500,0.5000,0.5000,0.3750,4,1,49,49,17.0,16.381,4,3,5,5,52
real,100,42,23,24,0,0.5000,1.0000,1.0000,0.7500,5,1,63,63,21.0,21.763,6,4,5,6,47
model,100,42,23,24,0,0.2500,0.7500,0.2500,0.3750,4,0,21,52,18.0,17.113,5,3,6,4,47
real,100,100,19,23,0,-0.1250,0.6250,0.3750,0.2500,4,0,20,37,15.0,13.412,5,1,3,6,42
model,100,100,19,23,0,0.2500,0.8750,0.3750,0.2500,5,0,11,74,24.0,21.814,9,6,4,5,42
real,100,100,28,26,0,-0.2500,0.7500,0.2500,0.5000,6,0,63,5,21.0,20.536,6,7,7,1,54
model,100,100,28,26,0,-0.3750,0.7500,0.5000,0.6250,3,0,87,5,43.0,42.371,12,7,16,8,54
real,100,100,27,18,0,0.1250,0.3750,0.7500,0.3750,6,1,48,48,11.0,11.206,1,2,5,3,45
model,100,100,27,18,0,1.0000,1.0000,1.0000,1.0000,4,1,36,36,10.0,11.918,0,4,3,3,45
real,100,100,28,25,0,0.1250,0.5000,0.3750,0.0000,5,1,70,70,30.0,29.268,7,9,8,6,53
model,100,100,28,25,0,0.1250,0.2500,0.5000,0.1250,3,1,72,72,24.0,26.485,4,6,7,7,53
real,100,90,23,22,0,0.2500,0.7500,0.6250,0.5000,3,0,27,67,19.0,23.763,6,5,2,6,45
model,100,90,23,22,0,-0.2500,0.6250,0.6250,0.7500,5,0,54,17,14.0,15.753,7,2,3,2,45
real,100,90,29,25,1,1.0000,1.0000,1.0000,1.0000,5,1,68,68,24.0,25.794,2,12,4,6,54
model,100,90,29,25,1,0.2500,0.6250,0.5000,0.3750,2,1,90,90,44.0,45.216,10,7,11,16,54
real,100,90,29,23,0,-0.2500,0.8750,0.3750,0.3750,4,0,88,8,41.0,39.351,10,9,9,13,52
model,100,90,29,23,0,0.0000,0.6250,0.3750,0.1250,4,0,27,65,27.0,26.557,3,7,7,10,52
real,100,90,23,26,0,-0.1250,0.6250,0.1250,0.3750,4,1,83,83,36.0,33.546,9,11,9,7,49
model,100,90,23,26,0,0.1250,0.8750,0.7500,0.8750,4,1,68,68,24.0,24.505,4,8,9,3,49
real,100,42,22,26,1,0.3750,0.2500,0.0000,0.2500,8,1,33,33,8.0,10.588,0,4,3,1,48
model,100,42,22,26,1,0.0000,0.7500,0.6250,0.6250,6,0,7,82,33.0,35.577,10,6,6,11,48
real,100,34,26,22,0,-0.3750,0.5000,0.6250,0.1250,7,0,47,18,12.0,12.938,2,4,4,2,48
model,100,34,26,22,0,0.1250,0.7500,0.6250,0.6250,3,1,34,34,15.0,15.649,4,4,2,5,48
real,100,8,20,22,0,0.5000,1.0000,0.5000,0.6250,4,1,61,61,19.0,20.402,4,7,4,4,42
model,100,8,20,22,0,-0.3750,1.0000,0.7500,0.3750,3,1,79,79,29.0,29.495,8,4,7,10,42
real,100,34,24,25,0,0.0000,0.5000,0.6250,0.2500,2,1,98,98,48.0,47.021,7,8,18,15,49
model,100,34,24,25,0,0.0000,0.5000,-0.1250,0.1250,5,0,5,46,21.0,19.124,5,4,7,5,49
real,100,67,23,26,0,-0.2500,0.2500,0.7500,0.2500,1,1,100,100,49.0,49.000,12,11,11,15,49
model,100,67,23,26,0,0.1250,0.7500,0.0000,0.1250,4,0,41,31,18.0,15.866,7,2,4,5,49
real,100,67,23,20,1,0.3750,0.6250,0.2500,0.0000,7,0,14,37,11.0,11.186,1,6,4,0,43
model,100,67,23,20,1,0.1250,0.7500,0.7500,0.3750,5,0,35,10,9.0,12.979,5,0,2,2,43
real,100,67,27,18,1,0.1250,0.5000,0.7500,0.3750,4,1,82,82,32.0,31.608,10,8,6,8,45
model,100,67,27,18,1,0.3750,0.6250,0.5000,0.2500,5,0,59,16,17.0,17.784,3,6,5,3,45
real,100,67,20,30,0,0.0000,0.8750,0.6250,0.5000,4,1,74,74,27.0,29.268,6,8,8,5,50
model,100,67,20,30,0,-0.3750,0.3750,0.3750,0.3750,5,0,37,32,11.0,12.371,3,2,5,1,50
real,100,68,28,25,0,1.0000,1.0000,1.0000,1.0000,6,1,8,8,12.0,13.784,3,3,1,5,53
model,100,68,28,25,0,-0.2500,0.7500,0.2500,0.1250,3,0,66,25,23.0,24.433,6,5,6,6,53
real,100,22,24,27,0,0.2500,0.6250,0.6250,-0.2500,2,1,94,94,42.0,41.639,9,10,15,8,51
model,100,22,24,27,0,-0.1250,0.8750,0.7500,0.7500,3,0,92,6,44.0,43.711,5,15,7,17,51
real,100,68,26,26,0,-0.1250,0.5000,0.1250,0.6250,5,0,59,19,16.0,19.124,8,3,4,1,52
model,100,68,26,26,0,0.3750,0.7500,0.7500,0.7500,6,1,31,31,19.0,19.237,7,5,4,3,52
real,100,68,23,28,0,0.1250,0.8750,0.2500,0.6250,4,0,51,2,18.0,21.948,6,3,6,3,51
model,100,68,23,28,0,-0.2500,0.5000,0.1250,0.5000,3,1,81,81,33.0,34.608,12,9,6,6,51
real,100,38,24,27,0,-0.1250,0.6250,0.5000,0.6250,4,0,35,47,14.0,18.278,3,5,4,2,51
model,100,38,24,27,0,-0.5000,0.3750,0.3750,0.2500,2,1,78,78,34.0,30.526,7,9,11,7,51
real,100,38,25,22,0,0.1250,0.3750,0.5000,0.3750,6,0,11,30,14.0,14.835,5,2,5,2,47
model,100,38,25,22,0,-0.1250,0.5000,1.0000,0.3750,7,1,46,46,9.0,12.577,4,1,1,3,47
real,100,49,24,25,0,0.2500,0.6250,0.3750,0.7500,4,0,19,12,24.0,24.505,4,10,3,7,49
model,100,49,24,25,0,-0.2500,0.6250,0.1250,0.1250,4,0,43,52,22.0,22.216,8,9,4,1,49
real,100,38,24,24,0,1.0000,1.0000,1.0000,1.0000,7,1,16,16,10.0,9.093,2,5,2,1,48
model,100,38,24,24,0,-0.2500,0.6250,0.8750,0.1250,4,1,57,57,25.0,22.124,6,7,5,7,48
real,100,57,22,23,0,-0.1250,0.8750,0.1250,-0.2500,2,1,98,98,43.0,43.103,12,11,12,8,45
model,100,57,22,23,0,0.2500,0.6250,0.7500,0.3750,2,1,96,96,41.0,41.289,13,12,9,7,45
real,100,57,18,27,0,0.2500,0.5000,0.8750,0.6250,6,1,32,32,12.0,10.825,1,2,5,4,45
model,100,57,18,27,0,-0.1250,0.3750,0.6250,0.5000,3,1,87,87,32.0,35.804,13,9,5,5,45
real,100,20,26,23,0,0.0000,0.3750,0.3750,0.7500,4,0,75,12,23.0,24.804,12,2,5,4,49
model,100,20,26,23,0,0.5000,0.5000,0.3750,0.7500,5,1,61,61,20.0,22.082,4,6,5,5,49
real,100,57,25,23,0,0.3750,0.8750,0.7500,0.2500,4,0,13,76,24.0,28.474,10,5,5,4,48
model,100,57,25,23,0,-0.1250,0.8750,0.8750,0.8750,3,1,84,84,36.0,35.567,11,4,10,11,48
real,100,45,23,23,0,-0.2500,0.5000,0.3750,0.0000,4,1,82,82,31.0,31.649,6,8,8,9,46
model,100,45,23,23,0,0.1250,0.6250,0.6250,0.0000,4,0,43,53,21.0,22.021,4,5,6,6,46
real,100,33,29,26,0,0.3750,0.8750,0.2500,0.6250,4,1,63,63,25.0,27.505,8,4,8,5,55
model,100,33,29,26,0,0.0000,0.3750,0.7500,0.5000,4,1,80,80,40.0,37.412,11,7,13,9,55
real,100,33,23,24,1,0.1250,0.6250,0.3750,0.1250,3,1,91,91,39.0,40.103,14,12,5,8,47
model,100,33,23,24,1,0.1250,0.2500,0.7500,0.1250,2,1,72,72,22.0,27.804,5,3,9,5,47
real,100,45,27,28,0,0.2500,0.6250,0.7500,0.1250,6,0,5,84,39.0,39.907,12,8,11,8,55
model,100,45,27,28,0,-0.2500,0.7500,0.5000,0.3750,2,1,40,40,32.0,29.144,7,12,8,5,55
real,100,84,28,23,0,-0.2500,0.8750,0.2500,0.0000,3,0,50,43,21.0,22.784,6,3,7,5,51
model,100,84,28,23,0,0.5000,0.7500,0.2500,0.5000,5,1,58,58,16.0,19.825,4,4,5,3,51
real,100,84,17,21,1,-0.3750,0.5000,0.7500,0.3750,5,0,40,3,8.0,11.381,0,2,4,2,38
model,100,84,17,21,1,-0.1250,0.5000,0.8750,0.1250,4,0,5,86,29.0,27.155,7,7,8,7,38
real,100,84,23,20,1,0.3750,0.8750,0.3750,0.1250,3,0,49,49,17.0,20.835,2,9,3,3,43
model,100,84,23,20,1,-0.5000,0.5000,0.5000,0.8750,6,0,42,26,12.0,12.144,4,2,5,1,43
real,100,84,27,23,0,0.1250,0.7500,0.2500,0.5000,6,1,54,54,17.0,16.990,1,7,4,5,50
model,100,84,27,23,0,0.1250,0.5000,0.2500,0.2500,4,0,63,30,28.0,24.423,3,7,8,10,50
real,100,77,22,23,0,-0.5000,0.7500,0.1250,0.5000,4,0,56,13,17.0,15.969,3,5,8,1,45
model,100,77,22,23,0,0.3750,0.8750,0.7500,-0.1250,2,1,87,87,35.0,33.773,10,8,7,10,45
real,100,77,26,24,0,0.0000,0.7500,0.2500,0.5000,5,1,69,69,21.0,26.010,8,2,7,4,50
model,100,77,26,24,0,1.0000,1.0000,1.0000,1.0000,6,1,33,33,12.0,9.825,3,3,3,3,50
real,100,77,24,23,0,0.2500,0.5000,0.6250,0.6250,2,0,37,63,29.0,25.804,3,6,9,11,47
model,100,77,24,23,0,0.0000,0.8750,0.5000,0.1250,6,0,52,5,15.0,16.392,2,3,6,4,47
real,100,77,24,23,0,0.1250,0.8750,0.7500,0.5000,3,1,82,82,35.0,33.340,6,7,8,14,47
model,100,77,24,23,0,-0.3750,0.6250,0.5000,0.0000,4,0,84,5,32.0,35.000,8,7,8,9,47
real,100,88,21,25,1,0.1250,1.0000,0.2500,0.3750,4,0,64,30,21.0,25.196,2,8,5,6,46
model,100,88,21,25,1,0.3750,0.5000,0.6250,0.1250,1,1,100,100,46.0,46.000,11,15,10,10,46
real,100,88,24,24,0,-0.2500,0.6250,0.6250,0.3750,4,1,48,48,21.0,19.495,8,5,5,3,48
model,100,88,24,24,0,0.1250,0.7500,0.2500,0.1250,6,1,70,70,22.0,24.052,7,4,5,6,48
real,100,88,24,23,0,0.2500,0.8750,0.2500,0.2500,2,0,44,56,19.0,24.186,2,5,8,4,47
model,100,88,24,23,0,0.1250,-0.1250,0.8750,0.6250,6,1,41,41,14.0,14.103,1,7,2,4,47
real,100,88,28,23,0,-0.1250,0.3750,0.7500,0.6250,7,0,24,12,14.0,16.206,2,4,5,3,51
model,100,88,28,23,0,0.1250,0.6250,0.2500,0.1250,2,1,88,88,44.0,40.113,9,9,16,10,51
real,100,49,20,19,0,0.1250,0.3750,0.3750,0.6250,2,1,95,95,37.0,36.082,13,11,5,8,39
model,100,49,20,19,0,0.0000,0.7500,0.3750,0.2500,2,1,66,66,19.0,20.072,5,6,5,3,39
real,100,49,23,23,0,0.2500,0.6250,0.5000,0.1250,6,0,4,33,13.0,16.515,2,3,4,4,46
model,100,49,23,23,0,-0.1250,0.6250,0.2500,0.6250,4,1,59,59,26.0,18.722,4,8,9,5,46
real,100,49,26,21,1,0.0000,0.7500,0.6250,0.2500,5,1,46,46,13.0,16.918,1,5,5,2,47
model,100,49,26,21,1,-0.5000,0.7500,0.3750,0.6250,3,1,56,56,24.0,22.567,5,8,5,6,47
real,100,51,21,26,0,0.2500,0.5000,0.7500,0.3750,2,0,8,92,42.0,41.010,8,15,11,8,47
model,100,51,21,26,0,-0.1250,0.6250,0.6250,0.1250,4,1,71,71,25.0,27.691,5,6,10,4,47
real,100,87,21,26,0,-0.1250,0.3750,0.2500,0.1250,5,1,57,57,21.0,16.031,7,4,5,5,47
model,100,87,21,26,0,0.1250,0.6250,0.7500,0.8750,3,1,53,53,14.0,22.289,2,3,4,5,47
real,100,87,25,22,0,0.0000,0.6250,0.3750,0.2500,4,1,59,59,18.0,20.454,8,4,3,3,47
model,100,87,25,22,0,0.3750,0.2500,0.1250,0.1250,3,0,46,42,17.0,18.412,6,5,2,4,47
real,100,87,27,19,0,0.0000,0.6250,0.5000,0.2500,3,1,71,71,26.0,25.928,8,6,7,5,46
model,100,87,27,19,0,-0.1250,0.5000,0.5000,0.6250,6,0,31,58,17.0,18.536,6,5,2,4,46
real,100,87,24,26,0,-0.2500,0.7500,0.3750,-0.2500,4,0,47,42,20.0,20.722,2,4,11,3,50
model,100,87,24,26,0,0.6250,0.7500,0.5000,0.6250,4,1,88,88,40.0,38.928,10,7,11,12,50
real,100,58,22,20,0,0.1250,0.6250,0.2500,0.5000,2,1,96,96,38.0,38.412,13,9,7,9,42
model,100,58,22,20,0,0.7500,1.0000,0.5000,0.6250,4,0,57,9,23.0,19.680,2,8,6,7,42
real,100,38,26,26,0,0.0000,0.3750,0.3750,0.3750,6,0,47,11,12.0,16.866,2,3,4,3,52
model,100,38,26,26,0,0.2500,0.6250,0.7500,0.7500,8,0,19,6,16.0,10.794,3,6,4,3,52
real,100,58,24,21,0,0.2500,0.2500,0.1250,0.1250,7,0,20,38,9.0,10.732,0,2,4,3,45
model,100,58,24,21,0,0.3750,0.6250,0.6250,0.8750,4,1,82,82,28.0,30.000,9,7,8,4,45
real,100,58,22,27,0,-0.1250,0.6250,0.5000,0.3750,7,0,22,32,7.0,10.495,2,3,0,2,49
model,100,58,22,27,0,-0.2500,0.6250,0.6250,0.5000,3,1,95,95,46.0,46.474,13,10,17,6,49
real,100,35,18,22,0,0.7500,0.7500,0.2500,0.6250,3,1,78,78,26.0,25.113,6,4,11,5,40
model,100,35,18,22,0,0.1250,0.8750,0.5000,0.3750,5,0,25,40,13.0,11.814,1,4,5,3,40
real,100,35,21,23,0,0.0000,0.8750,0.1250,0.5000,6,1,79,79,27.0,25.526,7,10,5,5,44
model,100,35,21,23,0,-0.6250,1.0000,0.6250,0.5000,4,1,67,67,24.0,22.907,9,7,4,4,44
real,100,35,27,28,0,0.3750,0.2500,0.5000,0.5000,5,1,19,19,20.0,19.268,3,8,5,4,55
model,100,35,27,28,0,0.1250,0.7500,0.5000,0.6250,4,0,10,73,32.0,32.227,9,10,5,8,55
real,100,35,25,24,1,0.5000,0.8750,0.6250,0.8750,9,1,30,30,7.0,9.979,1,1,3,2,49
model,100,35,25,24,1,-0.2500,0.7500,0.3750,0.0000,3,0,59,19,24.0,19.763,5,7,6,6,49
real,100,78,22,22,0,0.2500,0.2500,0.2500,0.5000,5,0,41,48,17.0,17.928,4,4,5,4,44
model,100,78,22,22,0,0.0000,0.5000,-0.1250,0.3750,4,0,6,57,16.0,16.928,4,5,3,4,44
real,100,78,21,26,0,0.2500,0.8750,0.5000,0.5000,6,0,8,24,18.0,17.876,1,6,7,4,47
model,100,78,21,26,0,0.3750,0.7500,0.2500,0.3750,7,1,37,37,14.0,11.722,6,2,1,5,47
real,100,78,23,25,0,0.6250,0.6250,0.5000,0.2500,4,0,20,65,23.0,22.113,7,10,4,2,48
model,100,78,23,25,0,0.1250,0.6250,0.3750,0.2500,1,1,100,100,48.0,48.000,11,15,13,9,48
real,100,78,24,24,0,0.0000,0.1250,0.5000,0.3750,2,1,63,63,27.0,24.990,5,9,6,7,48
model,100,78,24,24,0,0.2500,0.7500,0.3750,0.3750,1,1,100,100,48.0,48.000,9,9,17,13,48
real,100,57,20,22,1,0.0000,0.7500,0.3750,0.1250,8,1,53,53,16.0,15.732,4,3,5,4,42
model,100,57,20,22,1,0.1250,0.2500,0.5000,-0.3750,4,0,11,72,24.0,23.443,7,10,2,5,42
real,100,57,22,25,0,0.3750,0.8750,0.5000,0.7500,4,1,86,86,35.0,36.938,8,5,13,9,47
model,100,57,22,25,0,0.3750,0.5000,0.6250,0.2500,4,1,84,84,33.0,36.124,6,13,6,8,47
real,100,57,18,23,0,-0.3750,0.8750,0.5000,0.5000,5,1,60,60,12.0,13.268,3,1,4,4,41
model,100,57,18,23,0,0.2500,0.7500,0.2500,0.3750,3,0,79,8,28.0,27.670,2,12,9,5,41
real,100,43,24,25,0,0.1250,0.6250,0.6250,0.0000,5,0,18,64,19.0,20.701,6,2,5,6,49
model,100,43,24,25,0,-0.2500,0.3750,0.8750,0.7500,1,1,100,100,49.0,49.000,10,13,13,13,49
real,100,95,20,24,1,0.0000,0.5000,0.3750,0.6250,6,0,6,76,29.0,27.938,4,6,6,13,44
model,100,95,20,24,1,0.1250,1.0000,0.1250,0.2500,5,1,86,86,32.0,30.268,10,8,3,11,44
real,100,95,21,23,0,0.0000,0.3750,0.3750,0.5000,4,1,10,10,18.0,19.588,3,4,6,5,44
model,100,95,21,23,0,0.1250,0.6250,0.6250,0.5000,3,1,78,78,32.0,29.392,5,6,13,8,44
real,100,95,22,25,0,0.2500,0.6250,0.5000,0.2500,3,1,46,46,24.0,21.722,6,8,5,5,47
model,100,95,22,25,0,-0.2500,0.6250,0.3750,-0.1250,4,0,43,12,14.0,18.247,4,3,6,1,47
real,100,95,20,25,1,-0.3750,0.7500,0.2500,0.1250,5,0,54,18,17.0,16.278,6,4,5,2,45
model,100,95,20,25,1,0.0000,0.3750,0.6250,-0.1250,6,0,49,27,16.0,13.629,3,5,4,4,45
real,100,76,26,23,0,0.2500,0.5000,0.2500,0.3750,5,0,18,66,28.0,24.381,5,7,8,8,49
model,100,76,26,23,0,0.5000,0.5000,0.1250,0.3750,5,0,37,43,13.0,16.691,0,5,5,3,49
real,100,76,28,25,0,0.6250,0.8750,0.8750,0.7500,5,0,2,27,16.0,17.732,5,2,7,2,53
model,100,76,28,25,0,0.2500,0.7500,0.6250,0.0000,4,0,13,83,33.0,36.835,11,4,7,11,53
real,100,76,22,24,1,0.0000,0.7500,0.5000,0.7500,6,0,62,4,18.0,20.216,2,4,6,6,46
model,100,76,22,24,1,0.0000,0.8750,0.3750,0.8750,2,0,2,98,44.0,45.526,16,13,9,6,46
real,100,76,25,20,1,-0.1250,1.0000,0.1250,0.3750,5,1,47,47,19.0,18.041,6,2,7,4,45
model,100,76,25,20,1,-0.3750,0.6250,0.6250,0.0000,4,0,55,29,23.0,18.485,5,2,11,5,45
real,100,79,28,26,0,-0.3750,0.5000,0.2500,0.2500,5,0,11,62,22.0,21.928,4,6,8,4,54
model,100,79,28,26,0,0.1250,0.7500,0.2500,0.0000,4,1,76,76,30.0,30.619,6,6,8,10,54
real,100,79,26,27,1,-0.5000,0.3750,0.5000,-0.1250,5,1,72,72,33.0,28.031,6,5,16,6,53
model,100,79,26,27,1,0.2500,0.6250,0.7500,0.3750,2,1,97,97,49.0,48.515,8,18,15,8,53
real,100,79,23,22,0,-0.3750,0.6250,0.3750,0.2500,4,1,62,62,15.0,20.639,6,3,4,2,45
model,100,79,23,22,0,0.3750,0.3750,0.5000,0.2500,5,0,36,25,15.0,12.443,3,4,3,5,45
real,100,79,25,20,0,0.0000,0.5000,0.3750,0.5000,4,0,41,13,13.0,13.897,3,4,2,4,45
model,100,79,25,20,0,-0.2500,0.5000,1.0000,0.0000,6,1,76,76,26.0,28.144,6,4,10,6,45
real,100,57,25,33,0,-0.3750,0.5000,0.5000,0.1250,4,1,86,86,39.0,41.557,5,10,14,10,58
model,100,57,25,33,0,0.0000,0.6250,0.6250,0.2500,3,0,44,52,29.0,27.268,10,7,6,6,58
real,100,57,27,24,0,0.0000,0.3750,0.3750,0.2500,3,1,42,42,26.0,23.381,5,5,10,6,51
model,100,57,27,24,0,0.0000,0.5000,0.6250,0.5000,1,1,100,100,51.0,51.000,14,11,10,16,51
real,100,57,22,31,0,-0.3750,0.7500,0.1250,0.2500,5,1,69,69,23.0,24.598,7,3,7,6,53
model,100,57,22,31,0,0.3750,0.7500,0.6250,0.0000,3,1,93,93,45.0,47.381,11,14,10,10,53
real,100,57,25,23,0,-0.2500,0.6250,0.6250,0.5000,4,1,73,73,32.0,25.031,7,9,10,6,48
model,100,57,25,23,0,-0.1250,0.7500,0.3750,0.7500,4,0,13,56,17.0,17.361,3,1,8,5,48
real,100,15,22,23,0,0.0000,0.2500,0.5000,0.3750,4,0,60,26,22.0,19.918,4,8,5,5,45
model,100,15,22,23,0,-0.2500,0.7500,0.6250,0.2500,3,1,82,82,30.0,33.784,4,6,7,13,45
real,100,52,28,25,0,0.3750,1.0000,0.5000,0.2500,4,1,23,23,25.0,22.845,3,6,6,10,53
model,100,52,28,25,0,0.0000,0.8750,0.6250,0.6250,2,1,94,94,46.0,47.062,12,15,11,8,53
real,100,12,20,29,0,-0.1250,0.6250,0.5000,0.2500,6,0,36,45,20.0,16.320,1,6,9,4,49
model,100,12,20,29,0,-0.2500,0.6250,0.6250,0.6250,4,1,75,75,28.0,29.814,6,4,7,11,49
real,100,52,20,25,0,-0.1250,0.1250,0.7500,0.5000,7,1,46,46,13.0,13.495,5,2,3,3,45
model,100,52,20,25,0,0.2500,0.5000,0.7500,0.5000,4,1,85,85,35.0,33.371,11,11,9,4,45
real,100,59,20,27,0,-0.2500,0.7500,0.5000,0.1250,5,0,17,37,13.0,12.433,2,6,2,3,47
model,100,59,20,27,0,0.0000,0.5000,0.7500,0.5000,4,0,80,16,32.0,28.423,11,7,7,7,47
real,100,59,25,22,0,-0.1250,0.3750,0.5000,0.3750,4,0,30,25,11.0,12.433,3,1,5,2,47
model,100,59,25,22,0,0.1250,0.7500,0.3750,0.6250,3,1,31,31,16.0,18.216,6,4,4,2,47
real,100,59,25,25,1,0.0000,0.3750,0.3750,0.2500,3,1,96,96,48.0,46.990,10,10,14,14,50
model,100,59,25,25,1,0.1250,0.7500,0.5000,0.1250,5,1,78,78,34.0,32.918,5,11,10,8,50
real,100,59,20,29,0,-0.2500,0.8750,0.7500,0.7500,2,1,87,87,36.0,37.237,10,7,9,10,49
model,100,59,20,29,0,0.1250,0.8750,0.5000,0.1250,6,0,2,49,17.0,16.000,4,4,4,5,49
real,100,44,21,25,1,-0.1250,0.6250,0.3750,0.2500,5,0,58,14,19.0,20.082,2,5,7,5,46
model,100,44,21,25,1,0.2500,0.5000,0.6250,0.8750,5,0,19,55,17.0,16.907,7,6,3,1,46
real,100,46,23,26,0,-0.1250,0.6250,0.7500,-0.1250,2,1,80,80,31.0,32.918,10,3,9,9,49
model,100,46,23,26,0,-0.5000,0.6250,0.5000,0.3750,2,1,89,89,36.0,37.959,10,6,10,10,49
real,100,46,26,23,0,0.1250,0.7500,0.7500,0.1250,3,1,87,87,38.0,36.784,8,10,9,11,49
model,100,46,26,23,0,0.2500,0.5000,0.5000,0.3750,6,0,40,24,9.0,12.825,0,3,3,3,49
real,100,44,24,22,0,0.1250,0.6250,0.3750,0.3750,3,1,68,68,17.0,24.639,3,0,9,5,46
model,100,44,24,22,0,0.0000,0.6250,0.3750,0.6250,6,0,55,9,20.0,17.546,10,6,3,1,46
real,100,58,25,27,0,0.1250,0.5000,0.5000,0.6250,3,0,71,24,32.0,31.289,9,7,6,10,52
model,100,58,25,27,0,0.1250,0.5000,0.3750,0.5000,3,0,67,25,24.0,27.258,10,7,5,2,52
real,100,58,25,26,0,-0.1250,0.6250,0.1250,0.1250,4,0,52,9,20.0,19.979,7,6,4,3,51
model,100,58,25,26,0,0.1250,0.6250,0.6250,0.5000,6,0,50,11,14.0,16.649,3,4,2,5,51
real,100,22,23,28,0,1.0000,1.0000,1.0000,1.0000,5,1,25,25,11.0,12.680,1,5,5,0,51
model,100,22,23,28,0,0.2500,0.5000,0.5000,0.7500,2,1,81,81,35.0,34.206,11,7,11,6,51
real,100,58,26,23,0,-0.1250,0.5000,0.1250,0.3750,3,1,74,74,27.0,27.371,7,9,5,6,49
model,100,58,26,23,0,-0.1250,0.3750,0.5000,0.1250,3,1,81,81,36.0,33.237,7,10,10,9,49
real,100,45,22,23,0,-0.2500,0.6250,0.6250,0.8750,5,0,5,44,16.0,17.392,5,4,3,4,45
model,100,45,22,23,0,0.2500,0.6250,0.0000,0.1250,5,0,31,27,13.0,10.320,2,2,6,3,45
real,100,45,29,21,0,0.0000,0.7500,0.5000,0.3750,3,1,66,66,24.0,22.784,6,4,5,9,50
model,100,45,29,21,0,0.2500,0.5000,0.3750,0.2500,2,1,95,95,43.0,44.701,13,10,14,6,50
real,100,11,24,27,0,0.0000,0.3750,0.7500,0.3750,5,1,44,44,12.0,15.825,4,4,2,2,51
model,100,11,24,27,0,-0.1250,0.7500,0.3750,0.2500,6,0,25,19,15.0,14.866,4,5,3,3,51
real,100,45,22,22,0,1.0000,1.0000,1.0000,1.0000,5,1,74,74,26.0,25.608,10,8,2,6,44
model,100,45,22,22,0,0.5000,0.8750,0.6250,0.5000,7,1,51,51,11.0,11.268,4,2,4,1,44
real,100,73,26,24,0,0.6250,0.6250,0.5000,0.6250,4,1,81,81,35.0,35.000,5,10,9,11,50
model,100,73,26,24,0,0.2500,0.7500,0.6250,0.5000,5,0,23,16,14.0,12.433,3,5,2,4,50
real,100,73,23,25,0,-0.1250,0.6250,0.3750,0.3750,5,0,45,37,22.0,16.237,2,6,8,6,48
model,100,73,23,25,0,0.0000,0.6250,0.5000,0.0000,7,0,10,24,9.0,11.474,4,2,2,1,48
real,100,73,24,25,0,0.2500,0.3750,0.5000,0.3750,4,1,83,83,31.0,33.773,10,6,12,3,49
model,100,73,24,25,0,0.2500,0.5000,0.1250,0.2500,6,1,45,45,17.0,15.216,3,4,4,6,49
real,100,73,23,27,0,0.1250,0.6250,0.2500,0.1250,4,0,53,14,15.0,17.670,7,2,2,4,50
model,100,73,23,27,0,0.3750,0.6250,0.5000,0.6250,5,1,52,52,16.0,17.433,0,7,2,7,50
real,100,48,17,27,0,0.2500,0.7500,0.8750,0.3750,4,0,55,17,19.0,17.093,5,4,7,3,44
model,100,48,17,27,0,-0.1250,0.3750,0.3750,0.1250,3,1,58,58,18.0,20.371,2,7,7,2,44
real,100,48,23,23,1,-0.3750,0.6250,0.6250,0.2500,3,1,91,91,39.0,40.887,12,6,9,12,46
model,100,48,23,23,1,0.0000,0.3750,0.3750,0.3750,4,0,35,60,23.0,21.577,4,8,4,7,46
real,100,48,23,21,0,0.2500,0.7500,0.3750,0.6250,4,0,33,6,21.0,20.959,4,2,7,8,44
model,100,48,23,21,0,0.3750,0.5000,0.0000,0.0000,4,0,30,57,17.0,19.474,2,6,7,2,44
real,100,35,26,23,0,-0.1250,0.7500,1.0000,0.5000,4,0,2,34,14.0,15.649,4,4,4,2,49
model,100,35,26,23,0,0.1250,0.7500,0.2500,0.3750,3,0,55,43,20.0,23.639,7,7,4,2,49
real,100,59,24,22,0,0.5000,1.0000,0.2500,0.5000,2,1,97,97,43.0,43.629,11,11,12,9,46
model,100,59,24,22,0,-0.3750,0.5000,0.3750,0.7500,7,1,17,17,19.0,19.000,4,6,6,3,46
real,100,41,25,22,0,0.1250,0.6250,0.6250,0.5000,4,1,72,72,29.0,24.371,8,7,4,10,47
model,100,41,25,22,0,-0.3750,0.6250,0.2500,0.5000,2,1,71,71,27.0,26.763,5,11,6,5,47
real,100,59,24,25,0,0.6250,0.7500,0.7500,0.3750,5,1,80,80,34.0,30.577,7,5,15,7,49
model,100,59,24,25,0,-0.1250,0.8750,0.2500,0.3750,5,0,34,17,12.0,12.155,6,2,1,3,49
real,100,41,22,19,0,-0.2500,0.8750,0.7500,0.6250,6,1,69,69,21.0,21.825,4,4,6,7,41
model,100,41,22,19,0,0.1250,0.6250,0.3750,0.3750,4,1,54,54,14.0,14.701,2,6,3,3,41
real,100,75,25,23,0,0.7500,0.5000,0.3750,0.7500,2,1,98,98,47.0,47.010,8,8,13,18,48
model,100,75,25,23,0,0.0000,1.0000,0.8750,0.2500,3,1,32,32,23.0,24.639,7,6,5,5,48
real,100,75,26,21,0,0.1250,0.5000,0.2500,0.0000,6,0,6,19,13.0,9.876,2,7,4,0,47
model,100,75,26,21,0,-0.3750,0.5000,0.7500,0.3750,2,1,77,77,29.0,27.814,8,12,5,4,47
real,100,7,28,23,0,-0.2500,0.8750,0.3750,0.5000,6,0,36,5,12.0,12.866,1,2,4,5,51
model,100,7,28,23,0,-0.3750,0.1250,0.5000,0.2500,4,1,79,79,32.0,30.186,5,11,6,10,51
real,100,75,25,24,0,-0.3750,0.5000,0.3750,0.2500,2,0,34,66,26.0,26.722,4,3,11,8,49
model,100,75,25,24,0,-0.1250,1.0000,0.6250,0.5000,3,1,81,81,36.0,35.206,9,8,9,10,49
real,100,66,28,26,0,0.0000,0.7500,0.5000,0.2500,2,1,97,97,51.0,50.433,12,17,12,10,54
model,100,66,28,26,0,-0.2500,0.6250,0.3750,0.3750,5,1,75,75,27.0,29.062,5,9,6,7,54
real,100,66,26,26,0,0.0000,1.0000,0.3750,0.1250,4,0,38,53,20.0,20.639,5,2,4,9,52
model,100,66,26,26,0,0.1250,0.6250,0.3750,0.2500,4,0,19,61,19.0,22.371,1,4,6,8,52
real,100,66,27,26,0,-0.2500,0.5000,0.2500,-0.1250,4,0,42,48,22.0,21.052,3,2,9,8,53
model,100,66,27,26,0,0.2500,0.8750,0.5000,0.3750,3,0,52,44,29.0,23.969,8,11,7,3,53
real,100,66,27,25,0,0.5000,0.3750,0.7500,0.6250,5,0,32,2,13.0,12.588,3,3,5,2,52
model,100,66,27,25,0,0.0000,0.5000,0.6250,0.8750,5,1,75,75,28.0,29.918,6,11,7,4,52
real,100,42,22,27,0,0.2500,1.0000,0.1250,0.3750,3,0,20,46,20.0,17.464,6,5,6,3,49
model,100,42,22,27,0,0.0000,0.5000,0.2500,0.6250,5,1,38,38,15.0,18.866,3,2,5,5,49
real,100,42,26,22,0,0.2500,0.5000,0.7500,0.5000,3,0,59,3,23.0,24.742,7,3,9,4,48
model,100,42,26,22,0,-0.1250,0.8750,0.6250,0.5000,1,1,100,100,48.0,48.000,16,9,9,14,48
real,100,46,26,31,0,0.1250,0.8750,0.2500,0.2500,6,0,31,15,15.0,12.515,3,3,7,2,57
model,100,46,26,31,0,-0.1250,0.6250,0.6250,0.3750,5,1,74,74,34.0,32.082,9,8,9,8,57
real,100,46,28,23,0,-0.3750,0.3750,0.3750,0.5000,6,0,30,23,9.0,11.216,2,1,3,3,51
model,100,46,28,23,0,0.2500,0.7500,0.6250,0.5000,8,0,35,26,8.0,11.433,1,1,4,2,51
real,100,28,23,25,0,-0.1250,0.5000,0.2500,0.1250,4,0,21,42,14.0,14.866,4,3,2,5,48
model,100,28,23,25,0,0.2500,0.6250,0.7500,0.3750,5,0,35,56,19.0,19.928,3,7,3,6,48
real,100,53,25,20,0,-0.2500,0.5000,0.5000,0.2500,4,1,52,52,17.0,16.454,3,4,4,6,45
model,100,53,25,20,0,-0.5000,0.8750,0.3750,0.5000,5,0,51,19,12.0,13.670,2,4,3,3,45
real,100,53,27,25,0,0.6250,0.8750,0.6250,0.5000,2,1,38,38,27.0,28.144,5,6,11,5,52
model,100,53,27,25,0,0.0000,0.5000,0.1250,-0.1250,3,0,27,52,14.0,19.536,1,4,6,3,52
real,100,53,23,24,0,0.0000,0.5000,0.6250,0.2500,5,1,73,73,22.0,26.598,5,6,5,6,47
model,100,53,23,24,0,-0.1250,0.7500,0.1250,0.5000,3,1,78,78,30.0,29.763,6,7,10,7,47
real,100,88,26,20,0,0.1250,0.2500,0.3750,0.2500,3,1,45,45,25.0,21.649,7,3,8,7,46
model,100,88,26,20,0,-0.3750,0.7500,0.5000,0.3750,4,0,46,3,21.0,21.289,3,8,6,4,46
real,100,88,19,25,0,-0.2500,0.7500,0.6250,0.3750,4,1,83,83,26.0,24.670,11,6,4,5,44
model,100,88,19,25,0,0.0000,0.6250,0.1250,-0.1250,2,1,98,98,42.0,42.124,8,9,12,13,44
real,100,88,20,23,0,0.2500,0.8750,0.5000,0.6250,3,0,42,46,21.0,16.082,6,3,8,4,43
model,100,88,20,23,0,0.6250,0.8750,0.3750,0.1250,4,1,60,60,18.0,18.485,5,4,3,6,43
real,100,88,22,22,1,1.0000,1.0000,1.0000,1.0000,4,1,94,94,39.0,39.423,9,9,11,10,44
model,100,88,22,22,1,1.0000,1.0000,1.0000,1.0000,5,1,34,34,12.0,10.567,5,0,2,5,44
real,100,60,23,24,0,0.3750,0.2500,0.5000,0.1250,4,0,28,45,18.0,15.680,6,3,6,3,47
model,100,60,23,24,0,-0.1250,0.2500,0.3750,0.3750,3,1,79,79,29.0,28.876,4,11,9,5,47
real,100,34,25,18,1,0.0000,0.8750,0.1250,0.5000,5,0,25,22,15.0,14.515,3,1,9,2,43
model,100,34,25,18,1,0.2500,0.2500,0.2500,0.3750,2,1,89,89,33.0,32.639,5,12,10,6,43
real,100,60,23,20,0,0.0000,0.7500,0.3750,-0.2500,6,0,29,32,9.0,8.835,2,3,4,0,43
model,100,60,23,20,0,-0.6250,0.8750,0.7500,0.5000,5,0,14,55,14.0,14.041,3,5,3,3,43
real,100,60,23,23,0,-0.2500,0.8750,0.3750,-0.2500,4,0,81,7,32.0,32.216,11,6,8,7,46
model,100,60,23,23,0,0.5000,0.7500,0.0000,0.6250,7,0,27,13,17.0,15.093,4,5,3,5,46
real,100,91,22,24,0,0.0000,1.0000,0.6250,0.3750,7,0,50,5,8.0,13.856,1,1,1,5,46
model,100,91,22,24,0,0.3750,0.8750,0.5000,0.2500,6,0,11,15,20.0,21.237,6,8,3,3,46
real,100,91,21,24,0,-0.1250,0.3750,0.5000,0.0000,4,0,57,7,17.0,19.928,4,5,4,4,45
model,100,91,21,24,0,0.3750,0.7500,0.7500,0.2500,3,0,32,64,22.0,23.485,7,2,6,7,45
real,100,91,24,22,0,-0.1250,0.5000,0.3750,0.6250,3,0,88,8,35.0,34.948,7,9,8,11,46
model,100,91,24,22,0,0.6250,0.6250,0.5000,0.2500,3,0,76,22,28.0,28.412,11,4,7,6,46
real,100,91,20,20,1,0.5000,0.7500,0.5000,0.2500,5,0,58,31,19.0,18.907,6,5,5,3,40
model,100,91,20,20,1,-0.2500,0.6250,0.6250,0.6250,4,1,43,43,15.0,13.711,3,6,3,3,40
real,100,31,24,25,0,-0.3750,0.6250,0.3750,0.2500,4,1,59,59,19.0,19.608,3,4,7,5,49
model,100,31,24,25,0,0.3750,0.7500,0.3750,0.3750,5,0,63,6,21.0,25.474,4,4,11,2,49
real,100,32,25,24,0,0.1250,0.6250,0.0000,0.6250,7,0,5,15,6.0,9.887,2,3,0,1,49
model,100,32,25,24,0,0.2500,0.5000,0.6250,-0.2500,6,0,8,54,23.0,17.454,4,4,10,5,49
real,100,30,20,22,1,0.1250,0.3750,0.2500,0.7500,3,1,86,86,34.0,32.227,8,6,10,10,42
model,100,30,20,22,1,-0.2500,1.0000,0.5000,0.2500,4,1,66,66,21.0,21.804,4,4,5,8,42
real,100,31,23,22,0,0.3750,0.8750,0.7500,0.3750,5,1,71,71,21.0,20.557,8,3,7,3,45
model,100,31,23,22,0,0.2500,0.8750,0.1250,0.2500,8,0,16,47,16.0,12.454,4,7,2,3,45
real,100,71,20,24,0,-0.2500,0.6250,0.0000,0.3750,4,0,64,30,19.0,22.330,5,4,5,5,44
model,100,71,20,24,0,0.0000,0.5000,0.2500,0.6250,5,1,66,66,22.0,21.093,5,5,7,5,44
real,100,71,24,23,0,0.2500,0.5000,0.5000,0.2500,4,0,67,5,24.0,24.175,5,3,9,7,47
model,100,71,24,23,0,-0.2500,0.3750,0.3750,0.5000,4,0,30,24,18.0,13.567,6,2,7,3,47
real,100,71,24,23,0,0.5000,0.5000,0.3750,0.2500,6,0,29,40,11.0,13.464,1,3,4,3,47
model,100,71,24,23,0,0.1250,0.6250,0.5000,0.6250,3,0,79,17,33.0,30.670,8,6,11,8,47
real,100,71,21,25,0,0.0000,0.3750,1.0000,0.0000,3,0,3,63,22.0,23.072,6,5,6,5,46
model,100,71,21,25,0,-0.5000,0.5000,0.5000,0.2500,6,0,40,47,14.0,16.505,4,5,2,3,46
real,100,69,26,26,0,0.1250,0.7500,0.6250,0.7500,4,0,77,9,30.0,36.825,11,8,5,6,52
model,100,69,26,26,0,0.2500,0.2500,0.2500,0.3750,1,1,100,100,52.0,52.000,12,14,14,12,52
real,100,69,24,26,0,0.0000,0.8750,0.7500,0.7500,3,1,93,93,46.0,44.588,13,7,10,16,50
model,100,69,24,26,0,1.0000,1.0000,1.0000,1.0000,3,1,91,91,43.0,41.907,15,12,11,5,50
real,100,69,27,24,0,-0.2500,0.5000,0.0000,0.7500,4,0,4,71,26.0,26.732,8,5,6,7,51
model,100,69,27,24,0,0.1250,0.0000,0.3750,0.6250,6,0,51,36,21.0,17.835,5,6,5,5,51
real,100,69,24,25,0,0.0000,0.7500,0.6250,0.2500,2,1,96,96,44.0,43.268,15,12,8,9,49
model,100,69,24,25,0,0.0000,0.3750,0.7500,0.0000,4,0,66,5,31.0,25.485,11,3,11,6,49
real,100,75,24,22,0,0.0000,0.3750,0.5000,0.2500,5,0,15,37,11.0,11.794,3,3,3,2,46
model,100,75,24,22,0,0.2500,0.7500,0.3750,0.5000,2,1,97,97,44.0,43.629,14,15,5,10,46
real,100,75,24,22,0,-0.3750,0.7500,0.7500,0.7500,3,1,76,76,30.0,26.670,6,10,10,4,46
model,100,75,24,22,0,0.7500,0.5000,0.2500,0.2500,3,0,30,56,14.0,19.278,3,3,7,1,46
real,100,75,23,25,0,0.2500,0.6250,0.3750,0.7500,5,1,54,54,22.0,19.856,4,6,6,6,48
model,100,75,23,25,0,-0.1250,0.2500,0.3750,0.7500,2,1,96,96,45.0,45.093,10,15,8,12,48
real,100,75,24,26,0,0.3750,0.7500,0.3750,-0.1250,3,1,88,88,40.0,41.381,8,10,12,10,50
model,100,75,24,26,0,0.0000,0.5000,0.3750,0.5000,3,1,64,64,24.0,25.340,5,8,6,5,50
real,100,54,27,25,0,0.3750,0.8750,0.3750,0.0000,6,0,2,78,32.0,32.155,8,8,6,10,52
model,100,54,27,25,0,-0.3750,0.7500,0.5000,0.7500,3,1,76,76,27.0,32.165,6,5,8,8,52
real,100,14,25,26,0,0.0000,0.8750,0.5000,0.2500,4,0,48,20,18.0,15.258,5,2,7,4,51
model,100,14,25,26,0,0.2500,0.3750,0.7500,0.6250,5,1,64,64,22.0,26.361,6,4,8,4,51
real,100,54,30,24,1,0.1250,0.6250,0.7500,0.3750,8,1,55,55,18.0,18.814,5,4,4,5,54
model,100,54,30,24,1,-0.1250,0.1250,0.6250,0.1250,3,1,93,93,46.0,46.485,16,14,8,8,54
real,100,54,21,23,0,0.2500,0.6250,0.2500,-0.1250,2,1,96,96,39.0,38.474,10,11,10,8,44
model,100,54,21,23,0,0.5000,0.6250,0.6250,0.5000,4,0,58,17,20.0,19.423,3,3,7,7,44
real,100,68,28,27,0,0.2500,0.8750,0.5000,0.6250,4,1,87,87,41.0,38.546,5,8,14,14,55
model,100,68,28,27,0,0.3750,0.8750,0.5000,0.6250,5,1,38,38,26.0,23.577,6,7,7,6,55
real,100,25,24,24,1,-0.3750,0.3750,0.5000,0.8750,8,0,23,40,10.0,11.794,2,1,5,2,48
model,100,25,24,24,1,0.0000,0.5000,0.3750,0.1250,3,1,82,82,34.0,33.361,11,10,5,8,48
real,100,68,24,22,1,1.0000,1.0000,1.0000,1.0000,7,1,27,27,12.0,10.330,2,4,2,4,46
model,100,68,24,22,1,0.3750,0.7500,0.3750,0.3750,4,0,20,73,24.0,24.062,5,8,4,7,46
real,100,68,23,19,0,0.3750,1.0000,0.7500,0.7500,4,1,61,61,17.0,19.443,2,4,5,6,42
model,100,68,23,19,0,-0.2500,0.5000,0.3750,0.2500,8,0,26,8,6.0,7.598,2,3,0,1,42
real,100,55,24,28,0,0.0000,0.8750,0.3750,0.5000,3,1,46,46,20.0,17.165,5,2,6,7,52
model,100,55,24,28,0,0.2500,0.8750,0.6250,0.1250,3,0,42,5,25.0,24.144,3,5,12,5,52
real,100,55,22,21,1,-0.2500,0.5000,0.7500,0.1250,4,0,60,30,20.0,20.515,7,3,6,4,43
model,100,55,22,21,1,0.0000,0.3750,0.7500,0.3750,5,0,71,17,24.0,22.763,6,10,3,5,43
real,100,55,26,27,0,-0.2500,0.6250,0.8750,0.1250,4,1,75,75,34.0,35.392,8,13,7,6,53
model,100,55,26,27,0,0.1250,0.5000,0.8750,0.5000,2,1,96,96,51.0,48.959,16,12,8,15,53
real,100,55,25,26,1,0.5000,0.8750,0.6250,0.2500,7,0,2,36,22.0,15.010,7,7,6,2,51
model,100,55,25,26,1,-0.3750,0.5000,0.3750,0.1250,4,0,70,24,27.0,28.969,7,8,6,6,51
real,100,38,25,21,1,0.6250,0.5000,0.5000,0.1250,4,1,91,91,41.0,38.237,9,4,20,8,46
model,100,38,25,21,1,-0.1250,0.6250,0.1250,0.6250,5,1,42,42,13.0,13.247,3,4,3,3,46
real,100,53,21,29,0,-0.3750,0.3750,0.3750,0.2500,6,0,14,67,26.0,22.794,5,6,10,5,50
model,100,53,21,29,0,0.1250,0.2500,-0.1250,0.5000,5,0,17,36,11.0,15.082,4,2,2,3,50
real,100,53,24,22,0,0.0000,0.7500,0.2500,0.3750,3,0,13,85,33.0,33.320,9,9,6,9,46
model,100,53,24,22,0,0.0000,0.8750,0.0000,0.5000,7,0,4,58,14.0,16.918,4,5,2,3,46
real,100,53,22,23,1,-0.3750,0.3750,0.6250,0.5000,4,1,72,72,21.0,23.196,5,7,5,4,45
model,100,53,22,23,1,0.0000,0.7500,0.5000,0.8750,4,0,63,27,25.0,20.814,3,8,10,4,45
real,100,89,23,21,1,0.2500,0.7500,0.7500,0.7500,5,1,80,80,31.0,28.392,8,5,9,9,44
model,100,89,23,21,1,0.3750,0.6250,0.2500,0.7500,3,1,46,46,16.0,18.227,3,6,3,4,44
real,100,89,29,21,1,-0.1250,0.6250,0.6250,0.7500,7,0,47,34,21.0,17.144,4,4,6,7,50
model,100,89,29,21,1,-0.5000,0.6250,0.3750,0.7500,2,1,97,97,48.0,46.557,12,11,14,11,50
real,100,89,24,22,0,0.0000,0.6250,0.5000,0.5000,4,1,46,46,17.0,15.546,4,4,6,3,46
model,100,89,24,22,0,-0.3750,1.0000,0.7500,0.6250,3,1,85,85,34.0,32.680,10,7,8,9,46
real,100,89,25,20,0,0.0000,1.0000,0.3750,0.5000,4,0,33,36,14.0,13.268,5,4,4,1,45
model,100,89,25,20,0,0.1250,0.8750,0.6250,0.6250,3,0,12,36,27.0,19.515,9,3,6,9,45
real,100,98,24,24,0,0.0000,0.8750,0.6250,0.3750,4,1,81,81,29.0,32.732,6,7,10,6,48
model,100,98,24,24,0,-0.3750,0.7500,0.5000,0.1250,1,1,100,100,48.0,48.000,14,14,13,7,48
real,100,98,26,25,0,-0.1250,0.6250,0.2500,0.7500,3,0,37,47,16.0,18.918,5,5,6,0,51
model,100,98,26,25,0,0.2500,0.8750,0.5000,-0.1250,3,0,25,66,24.0,26.536,6,5,8,5,51
real,100,98,25,21,0,-0.3750,0.6250,0.2500,0.5000,2,1,93,93,40.0,39.216,13,12,11,4,46
model,100,98,25,21,0,-0.1250,0.7500,0.5000,0.1250,4,0,35,35,16.0,14.330,2,2,4,8,46
real,100,98,21,23,0,0.2500,0.6250,0.8750,0.5000,4,1,78,78,23.0,27.567,8,4,3,8,44
model,100,98,21,23,0,-0.1250,0.5000,0.6250,0.7500,2,1,98,98,43.0,42.124,12,12,9,10,44
real,100,96,26,21,0,0.6250,0.5000,0.8750,0.3750,5,0,12,8,17.0,16.000,1,5,4,7,47
model,100,96,26,21,0,0.3750,0.7500,0.8750,0.2500,6,0,5,33,9.0,10.299,1,3,3,2,47
real,100,96,23,21,0,0.0000,0.6250,0.8750,0.5000,6,0,56,17,21.0,17.000,7,7,4,3,44
model,100,96,23,21,0,-0.2500,0.5000,0.3750,0.5000,4,1,84,84,32.0,33.753,9,7,10,6,44
real,100,96,26,26,0,0.6250,0.5000,0.5000,0.8750,2,1,66,66,24.0,30.371,6,5,7,6,52
model,100,96,26,26,0,0.3750,0.7500,0.6250,0.5000,4,1,68,68,27.0,26.351,6,6,8,7,52
real,100,96,30,23,0,0.0000,0.6250,0.5000,0.2500,1,1,100,100,53.0,53.000,17,14,7,15,53
model,100,96,30,23,0,0.6250,0.8750,1.0000,0.6250,5,0,66,4,25.0,23.598,5,3,10,7,53
real,100,12,22,24,0,0.1250,0.8750,0.3750,0.6250,5,1,45,45,12.0,15.557,1,6,2,3,46
model,100,12,22,24,0,0.1250,0.6250,0.5000,0.1250,4,1,33,33,9.0,13.619,1,2,1,5,46
real,100,47,28,26,0,0.0000,0.5000,0.5000,0.1250,2,1,95,95,49.0,48.495,12,18,11,8,54
model,100,47,28,26,0,0.0000,0.3750,0.3750,0.3750,5,0,18,3,14.0,14.804,4,3,5,2,54
real,100,27,15,25,0,0.3750,1.0000,0.8750,0.6250,6,1,50,50,10.0,10.887,3,3,2,2,40
model,100,27,15,25,0,0.5000,1.0000,0.5000,0.3750,5,0,36,45,14.0,12.536,2,5,2,5,40
real,100,47,25,24,0,0.0000,0.7500,0.3750,0.2500,2,0,34,66,34.0,26.392,6,5,8,15,49
model,100,47,25,24,0,0.1250,1.0000,0.5000,0.7500,5,0,4,63,20.0,21.381,4,4,8,4,49
real,100,29,27,28,0,0.2500,0.3750,0.5000,0.2500,7,1,70,70,29.0,28.392,8,3,8,10,55
model,100,29,27,28,0,0.1250,0.6250,0.2500,0.7500,5,0,9,55,19.0,17.979,4,3,5,7,55
real,100,30,26,25,0,0.0000,0.2500,1.0000,0.5000,5,1,71,71,26.0,30.546,6,11,5,4,51
model,100,30,26,25,0,0.0000,0.5000,-0.1250,0.5000,3,1,92,92,43.0,46.794,9,6,16,12,51
real,100,38,24,22,0,0.5000,0.7500,0.3750,0.7500,2,1,94,94,40.0,39.608,11,9,11,9,46
model,100,38,24,22,0,0.1250,0.5000,0.8750,0.2500,5,1,48,48,12.0,14.887,2,4,1,5,46
real,100,30,23,25,0,0.6250,0.6250,0.1250,0.2500,5,0,19,30,15.0,14.474,5,4,4,2,48
model,100,30,23,25,0,0.0000,0.8750,0.5000,0.3750,8,0,8,18,12.0,17.918,3,1,5,3,48
real,100,47,24,22,0,1.0000,1.0000,1.0000,1.0000,3,1,31,31,22.0,23.722,5,6,7,4,46
model,100,47,24,22,0,-0.1250,0.6250,0.3750,0.5000,4,1,26,26,27.0,18.660,10,7,4,6,46
real,100,34,21,21,0,0.8750,0.6250,0.2500,0.3750,4,0,68,6,21.0,20.969,1,6,6,8,42
model,100,34,21,21,0,0.1250,0.5000,0.2500,-0.3750,4,0,38,55,18.0,19.103,4,3,5,6,42
real,100,47,25,26,0,0.0000,0.5000,0.3750,0.3750,4,1,27,27,13.0,16.402,2,5,4,2,51
model,100,47,25,26,0,0.0000,0.6250,0.3750,0.1250,4,1,76,76,34.0,30.000,6,13,4,11,51
real,100,34,27,22,0,0.0000,0.5000,0.2500,0.2500,4,1,84,84,38.0,32.464,11,9,11,7,49
model,100,34,27,22,0,0.0000,0.3750,0.3750,0.2500,4,1,84,84,31.0,34.082,3,8,8,12,49
real,100,18,24,21,0,0.2500,0.3750,0.2500,0.0000,2,0,83,17,34.0,32.134,8,8,12,6,45
model,100,18,24,21,0,-0.1250,0.2500,0.1250,0.5000,4,1,80,80,31.0,30.464,11,9,5,6,45
real,100,41,24,21,1,0.2500,0.5000,0.8750,0.7500,5,0,43,33,14.0,15.464,4,4,5,1,45
model,100,41,24,21,1,0.0000,0.6250,0.6250,0.3750,4,1,63,63,20.0,20.742,4,4,8,4,45
real,100,18,21,24,0,0.0000,0.6250,0.1250,0.1250,5,0,73,6,25.0,22.206,3,9,2,11,45
model,100,18,21,24,0,-0.1250,0.3750,0.1250,0.2500,4,1,92,92,38.0,39.495,6,8,15,9,45
real,100,41,23,27,0,-0.2500,0.2500,0.5000,0.2500,2,1,76,76,33.0,34.021,4,12,9,8,50
model,100,41,23,27,0,0.1250,0.7500,0.8750,0.3750,4,0,4,71,32.0,26.918,6,7,4,15,50
real,100,44,25,20,2,0.1250,0.3750,0.2500,0.0000,5,1,85,85,40.0,34.227,5,10,14,11,45
model,100,44,25,20,2,-0.1250,0.7500,0.6250,0.7500,5,1,48,48,15.0,14.526,2,7,3,3,45
real,100,44,27,22,0,0.0000,0.6250,0.6250,0.5000,4,0,24,63,27.0,20.423,8,8,7,4,49
model,100,44,27,22,0,0.5000,0.6250,0.7500,0.5000,3,1,51,51,20.0,18.216,6,3,6,5,49
real,100,49,23,25,0,0.0000,0.6250,0.8750,0.2500,3,1,91,91,39.0,40.124,8,9,8,14,48
model,100,49,23,25,0,0.0000,0.5000,0.5000,0.1250,7,0,9,46,12.0,12.701,4,0,6,2,48
real,100,44,23,23,0,0.5000,0.2500,0.5000,0.3750,3,1,91,91,36.0,37.381,11,8,7,10,46
model,100,44,23,23,0,0.1250,0.7500,0.3750,0.3750,5,0,64,23,26.0,21.392,5,7,12,2,46
real,100,97,26,25,0,0.2500,0.5000,0.0000,0.1250,3,1,70,70,24.0,27.124,2,3,10,9,51
model,100,97,26,25,0,-0.1250,0.6250,0.5000,0.3750,3,0,38,56,23.0,25.103,6,6,2,9,51
real,100,97,28,26,0,-0.1250,0.6250,-0.1250,0.5000,7,0,7,7,9.0,12.835,2,5,1,1,54
model,100,97,28,26,0,0.1250,1.0000,0.2500,0.3750,4,0,15,13,14.0,16.536,4,2,3,5,54
real,100,97,29,22,0,-0.1250,0.5000,0.7500,0.5000,2,0,82,18,36.0,34.144,12,10,7,7,51
model,100,97,29,22,0,0.2500,0.6250,0.2500,0.0000,7,0,15,16,10.0,11.660,1,7,2,0,51
real,100,97,25,23,0,0.0000,0.6250,0.8750,0.2500,5,0,21,14,10.0,12.907,1,3,5,1,48
model,100,97,25,23,0,0.2500,0.6250,0.5000,0.3750,6,1,34,34,14.0,12.124,4,4,2,4,48
real,100,38,17,26,1,0.2500,0.8750,0.5000,0.3750,5,0,33,37,15.0,13.536,3,6,3,3,43
model,100,38,17,26,1,-0.2500,0.7500,0.5000,0.3750,4,0,16,78,26.0,28.990,5,9,5,7,43
real,100,28,22,21,1,0.5000,0.7500,0.6250,0.2500,4,1,48,48,20.0,16.732,6,7,3,4,43
model,100,28,22,21,1,0.1250,0.6250,0.6250,0.5000,4,0,81,11,31.0,30.608,7,4,11,9,43
real,100,38,24,25,0,-0.1250,0.8750,0.5000,0.2500,1,1,100,100,49.0,49.000,13,13,6,17,49
model,100,38,24,25,0,0.1250,0.8750,0.7500,0.3750,5,0,31,28,12.0,13.711,2,4,4,2,49
real,100,28,26,20,0,0.2500,0.2500,0.8750,0.3750,3,1,96,96,42.0,41.258,9,10,6,17,46
model,100,28,26,20,0,0.3750,1.0000,0.5000,0.5000,4,0,70,4,24.0,25.608,7,6,4,7,46
real,100,100,19,28,0,0.0000,0.6250,0.6250,-0.1250,3,1,75,75,33.0,30.598,9,11,6,7,47
model,100,100,19,28,0,-0.2500,1.0000,0.2500,0.3750,9,0,70,8,20.0,23.031,7,3,3,7,47
real,100,100,24,23,1,0.1250,0.2500,0.3750,0.0000,5,1,48,48,12.0,14.381,1,1,4,6,47
model,100,100,24,23,1,0.2500,0.6250,0.5000,0.1250,3,1,94,94,40.0,44.093,16,11,5,8,47
real,100,100,22,22,0,-0.2500,0.3750,0.3750,0.2500,3,0,11,86,32.0,31.701,6,14,4,8,44
model,100,100,22,22,0,-0.1250,0.2500,0.1250,0.3750,5,1,77,77,25.0,27.680,6,7,5,7,44
real,100,100,26,20,0,-0.1250,0.8750,0.6250,0.1250,6,1,85,85,32.0,33.227,6,8,10,8,46
model,100,100,26,20,0,0.1250,0.5000,0.3750,0.2500,7,0,5,27,10.0,12.000,3,2,2,3,46
real,100,65,24,23,0,1.0000,1.0000,1.0000,1.0000,3,1,44,44,15.0,21.052,4,2,7,2,47
model,100,65,24,23,0,-0.2500,0.5000,0.3750,0.1250,4,0,22,60,18.0,20.010,5,7,2,4,47
real,100,65,21,22,0,-0.1250,0.7500,0.5000,0.2500,2,0,78,22,28.0,27.918,5,10,9,4,43
model,100,65,21,22,0,0.0000,0.7500,0.5000,-0.2500,7,0,20,27,8.0,10.598,2,2,1,3,43
real,100,65,22,26,0,0.2500,0.7500,0.6250,0.3750,7,1,77,77,33.0,27.082,12,10,8,3,48
model,100,65,22,26,0,0.0000,0.7500,0.3750,0.5000,4,0,85,5,39.0,36.289,14,4,10,11,48
real,100,65,23,22,0,0.5000,0.8750,0.5000,0.5000,4,1,61,61,27.0,22.206,7,5,6,9,45
model,100,65,23,22,0,0.0000,0.6250,0.5000,0.5000,6,0,33,17,15.0,10.464,5,2,1,7,45
real,100,93,23,23,1,0.5000,0.6250,0.1250,-0.3750,4,1,68,68,23.0,22.093,10,3,8,2,46
model,100,93,23,23,1,0.3750,0.5000,0.5000,0.6250,3,1,93,93,43.0,40.876,9,13,5,16,46
real,100,93,27,24,0,-0.1250,0.5000,0.1250,0.2500,4,1,64,64,24.0,23.515,6,6,9,3,51
model,100,93,27,24,0,0.1250,0.5000,0.5000,0.1250,3,0,70,25,29.0,28.134,7,7,7,8,51
real,100,93,29,21,0,-0.3750,0.3750,0.3750,0.5000,3,0,72,20,23.0,28.351,8,7,5,3,50
model,100,93,29,21,0,-0.2500,0.6250,0.5000,0.1250,4,1,64,64,28.0,22.794,12,7,8,1,50
real,100,93,22,29,0,0.8750,0.7500,0.3750,0.3750,5,0,63,8,24.0,24.165,5,4,5,10,51
model,100,93,22,29,0,0.3750,0.7500,0.7500,0.6250,4,0,60,2,23.0,20.443,5,9,6,3,51
real,100,42,26,24,0,-0.2500,0.5000,0.5000,0.1250,3,1,83,83,37.0,37.515,12,13,4,8,50
model,100,42,26,24,0,0.5000,1.0000,0.2500,0.6250,5,1,77,77,28.0,33.227,8,4,7,9,50
real,100,42,22,21,0,-0.2500,1.0000,0.6250,0.5000,3,1,80,80,29.0,29.186,5,8,8,8,43
model,100,42,22,21,0,0.1250,0.8750,0.3750,0.5000,4,1,52,52,15.0,18.093,2,4,5,4,43
real,100,42,20,23,0,-0.1250,0.7500,0.1250,0.2500,2,1,95,95,41.0,38.969,14,13,9,5,43
model,100,42,20,23,0,0.0000,0.8750,0.5000,0.7500,4,0,22,72,27.0,26.021,6,9,6,6,43
real,100,42,26,15,0,0.1250,0.6250,0.6250,0.2500,3,0,10,86,30.0,30.753,6,10,7,7,41
model,100,42,26,15,0,1.0000,1.0000,1.0000,1.0000,8,0,13,3,11.0,13.845,3,4,4,0,41
real,100,37,25,23,0,0.0000,1.0000,0.5000,0.5000,5,0,3,14,19.0,15.320,5,4,6,4,48
model,100,37,25,23,0,0.2500,1.0000,0.5000,0.6250,4,1,20,20,25.0,21.010,4,7,7,7,48
real,100,37,20,28,0,0.2500,0.3750,0.5000,0.3750,5,0,20,55,17.0,18.402,6,6,3,2,48
model,100,37,20,28,0,0.1250,0.2500,0.1250,0.5000,4,0,31,57,20.0,19.567,6,3,7,4,48
real,100,37,22,22,1,0.2500,0.3750,0.5000,0.2500,7,0,75,4,21.0,23.289,7,7,4,3,44
model,100,37,22,22,1,0.0000,0.3750,0.6250,0.1250,3,0,72,26,23.0,26.299,3,5,8,7,44
real,100,26,24,24,0,-0.3750,0.2500,0.7500,0.5000,2,1,97,97,46.0,45.567,10,13,12,11,48
model,100,26,24,24,0,-0.1250,0.6250,0.8750,0.1250,3,1,70,70,24.0,22.722,7,4,5,8,48
real,100,66,26,24,0,0.8750,1.0000,0.8750,0.7500,2,1,87,87,38.0,40.330,10,12,12,4,50
model,100,66,26,24,0,0.2500,0.7500,0.3750,0.3750,5,0,60,18,23.0,19.299,6,7,6,4,50
real,100,66,25,23,0,0.0000,1.0000,0.5000,0.6250,3,1,94,94,41.0,41.340,10,9,12,10,48
model,100,66,25,23,0,0.0000,0.6250,0.2500,0.0000,5,0,35,29,12.0,12.216,3,4,5,0,48
real,100,66,24,26,0,-0.1250,0.7500,0.3750,0.5000,1,1,100,100,50.0,50.000,9,9,19,13,50
model,100,66,24,26,0,0.1250,0.8750,0.7500,0.5000,6,0,33,20,16.0,11.825,5,6,5,0,50
real,100,66,28,22,0,-0.1250,0.7500,0.6250,0.5000,5,1,69,69,28.0,25.990,8,10,4,6,50
model,100,66,28,22,0,0.5000,0.6250,0.2500,0.0000,5,0,15,68,25.0,21.216,7,5,9,4,50
real,100,59,24,18,0,-0.1250,0.7500,0.7500,0.3750,2,1,97,97,40.0,39.753,11,13,11,5,42
model,100,59,24,18,0,0.2500,0.7500,0.8750,0.6250,2,1,95,95,38.0,37.113,11,10,8,9,42
real,100,59,23,24,0,0.5000,0.8750,0.6250,0.6250,5,0,31,52,20.0,17.299,8,2,5,5,47
model,100,59,23,24,0,-0.3750,0.7500,0.2500,0.6250,4,1,35,35,10.0,14.165,2,6,1,1,47
real,100,59,23,20,1,0.3750,0.2500,0.3750,0.3750,4,0,71,20,19.0,21.835,4,5,7,3,43
model,100,59,23,20,1,-0.1250,0.8750,0.8750,1.0000,7,0,3,2,13.0,11.711,3,2,4,4,43
real,100,59,23,23,0,0.6250,0.7500,0.3750,0.3750,4,0,66,2,19.0,19.608,2,5,6,6,46
model,100,59,23,23,0,0.1250,0.5000,0.6250,0.3750,3,0,17,52,14.0,18.454,4,3,4,3,46
real,100,72,24,24,0,1.0000,1.0000,1.0000,1.0000,4,1,91,91,37.0,40.000,15,8,6,8,48
model,100,72,24,24,0,-0.1250,0.2500,0.6250,0.2500,4,1,23,23,20.0,24.186,6,3,3,8,48
real,100,72,23,26,0,0.1250,1.0000,0.5000,0.2500,4,1,88,88,38.0,40.423,3,13,12,10,49
model,100,72,23,26,0,0.0000,0.6250,0.5000,0.2500,9,0,27,13,10.0,7.907,5,1,1,3,49
real,100,72,22,23,1,0.0000,0.6250,0.5000,0.6250,7,0,41,18,10.0,9.845,3,4,2,1,45
model,100,72,22,23,1,0.1250,0.6250,0.0000,0.3750,6,0,20,9,9.0,9.845,2,0,3,4,45
real,100,72,23,20,1,-0.1250,0.3750,0.3750,0.1250,7,1,62,62,18.0,17.113,4,2,4,8,43
model,100,72,23,20,1,0.1250,0.8750,0.8750,0.8750,5,0,2,37,14.0,15.474,1,2,8,3,43
real,100,67,25,23,0,0.1250,0.5000,0.5000,0.2500,4,1,52,52,20.0,17.093,7,5,6,2,48
model,100,67,25,23,0,0.3750,0.8750,0.6250,0.1250,5,0,17,71,29.0,26.680,7,8,7,7,48
real,100,67,26,24,0,0.0000,0.7500,0.5000,0.5000,4,1,87,87,34.0,38.381,7,7,12,8,50
model,100,67,26,24,0,0.2500,0.6250,0.6250,0.2500,3,0,2,96,48.0,47.495,5,16,12,15,50
real,100,67,19,20,0,-0.2500,0.5000,0.3750,0.3750,2,1,83,83,24.0,26.887,3,8,9,4,39
model,100,67,19,20,0,-0.1250,0.5000,0.1250,0.5000,7,0,30,21,9.0,7.278,1,3,4,1,39
real,100,67,23,24,1,-0.2500,0.5000,0.6250,0.0000,7,0,14,49,15.0,14.794,2,6,3,4,47
model,100,67,23,24,1,-0.1250,1.0000,0.1250,0.1250,5,0,12,61,26.0,20.474,8,5,6,7,47
real,100,62,25,27,0,0.3750,0.6250,0.5000,0.2500,3,0,47,43,19.0,21.320,5,8,4,2,52
model,100,62,25,27,0,0.0000,0.6250,0.3750,0.1250,2,1,76,76,31.0,30.887,9,7,10,5,52
real,100,62,23,20,1,-0.1250,0.8750,0.2500,0.5000,7,0,15,17,8.0,11.526,1,4,0,3,43
model,100,62,23,20,1,-0.1250,0.7500,0.7500,0.1250,4,1,56,56,19.0,16.897,6,6,3,4,43
real,100,62,25,21,0,0.0000,0.8750,0.3750,0.1250,2,1,84,84,37.0,34.330,9,7,10,11,46
model,100,62,25,21,0,-0.3750,0.6250,0.5000,0.5000,4,0,13,81,33.0,32.124,7,9,4,13,46
real,100,62,26,22,0,-0.2500,0.6250,0.7500,0.3750,7,0,21,49,15.0,13.557,5,4,2,4,48
model,100,62,26,22,0,-0.3750,0.7500,0.6250,0.5000,4,1,42,42,23.0,22.412,6,4,3,10,48
real,100,35,25,20,0,0.0000,0.7500,0.5000,0.0000,2,1,95,95,41.0,39.959,11,7,15,8,45
model,100,35,25,20,0,0.1250,0.5000,0.1250,0.7500,5,1,10,10,20.0,19.969,4,6,5,5,45
real,100,63,22,25,0,-0.1250,0.7500,0.2500,0.2500,3,1,74,74,23.0,30.155,6,4,6,7,47
model,100,63,22,25,0,0.2500,0.7500,0.8750,0.3750,3,0,40,52,20.0,20.227,4,6,3,7,47
real,100,63,21,23,0,0.2500,0.6250,0.5000,0.7500,6,1,81,81,31.0,32.289,6,9,9,7,44
model,100,63,21,23,0,0.2500,0.8750,0.2500,0.6250,6,0,8,76,26.0,23.536,7,9,4,6,44
real,100,35,22,24,0,0.1250,0.2500,0.3750,0.1250,2,1,98,98,43.0,44.082,7,11,12,13,46
model,100,35,22,24,0,0.3750,0.7500,0.6250,0.2500,4,1,82,82,34.0,32.371,7,10,9,8,46
real,100,81,29,18,0,0.0000,0.6250,0.6250,0.5000,3,1,76,76,27.0,26.526,10,6,7,4,47
model,100,81,29,18,0,-0.2500,0.7500,0.2500,-0.1250,6,1,57,57,15.0,16.938,6,4,1,4,47
real,100,81,24,23,0,0.1250,0.7500,0.8750,0.5000,4,0,28,62,23.0,22.577,1,12,4,6,47
model,100,81,24,23,0,-0.1250,0.3750,0.7500,0.3750,7,0,45,14,13.0,11.536,2,3,6,2,47
real,100,81,23,27,0,-0.1250,0.2500,-0.1250,0.2500,2,1,95,95,48.0,47.423,12,12,11,13,50
model,100,81,23,27,0,0.1250,0.6250,0.6250,0.5000,4,0,2,61,21.0,23.649,1,8,10,2,50
real,100,81,28,20,0,-0.1250,0.7500,0.2500,0.3750,5,0,15,62,16.0,20.021,6,2,4,4,48
model,100,81,28,20,0,0.1250,0.5000,0.3750,0.6250,6,1,32,32,23.0,22.165,3,6,5,9,48
real,100,50,26,22,1,0.0000,0.6250,0.6250,0.6250,8,1,71,71,24.0,26.021,6,7,6,5,48
model,100,50,26,22,1,0.3750,0.3750,0.3750,0.3750,9,1,35,35,7.0,9.711,2,1,2,2,48
real,100,50,24,22,0,-0.1250,0.3750,0.3750,0.3750,4,1,88,88,36.0,37.010,10,7,10,9,46
model,100,50,24,22,0,0.1250,0.1250,0.3750,0.2500,7,1,43,43,9.0,11.124,2,1,3,3,46
real,100,50,23,25,0,0.0000,0.5000,0.6250,0.1250,3,1,90,90,39.0,38.763,14,9,13,3,48
model,100,50,23,25,0,0.2500,0.5000,0.3750,0.6250,5,0,28,19,9.0,10.629,1,2,6,0,48
real,100,50,27,24,0,-0.1250,0.7500,0.3750,0.2500,6,1,79,79,31.0,34.856,8,10,9,4,51
model,100,50,27,24,0,0.1250,0.6250,0.7500,0.6250,5,0,74,20,28.0,30.825,8,7,5,8,51
real,100,92,24,24,0,0.1250,0.5000,0.7500,0.1250,4,1,80,80,34.0,34.515,8,11,7,8,48
model,100,92,24,24,0,0.2500,0.6250,0.5000,0.6250,4,1,65,65,22.0,22.515,11,4,3,4,48
real,100,92,23,23,0,0.1250,0.5000,0.7500,0.7500,3,1,89,89,39.0,37.495,14,11,6,8,46
model,100,92,23,23,0,0.0000,0.6250,0.5000,0.7500,3,1,78,78,24.0,25.876,5,6,7,6,46
real,100,92,21,21,1,0.0000,0.5000,-0.1250,0.3750,3,1,78,78,29.0,25.546,3,11,7,8,42
model,100,92,21,21,1,0.3750,0.7500,0.7500,0.6250,4,1,59,59,14.0,17.031,6,3,2,3,42
real,100,92,27,26,0,0.0000,0.5000,0.5000,0.3750,5,0,22,7,11.0,16.247,1,2,6,2,53
model,100,92,27,26,0,-0.1250,0.5000,0.6250,0.3750,6,0,12,55,18.0,20.072,6,3,6,3,53
real,100,47,22,27,1,0.0000,0.7500,0.2500,0.1250,4,1,91,91,43.0,41.825,13,13,9,8,49
model,100,47,22,27,1,-0.5000,0.7500,0.3750,0.1250,3,1,92,92,40.0,41.454,16,10,9,5,49
real,100,47,24,24,1,0.0000,0.6250,0.5000,0.5000,3,1,96,96,47.0,45.072,9,15,5,18,48
model,100,47,24,24,1,0.0000,0.2500,0.2500,0.3750,4,0,41,31,12.0,15.196,3,5,2,2,48
real,100,47,22,23,0,-0.5000,1.0000,0.3750,0.0000,3,0,72,25,29.0,27.629,12,5,5,7,45
model,100,47,22,23,0,0.2500,0.7500,0.6250,0.5000,2,0,65,35,24.0,24.278,4,9,7,4,45
real,100,47,25,21,0,0.3750,0.1250,0.5000,0.3750,2,1,96,96,43.0,43.175,13,9,12,9,46
model,100,47,25,21,0,0.0000,0.5000,0.7500,0.6250,5,1,85,85,33.0,34.835,13,9,3,8,46
real,100,72,24,25,0,0.0000,0.3750,0.6250,0.0000,4,1,48,48,16.0,13.763,1,1,7,7,49
model,100,72,24,25,0,-0.2500,0.6250,0.6250,0.0000,7,0,36,27,15.0,11.299,2,6,2,5,49
real,100,72,25,26,0,0.2500,0.2500,0.2500,0.3750,5,0,12,41,7.0,14.309,4,0,1,2,51
model,100,72,25,26,0,0.0000,0.8750,0.6250,0.3750,4,1,87,87,38.0,40.825,15,8,8,7,51
real,100,72,28,27,0,0.2500,0.6250,0.7500,0.7500,2,1,96,96,49.0,48.093,13,5,13,18,55
model,100,72,28,27,0,-0.1250,0.8750,0.5000,0.3750,7,0,18,46,12.0,13.320,2,0,9,1,55
real,100,72,23,24,1,-0.5000,0.7500,0.5000,0.6250,7,0,42,31,16.0,14.134,4,2,7,3,47
model,100,72,23,24,1,1.0000,1.0000,1.0000,1.0000,7,1,30,30,22.0,16.423,5,5,8,4,47
real,100,79,25,23,0,0.1250,0.2500,0.3750,0.5000,6,0,21,59,20.0,18.423,4,3,8,5,48
model,100,79,25,23,0,0.0000,0.6250,0.6250,0.2500,5,0,10,70,27.0,26.124,6,7,6,8,48
real,100,79,25,28,0,-0.3750,0.6250,0.1250,0.8750,5,1,79,79,31.0,35.072,7,9,8,7,53
model,100,79,25,28,0,0.0000,0.2500,0.3750,-0.1250,3,0,40,56,30.0,23.608,5,13,7,5,53
real,100,79,20,26,0,-0.1250,0.1250,0.0000,0.1250,7,0,7,32,7.0,10.722,2,1,3,1,46
model,100,79,20,26,0,0.0000,0.6250,0.5000,0.5000,3,0,49,21,14.0,16.412,5,5,2,2,46
real,100,79,21,23,1,0.5000,0.6250,0.2500,0.3750,4,1,37,37,23.0,19.887,3,3,8,9,44
model,100,79,21,23,1,0.1250,0.5000,0.7500,0.5000,5,1,82,82,30.0,28.959,9,5,9,7,44
real,100,88,21,23,0,0.1250,0.2500,0.0000,0.6250,6,0,5,34,16.0,16.072,4,1,6,5,44
model,100,88,21,23,0,0.1250,0.8750,0.6250,0.7500,3,0,58,3,20.0,21.866,6,5,5,4,44
real,100,88,22,24,0,0.1250,0.2500,0.6250,0.0000,5,0,41,9,14.0,12.639,5,0,5,4,46
model,100,88,22,24,0,0.2500,0.8750,0.5000,0.1250,2,1,47,47,25.0,23.258,7,8,4,6,46
real,100,88,31,22,0,-0.1250,0.8750,0.7500,0.5000,3,1,86,86,39.0,40.588,7,12,10,10,53
model,100,88,31,22,0,-0.3750,0.7500,0.5000,0.0000,2,0,43,57,24.0,26.732,5,5,6,8,53
real,100,88,26,27,0,0.1250,0.5000,0.6250,0.6250,4,0,72,6,24.0,29.670,4,8,8,4,53
model,100,88,26,27,0,0.3750,0.5000,0.6250,0.6250,4,1,55,55,20.0,22.361,5,3,7,5,53
real,100,65,24,22,0,0.2500,0.7500,0.2500,0.0000,6,0,9,19,16.0,15.835,3,4,5,4,46
model,100,65,24,22,0,0.0000,0.5000,0.3750,0.5000,2,1,95,95,42.0,41.814,11,9,14,8,46
real,100,65,25,25,1,0.0000,0.8750,0.2500,-0.1250,4,1,35,35,20.0,21.258,3,7,3,7,50
model,100,65,25,25,1,0.1250,0.8750,0.5000,0.5000,4,0,87,8,38.0,38.876,8,6,12,12,50
real,100,65,21,24,0,0.6250,0.7500,0.2500,0.7500,3,1,88,88,36.0,33.000,9,7,8,12,45
model,100,65,21,24,0,-0.6250,0.5000,0.7500,0.2500,2,1,96,96,42.0,41.289,15,8,8,11,45
real,100,11,20,23,0,-0.3750,0.8750,0.6250,-0.1250,3,0,23,70,20.0,20.804,7,4,5,4,43
model,100,11,20,23,0,-0.5000,0.6250,0.2500,0.7500,2,1,84,84,28.0,31.825,9,10,3,6,43
real,100,6,23,26,0,1.0000,1.0000,1.0000,1.0000,4,1,28,28,16.0,17.485,6,0,6,4,49
model,100,6,23,26,0,-0.3750,0.7500,0.5000,0.0000,6,0,20,19,17.0,17.526,6,6,4,1,49
real,100,46,24,24,0,-0.5000,0.5000,0.1250,0.7500,2,1,92,92,39.0,38.124,10,10,8,11,48
model,100,46,24,24,0,0.2500,0.7500,0.3750,0.6250,3,0,85,7,36.0,34.804,6,8,12,10,48
real,100,46,21,26,0,0.2500,0.5000,0.0000,0.3750,2,0,9,91,41.0,41.433,11,11,10,9,47
model,100,46,21,26,0,0.0000,0.7500,0.5000,0.3750,6,0,35,50,20.0,17.381,7,4,4,5,47
real,100,46,26,21,0,0.1250,0.6250,0.2500,0.6250,4,0,32,46,18.0,14.557,2,4,8,4,47
model,100,46,26,21,0,0.2500,0.6250,0.3750,0.5000,2,1,87,87,37.0,36.990,7,13,5,12,47
real,100,16,25,22,0,-0.5000,0.2500,-0.1250,0.1250,4,1,45,45,15.0,14.907,6,2,4,3,47
model,100,16,25,22,0,0.3750,0.6250,0.2500,0.2500,2,0,74,26,27.0,28.454,7,9,7,4,47
real,100,20,24,21,0,-0.2500,0.3750,0.5000,0.6250,4,0,43,33,12.0,15.268,2,1,5,4,45
model,100,20,24,21,0,0.0000,0.8750,0.7500,0.6250,6,0,9,28,16.0,18.216,4,4,3,5,45
real,100,16,22,23,1,-0.1250,0.7500,0.7500,0.5000,9,1,52,52,17.0,14.299,4,3,7,3,45
model,100,16,22,23,1,0.0000,0.2500,-0.1250,0.5000,2,0,14,86,35.0,36.000,9,7,13,6,45
real,100,28,22,23,0,0.1250,0.5000,0.6250,0.2500,5,1,82,82,28.0,28.897,4,8,7,9,45
model,100,28,22,23,0,0.1250,0.6250,0.3750,0.5000,4,0,50,29,16.0,17.412,3,2,8,3,45
real,100,81,23,24,1,0.2500,1.0000,0.0000,0.3750,7,0,41,23,15.0,11.433,1,5,3,6,47
model,100,81,23,24,1,0.0000,0.7500,0.1250,0.3750,4,0,74,6,28.0,27.351,8,7,9,4,47
real,100,81,20,24,0,0.0000,1.0000,0.3750,0.3750,4,0,4,38,13.0,15.412,2,5,4,2,44
model,100,81,20,24,0,1.0000,1.0000,1.0000,1.0000,3,1,22,22,21.0,17.155,4,3,7,7,44
real,100,81,24,27,0,0.1250,0.7500,0.6250,1.0000,3,1,89,89,40.0,38.711,5,15,10,10,51
model,100,81,24,27,0,0.0000,0.5000,0.5000,0.2500,6,0,24,28,16.0,14.258,4,7,3,2,51
real,100,11,30,27,0,0.3750,0.0000,0.1250,-0.1250,5,1,39,39,16.0,18.990,2,7,4,3,57
model,100,11,30,27,0,0.2500,0.2500,0.6250,0.1250,3,0,43,46,19.0,23.134,8,6,2,3,57
real,100,42,24,28,0,-0.2500,0.3750,0.3750,0.6250,2,0,52,48,26.0,25.649,5,9,5,7,52
model,100,42,24,28,0,-0.2500,0.6250,0.6250,0.2500,4,0,61,34,21.0,24.608,4,7,6,4,52
real,100,47,27,27,0,0.5000,0.7500,0.3750,0.6250,3,0,68,30,30.0,28.629,7,8,9,6,54
model,100,47,27,27,0,0.2500,0.5000,0.2500,0.6250,6,0,8,67,24.0,24.155,5,5,8,6,54
real,100,42,21,25,0,-0.2500,0.5000,0.2500,0.0000,3,1,59,59,19.0,20.144,2,9,6,2,46
model,100,42,21,25,0,0.1250,0.5000,0.3750,-0.1250,4,0,22,49,14.0,16.144,5,5,3,1,46
real,100,42,25,27,0,0.5000,0.6250,0.8750,0.7500,4,1,40,40,13.0,16.412,4,4,3,2,52
model,100,42,25,27,0,0.2500,0.7500,0.6250,0.1250,5,0,22,40,26.0,16.433,4,7,9,6,52
real,100,56,22,28,0,0.1250,0.5000,0.2500,0.1250,5,1,82,82,31.0,30.598,5,11,7,8,50
model,100,56,22,28,0,-0.1250,0.7500,0.6250,0.0000,1,1,100,100,50.0,50.000,17,13,8,12,50
real,100,56,26,20,0,0.3750,0.6250,0.3750,0.5000,3,1,94,94,41.0,41.320,12,10,10,9,46
model,100,56,26,20,0,0.2500,0.7500,0.7500,0.6250,7,1,29,29,8.0,10.175,2,3,2,1,46
real,100,56,22,27,0,-0.3750,0.5000,0.3750,0.6250,6,0,19,5,10.0,13.113,1,6,0,3,49
model,100,56,22,27,0,0.1250,0.6250,0.5000,0.3750,2,1,78,78,34.0,32.320,8,11,6,9,49
real,100,39,22,23,0,0.1250,0.5000,0.3750,-0.2500,3,0,14,47,16.0,17.608,7,2,5,2,45
model,100,39,22,23,0,0.0000,0.5000,0.2500,0.5000,4,1,41,41,16.0,17.742,3,4,6,3,45
real,100,71,25,27,0,-0.2500,0.8750,0.5000,0.6250,4,0,70,12,27.0,27.278,4,7,5,11,52
model,100,71,25,27,0,-0.3750,0.6250,0.3750,0.5000,3,1,31,31,21.0,24.103,6,5,3,7,52
real,100,71,26,18,0,0.1250,0.7500,0.6250,0.3750,5,0,47,23,16.0,15.093,3,5,5,3,44
model,100,71,26,18,0,0.0000,0.5000,0.7500,0.5000,4,1,68,68,24.0,24.206,4,8,6,6,44
real,100,71,25,23,0,-0.1250,0.5000,0.6250,0.3750,6,0,52,13,14.0,14.289,0,5,5,4,48
model,100,71,25,23,0,0.1250,0.8750,0.7500,0.5000,5,1,54,54,22.0,17.711,8,6,5,3,48
real,100,71,19,19,1,-0.2500,0.6250,0.2500,0.1250,4,0,74,17,23.0,22.546,5,6,7,5,38
model,100,71,19,19,1,-0.2500,0.6250,0.6250,0.3750,3,1,79,79,26.0,23.062,6,7,11,2,38
real,100,29,24,23,0,0.5000,0.7500,0.3750,0.1250,3,0,10,79,31.0,30.320,9,8,6,8,47
model,100,29,24,23,0,0.0000,0.8750,0.5000,0.6250,4,0,22,61,22.0,22.320,6,7,2,7,47
real,100,64,28,20,0,0.2500,1.0000,0.3750,0.5000,5,0,77,9,26.0,27.794,6,6,9,5,48
model,100,64,28,20,0,-0.1250,0.5000,0.5000,0.3750,6,0,16,34,14.0,10.732,3,2,5,4,48
real,100,64,22,23,1,0.1250,0.6250,0.2500,0.6250,7,0,7,31,12.0,11.237,4,2,2,4,45
model,100,64,22,23,1,0.0000,0.6250,0.2500,0.5000,3,1,96,96,43.0,41.247,13,13,8,9,45
real,100,64,22,24,1,0.1250,0.3750,0.7500,0.3750,7,0,9,10,20.0,17.845,5,9,3,3,46
model,100,64,22,24,1,0.0000,0.6250,0.3750,0.5000,2,1,83,83,30.0,32.000,6,8,12,4,46
real,100,93,26,23,0,0.1250,0.7500,0.5000,-0.2500,3,0,40,46,17.0,19.845,5,5,6,1,49
model,100,93,26,23,0,1.0000,1.0000,1.0000,1.0000,6,1,6,6,21.0,20.186,5,4,10,2,49
real,100,93,21,20,0,0.2500,0.6250,0.0000,0.2500,7,1,58,58,11.0,14.876,5,2,3,1,41
model,100,93,21,20,0,0.0000,0.5000,0.5000,0.0000,3,1,61,61,21.0,19.670,6,6,3,6,41
real,100,93,25,24,0,-0.2500,0.7500,0.8750,0.2500,5,0,14,31,24.0,17.052,6,3,12,3,49
model,100,93,25,24,0,0.0000,0.7500,0.8750,0.7500,4,1,53,53,18.0,17.742,5,5,1,7,49
real,100,93,21,26,0,0.1250,0.7500,0.6250,0.3750,4,1,87,87,36.0,35.763,7,11,11,7,47
model,100,93,21,26,0,1.0000,1.0000,1.0000,1.0000,2,1,40,40,22.0,25.412,3,5,4,10,47
real,100,29,21,24,0,0.1250,0.6250,0.3750,0.2500,2,1,97,97,42.0,41.711,12,11,10,9,45
model,100,29,21,24,0,-0.2500,0.8750,0.3750,0.3750,5,0,69,9,24.0,25.103,6,5,6,7,45
real,100,29,27,27,0,0.1250,0.7500,0.1250,0.5000,6,0,3,41,18.0,19.567,3,4,6,5,54
model,100,29,27,27,0,0.5000,0.6250,0.2500,0.2500,5,0,10,44,20.0,19.433,4,4,8,4,54
real,100,47,26,24,0,0.2500,0.8750,0.7500,0.1250,3,1,83,83,36.0,34.103,12,8,7,9,50
model,100,47,26,24,0,-0.3750,0.5000,0.5000,0.0000,4,0,28,62,26.0,23.711,6,3,10,7,50
real,100,47,25,24,0,0.3750,0.5000,0.5000,0.0000,3,1,81,81,31.0,32.268,9,10,6,6,49
model,100,47,25,24,0,0.2500,0.8750,0.2500,0.3750,4,0,16,80,35.0,33.062,6,11,6,12,49
real,100,63,26,23,0,0.1250,0.1250,0.6250,0.7500,8,0,67,9,20.0,24.010,5,6,6,3,49
model,100,63,26,23,0,0.0000,0.8750,0.8750,0.7500,6,0,49,14,17.0,16.196,7,7,2,1,49
real,100,63,19,27,0,0.0000,0.7500,0.2500,0.1250,4,1,82,82,26.0,32.165,8,6,8,4,46
model,100,63,19,27,0,0.2500,0.5000,0.2500,0.5000,4,0,19,5,29.0,29.546,9,6,9,5,46
real,100,63,27,29,0,0.2500,0.6250,0.3750,0.2500,3,0,28,64,33.0,30.010,7,7,10,9,56
model,100,63,27,29,0,-0.1250,0.5000,0.5000,0.5000,5,1,70,70,33.0,32.433,5,13,11,4,56
real,100,24,27,22,0,-0.1250,0.6250,0.6250,-0.1250,3,1,72,72,26.0,28.598,6,4,8,8,49
model,100,24,27,22,0,0.0000,0.7500,0.8750,0.8750,4,0,2,63,21.0,23.351,6,5,5,5,49
real,100,100,26,30,0,-0.1250,0.6250,0.7500,0.3750,4,1,84,84,39.0,43.629,8,11,10,10,56
model,100,100,26,30,0,-0.1250,0.6250,0.3750,0.5000,7,1,44,44,12.0,17.371,2,4,3,3,56
real,100,100,28,29,0,0.1250,0.6250,0.3750,0.7500,4,0,4,71,30.0,31.206,11,9,7,3,57
model,100,100,28,29,0,1.0000,1.0000,1.0000,1.0000,5,1,44,44,15.0,14.536,9,2,3,1,57
real,100,100,24,26,0,0.1250,0.7500,0.6250,0.1250,6,0,12,34,18.0,14.227,6,5,3,4,50
model,100,100,24,26,0,0.3750,0.6250,0.7500,0.7500,6,0,45,21,18.0,12.247,4,3,7,4,50
real,100,100,26,28,0,0.2500,0.7500,0.2500,0.6250,4,1,82,82,35.0,37.237,8,5,13,9,54
model,100,100,26,28,0,-0.1250,0.6250,0.3750,0.1250,3,1,69,69,35.0,30.856,11,4,9,11,54
real,100,34,21,23,0,-0.1250,0.7500,0.5000,0.3750,3,0,60,37,19.0,21.701,6,5,3,5,44
model,100,34,21,23,0,0.0000,0.2500,0.3750,0.2500,3,1,76,76,25.0,28.289,4,6,8,7,44
real,100,34,24,24,0,0.2500,0.8750,0.1250,0.6250,1,1,100,100,48.0,48.000,11,14,12,11,48
model,100,34,24,24,0,0.2500,0.5000,0.5000,0.3750,4,1,71,71,22.0,26.000,5,3,7,7,48
real,100,23,23,26,0,0.0000,0.7500,0.6250,0.1250,3,1,89,89,43.0,40.072,7,13,6,17,49
model,100,23,23,26,0,0.3750,1.0000,0.5000,0.2500,4,0,58,7,26.0,22.433,7,9,5,5,49
real,100,34,25,26,0,-0.3750,0.3750,0.5000,0.3750,2,0,92,8,45.0,45.588,11,10,10,14,51
model,100,34,25,26,0,0.1250,0.3750,0.3750,0.3750,5,0,18,10,11.0,18.041,2,1,5,3,51
real,100,20,23,21,0,0.3750,0.7500,0.7500,0.7500,2,0,4,96,43.0,42.639,11,8,12,12,44
model,100,20,23,21,0,-0.1250,0.7500,0.6250,0.2500,6,1,55,55,15.0,17.309,3,4,3,5,44
real,100,37,28,23,0,0.2500,0.5000,0.1250,0.6250,6,0,36,30,10.0,12.237,2,1,2,5,51
model,100,37,28,23,0,0.0000,0.5000,0.3750,0.1250,5,0,6,26,16.0,18.742,2,6,5,3,51
real,100,37,19,22,0,0.0000,0.6250,0.5000,0.2500,1,1,100,100,41.0,41.000,12,8,7,14,41
model,100,37,19,22,0,0.6250,0.6250,0.2500,0.3750,1,1,100,100,41.0,41.000,7,9,16,9,41
real,100,37,20,25,0,-0.2500,0.7500,0.5000,0.6250,6,1,35,35,8.0,10.928,1,4,1,2,45
model,100,37,20,25,0,0.1250,0.6250,0.6250,0.6250,4,1,59,59,21.0,18.825,7,1,5,8,45
real,100,22,24,28,0,-0.1250,0.5000,0.1250,0.1250,4,1,85,85,38.0,36.103,10,13,5,10,52
model,100,22,24,28,0,0.2500,0.7500,0.5000,0.5000,4,1,61,61,26.0,25.371,4,11,5,6,52
real,100,22,24,21,0,-0.2500,0.3750,0.3750,0.5000,4,1,90,90,36.0,34.237,8,7,16,5,45
model,100,22,24,21,0,-0.1250,0.8750,0.5000,0.0000,5,0,11,61,24.0,19.794,5,5,10,4,45
real,100,22,29,22,0,-0.2500,0.6250,0.6250,0.2500,3,0,22,62,25.0,24.536,6,9,7,3,51
model,100,22,29,22,0,0.1250,0.5000,0.1250,0.5000,3,0,39,58,25.0,25.526,5,8,7,5,51
real,100,56,20,22,0,0.0000,0.8750,0.6250,0.8750,3,1,88,88,32.0,31.876,5,11,13,3,42
model,100,56,20,22,0,0.1250,0.8750,0.1250,0.6250,3,1,84,84,25.0,29.794,8,8,6,3,42
real,100,25,21,23,0,0.1250,1.0000,0.1250,0.6250,5,0,3,66,20.0,21.381,1,6,8,5,44
model,100,25,21,23,0,0.0000,0.6250,0.5000,0.1250,4,0,47,32,15.0,15.526,1,6,7,1,44
real,100,32,21,26,0,0.1250,0.8750,0.3750,0.2500,4,1,91,91,35.0,33.814,9,11,7,8,47
model,100,32,21,26,0,0.5000,0.8750,0.7500,-0.1250,5,0,41,38,12.0,14.474,3,3,4,2,47
real,100,18,25,23,0,-0.1250,0.8750,0.3750,0.5000,4,0,34,51,14.0,16.361,6,2,3,3,48
model,100,18,25,23,0,0.1250,0.6250,0.5000,0.5000,5,0,13,44,16.0,12.876,8,1,1,6,48
real,100,32,16,29,0,1.0000,1.0000,1.0000,1.0000,3,1,70,70,23.0,26.010,4,6,10,3,45
model,100,32,16,29,0,0.1250,0.6250,0.1250,0.5000,5,1,51,51,18.0,15.608,5,3,4,6,45
real,100,79,25,23,0,0.1250,0.5000,0.2500,0.3750,5,1,81,81,32.0,30.330,12,1,11,8,48
model,100,79,25,23,0,0.0000,0.8750,0.1250,1.0000,9,0,8,11,15.0,14.371,5,4,1,5,48
real,100,79,26,19,1,-0.1250,0.0000,0.5000,0.7500,4,1,65,65,24.0,24.474,4,7,8,5,45
model,100,79,26,19,1,0.3750,0.7500,0.2500,0.2500,2,1,85,85,30.0,30.330,9,4,6,11,45
real,100,79,27,22,0,0.3750,0.5000,0.2500,0.5000,3,1,87,87,37.0,39.196,12,7,8,10,49
model,100,79,27,22,0,0.1250,0.6250,0.5000,0.1250,5,1,55,55,19.0,16.309,2,8,5,4,49
real,100,79,19,20,0,-0.1250,0.6250,0.5000,0.6250,4,0,3,84,24.0,25.753,4,5,11,4,39
model,100,79,19,20,0,0.0000,0.3750,0.6250,0.3750,3,1,78,78,21.0,24.381,3,9,7,2,39
real,100,72,25,25,0,0.0000,0.7500,0.8750,0.1250,5,1,41,41,18.0,17.711,2,9,5,2,50
model,100,72,25,25,0,1.0000,1.0000,1.0000,1.0000,1,1,100,100,50.0,50.000,15,10,16,9,50
real,100,10,28,26,0,0.1250,0.3750,0.2500,0.0000,4,1,81,81,34.0,36.845,7,8,9,10,54
model,100,10,28,26,0,0.3750,0.7500,1.0000,0.2500,8,0,17,8,21.0,17.454,3,5,5,8,54
real,100,72,28,23,0,0.2500,0.5000,0.6250,0.5000,4,1,68,68,23.0,25.320,8,5,5,5,51
model,100,72,28,23,0,-0.3750,0.3750,0.5000,0.6250,5,0,22,6,13.0,15.577,3,5,2,3,51
real,100,72,21,19,0,0.1250,0.6250,0.8750,0.6250,5,0,35,15,9.0,11.959,2,3,3,1,40
model,100,72,21,19,0,-0.3750,0.7500,0.6250,0.1250,4,0,30,34,8.0,11.670,1,2,3,2,40
real,100,66,27,23,0,1.0000,1.0000,1.0000,1.0000,4,1,42,42,18.0,18.866,4,6,6,2,50
model,100,66,27,23,0,0.1250,0.2500,0.3750,0.2500,2,1,94,94,44.0,42.474,9,11,10,14,50
real,100,30,26,14,0,-0.3750,0.6250,0.2500,0.2500,4,1,85,85,31.0,29.784,7,8,8,8,40
model,100,30,26,14,0,0.2500,0.5000,-0.1250,0.0000,4,1,20,20,11.0,12.753,2,2,5,2,40
real,100,66,22,24,1,-0.2500,0.7500,0.7500,0.2500,5,0,10,71,30.0,27.258,5,7,7,11,46
model,100,66,22,24,1,0.2500,0.5000,0.7500,0.7500,4,0,13,37,16.0,14.247,6,6,3,1,46
real,100,66,25,20,0,0.1250,0.3750,0.6250,-0.1250,2,0,97,3,43.0,43.103,10,13,12,8,45
model,100,66,25,20,0,-0.3750,1.0000,0.5000,0.6250,5,1,58,58,17.0,19.258,4,7,3,3,45
real,100,55,21,24,0,0.1250,0.8750,0.6250,0.6250,2,1,98,98,43.0,43.103,13,9,14,7,45
model,100,55,21,24,0,0.1250,0.2500,0.3750,0.5000,4,0,35,58,14.0,21.711,2,2,7,3,45
real,100,45,26,26,0,0.1250,0.5000,0.2500,0.1250,2,0,64,36,21.0,28.041,8,3,4,6,52
model,100,45,26,26,0,-0.2500,0.7500,0.6250,0.3750,5,1,25,25,29.0,27.505,8,7,7,7,52
real,100,45,22,21,0,-0.2500,0.7500,0.7500,0.7500,3,0,74,14,27.0,24.443,6,1,14,6,43
model,100,45,22,21,0,0.8750,0.7500,0.6250,0.6250,4,1,81,81,30.0,30.969,7,10,7,6,43
real,100,55,22,28,0,-0.1250,0.8750,0.3750,0.6250,5,0,20,43,14.0,16.247,3,5,2,4,50
model,100,55,22,28,0,-0.1250,0.6250,0.6250,0.1250,6,1,73,73,28.0,26.052,8,5,6,9,50
real,100,47,24,23,0,0.2500,0.8750,0.5000,0.6250,2,0,15,85,34.0,35.887,8,9,8,9,47
model,100,47,24,23,0,-0.1250,0.6250,0.7500,0.6250,4,1,74,74,30.0,26.247,12,11,2,5,47
real,100,32,23,27,0,-0.2500,0.8750,0.1250,0.2500,3,1,40,40,15.0,17.175,8,4,2,1,50
model,100,32,23,27,0,0.1250,0.7500,0.3750,0.2500,6,0,42,10,19.0,17.701,5,3,6,5,50
real,100,47,24,31,0,-0.1250,0.6250,0.7500,0.2500,3,1,63,63,22.0,24.876,5,9,4,4,55
model,100,47,24,31,0,0.3750,0.5000,0.3750,0.2500,4,1,82,82,41.0,38.175,15,7,5,14,55
real,100,32,24,23,0,0.2500,0.6250,0.2500,0.5000,1,1,100,100,47.0,47.000,11,11,9,16,47
model,100,32,24,23,0,1.0000,1.0000,1.0000,1.0000,4,1,78,78,30.0,30.093,6,8,8,8,47
real,100,67,21,26,0,0.2500,0.5000,0.7500,0.2500,3,0,22,75,28.0,28.804,7,6,11,4,47
model,100,67,21,26,0,-0.2500,0.8750,0.7500,-0.1250,3,0,61,8,23.0,22.361,2,5,7,9,47
real,100,67,24,22,1,0.5000,0.8750,0.7500,0.6250,4,1,66,66,29.0,24.186,6,8,10,5,46
model,100,67,24,22,1,0.3750,0.6250,0.6250,0.5000,2,1,87,87,34.0,33.155,9,8,8,9,46
real,100,67,24,23,0,-0.2500,0.6250,0.6250,0.8750,5,1,61,61,21.0,18.371,3,6,5,7,47
model,100,67,24,23,0,0.1250,0.6250,0.2500,0.1250,5,0,4,85,34.0,32.856,10,12,7,5,47
real,100,67,23,28,0,0.0000,0.8750,0.2500,0.2500,3,0,13,82,36.0,35.371,9,9,7,11,51
model,100,67,23,28,0,0.3750,0.7500,0.5000,0.1250,3,0,27,51,20.0,19.866,5,6,6,3,51
real,100,58,23,21,0,0.2500,0.8750,0.3750,0.2500,4,0,14,35,13.0,13.340,3,3,3,4,44
model,100,58,23,21,0,-0.1250,0.6250,0.5000,0.1250,3,1,92,92,36.0,37.711,12,14,2,8,44
real,100,58,25,26,0,-0.3750,0.5000,0.5000,0.5000,4,1,43,43,18.0,20.784,3,3,5,7,51
model,100,58,25,26,0,-0.1250,1.0000,0.5000,0.0000,3,0,21,74,30.0,29.351,9,7,11,3,51
real,100,58,23,25,0,0.0000,0.3750,0.2500,0.2500,7,1,61,61,17.0,17.691,3,3,7,4,48
model,100,58,23,25,0,0.1250,0.8750,0.2500,0.3750,3,1,87,87,36.0,36.711,9,10,10,7,48
real,100,58,19,17,0,0.2500,0.7500,0.0000,0.3750,5,1,75,75,16.0,21.423,3,2,4,7,36
model,100,58,19,17,0,0.0000,0.3750,0.1250,0.3750,3,0,38,58,16.0,17.557,4,7,1,4,36
real,100,50,24,26,2,0.1250,0.8750,0.6250,0.1250,10,0,32,3,8.0,11.052,3,1,2,2,50
model,100,50,24,26,2,-0.1250,0.6250,0.6250,0.3750,5,0,24,10,14.0,14.196,3,4,3,4,50
real,100,50,27,25,0,0.2500,0.7500,0.7500,0.2500,5,1,69,69,27.0,28.948,9,8,6,4,52
model,100,50,27,25,0,0.0000,0.8750,0.6250,0.2500,5,0,37,5,17.0,20.711,4,2,6,5,52
real,100,50,23,24,0,-0.1250,0.5000,0.6250,0.1250,2,1,98,98,45.0,45.062,18,9,8,10,47
model,100,50,23,24,0,-0.1250,1.0000,0.5000,-0.2500,4,0,46,30,12.0,15.990,4,2,2,4,47
real,100,50,26,24,0,0.2500,0.6250,0.3750,0.5000,7,1,30,30,14.0,8.392,2,5,4,3,50
model,100,50,26,24,0,0.0000,0.7500,1.0000,0.2500,2,1,96,96,47.0,47.938,12,15,12,8,50
real,100,36,26,26,0,0.2500,0.6250,0.3750,0.5000,4,1,35,35,21.0,19.979,0,6,7,8,52
model,100,36,26,26,0,-0.2500,0.5000,0.2500,0.3750,4,0,5,87,41.0,42.196,10,9,13,9,52
real,100,36,20,24,0,-0.2500,0.3750,0.2500,0.1250,4,1,59,59,11.0,16.649,1,3,3,4,44
model,100,36,20,24,0,-0.1250,0.8750,0.6250,0.2500,3,1,87,87,36.0,34.289,7,12,9,8,44
real,100,22,26,25,0,0.2500,0.5000,0.3750,-0.1250,6,0,63,21,19.0,23.113,6,4,4,5,51
model,100,22,26,25,0,0.2500,0.3750,0.2500,-0.1250,4,0,51,30,15.0,18.629,3,4,3,5,51
real,100,36,22,24,0,-0.2500,0.5000,0.3750,-0.1250,4,1,53,53,18.0,16.062,5,4,7,2,46
model,100,36,22,24,0,0.1250,0.8750,0.6250,0.5000,2,1,87,87,33.0,36.124,9,7,7,10,46
real,100,51,23,21,0,0.2500,0.3750,0.3750,0.3750,3,0,17,70,18.0,24.619,2,4,8,4,44
model,100,51,23,21,0,1.0000,1.0000,1.0000,1.0000,3,1,52,52,11.0,17.278,3,3,4,1,44
real,100,51,28,21,1,-0.2500,0.6250,0.7500,0.1250,4,1,70,70,25.0,25.309,9,6,5,5,49
model,100,51,28,21,1,0.6250,0.7500,0.2500,0.6250,5,0,23,62,19.0,21.175,5,6,4,4,49
real,100,46,25,19,0,0.2500,0.6250,0.5000,0.5000,7,1,30,30,8.0,10.340,2,2,2,2,44
model,100,46,25,19,0,0.0000,0.6250,0.7500,0.5000,3,0,33,27,15.0,15.237,2,2,4,7,44
real,100,51,23,25,0,1.0000,1.0000,1.0000,1.0000,7,0,2,9,18.0,23.186,5,4,6,3,48
model,100,51,23,25,0,0.2500,0.5000,0.2500,0.2500,2,1,34,34,30.0,26.206,7,4,6,13,48
real,100,82,27,26,0,0.2500,0.3750,0.5000,0.5000,5,0,9,74,27.0,27.010,7,6,9,5,53
model,100,82,27,26,0,0.2500,0.8750,0.3750,0.8750,3,0,60,37,23.0,24.505,5,6,7,5,53
real,100,13,21,22,2,0.5000,0.7500,0.3750,0.6250,9,1,53,53,18.0,16.474,3,5,5,5,43
model,100,13,21,22,2,0.0000,0.6250,0.5000,0.6250,2,0,86,14,34.0,33.526,7,10,7,10,43
real,100,82,26,19,1,0.2500,1.0000,1.0000,0.7500,2,1,98,98,45.0,44.072,14,10,10,11,45
model,100,82,26,19,1,0.1250,0.6250,0.2500,0.5000,3,1,38,38,16.0,18.402,7,4,1,4,45
real,100,82,25,26,0,0.0000,0.2500,0.3750,0.5000,4,1,75,75,29.0,29.938,5,9,6,9,51
model,100,82,25,26,0,0.1250,0.3750,0.2500,0.3750,5,0,38,41,12.0,16.557,1,4,5,2,51
real,100,75,25,21,1,0.0000,0.3750,0.7500,0.0000,4,1,92,92,41.0,38.639,12,5,16,8,46
model,100,75,25,21,1,0.2500,0.3750,0.6250,0.5000,3,0,31,13,19.0,19.526,2,5,7,5,46
real,100,25,24,22,0,1.0000,1.0000,1.0000,1.0000,6,1,49,49,10.0,12.474,3,4,3,0,46
model,100,25,24,22,0,-0.3750,0.6250,0.3750,0.2500,4,1,30,30,11.0,13.629,3,1,6,1,46
real,100,75,23,25,0,-0.3750,0.8750,0.5000,0.7500,2,1,98,98,46.0,45.072,13,11,8,14,48
model,100,75,23,25,0,0.1250,0.7500,0.5000,0.5000,6,1,83,83,31.0,30.021,9,8,7,7,48
real,100,25,20,21,0,0.3750,0.7500,0.5000,0.5000,5,0,26,3,16.0,17.381,5,2,2,7,41
model,100,25,20,21,0,0.2500,0.3750,0.5000,0.0000,7,0,33,34,11.0,9.196,3,4,3,1,41
real,100,22,24,26,0,0.0000,0.5000,0.5000,0.6250,3,1,50,50,16.0,19.505,4,4,5,3,50
model,100,22,24,26,0,0.2500,0.3750,0.3750,0.5000,4,0,27,50,17.0,17.330,3,5,4,5,50
real,100,21,23,21,0,0.5000,0.7500,0.8750,0.8750,4,0,4,22,18.0,15.814,3,3,5,7,44
model,100,21,23,21,0,0.1250,0.7500,0.5000,0.2500,2,1,98,98,42.0,43.093,9,6,16,11,44
real,100,22,23,29,0,0.0000,0.8750,0.8750,0.5000,6,1,35,35,15.0,14.443,1,4,8,2,52
model,100,22,23,29,0,0.0000,0.7500,0.3750,0.2500,7,0,8,40,14.0,15.134,3,1,3,7,52
real,100,44,21,16,1,0.1250,0.5000,0.1250,0.5000,2,1,98,98,37.0,36.237,11,10,10,6,37
model,100,44,21,16,1,0.3750,0.7500,0.7500,0.2500,7,0,32,8,6.0,7.268,2,0,3,1,37
real,100,18,25,24,0,-0.1250,0.8750,0.7500,0.3750,7,0,78,7,25.0,25.722,4,6,7,8,49
model,100,18,25,24,0,-0.2500,0.7500,0.6250,0.3750,3,1,62,62,22.0,23.804,5,6,8,3,49
real,100,53,21,23,0,0.0000,0.8750,0.0000,0.5000,2,1,97,97,42.0,41.691,11,9,12,10,44
model,100,53,21,23,0,0.1250,0.7500,0.5000,0.3750,7,0,3,7,14.0,10.041,4,4,4,2,44
real,100,53,23,25,0,0.0000,0.5000,0.3750,0.2500,4,1,94,94,40.0,40.392,13,8,9,10,48
model,100,53,23,25,0,0.3750,0.6250,0.7500,0.5000,5,1,57,57,21.0,22.206,4,5,4,8,48
real,100,17,27,22,0,0.1250,0.6250,0.1250,0.1250,2,1,70,70,31.0,27.577,10,7,8,6,49
model,100,17,27,22,0,0.2500,0.6250,0.5000,0.0000,3,0,26,54,18.0,20.454,6,6,4,2,49
real,100,19,20,22,0,-0.3750,0.6250,0.3750,0.2500,5,1,76,76,23.0,22.608,4,8,6,5,42
model,100,19,20,22,0,-0.5000,0.5000,0.2500,0.0000,2,1,90,90,35.0,35.258,12,6,11,6,42
real,100,47,20,24,0,-0.6250,0.6250,0.5000,0.7500,10,0,24,27,6.0,8.010,3,2,1,0,44
model,100,47,20,24,0,0.5000,0.3750,0.5000,0.2500,4,1,83,83,29.0,30.959,7,5,12,5,44
real,100,34,20,25,0,0.2500,0.5000,0.7500,0.3750,6,0,43,13,10.0,10.814,3,1,6,0,45
model,100,34,20,25,0,-0.1250,0.7500,0.5000,0.7500,4,1,83,83,30.0,31.732,6,8,11,5,45
real,100,47,21,27,0,-0.1250,0.5000,0.6250,0.3750,3,1,47,47,22.0,22.938,5,3,9,5,48
model,100,47,21,27,0,0.1250,0.5000,0.6250,0.5000,6,0,44,33,16.0,14.392,3,5,7,1,48
real,100,78,24,22,0,-0.1250,0.5000,0.5000,0.3750,6,0,17,25,11.0,10.402,3,0,4,4,46
model,100,78,24,22,0,0.3750,0.6250,0.2500,0.5000,3,1,78,78,27.0,26.907,5,7,10,5,46
real,100,78,22,26,0,0.1250,0.6250,0.5000,0.3750,7,0,40,9,11.0,13.196,1,7,1,2,48
model,100,78,22,26,0,-0.1250,0.6250,0.6250,0.5000,2,0,11,89,40.0,39.835,8,13,9,10,48
real,100,78,24,22,0,-0.3750,0.7500,0.3750,0.1250,4,1,50,50,16.0,19.629,2,3,8,3,46
model,100,78,24,22,0,0.3750,0.8750,0.7500,0.7500,4,1,30,30,13.0,13.268,7,2,2,2,46
real,100,78,26,25,0,-0.5000,0.7500,0.6250,0.1250,2,1,98,98,49.0,48.010,11,7,20,11,51
model,100,78,26,25,0,-0.2500,0.5000,0.3750,0.7500,3,0,82,7,36.0,36.907,4,9,14,9,51
real,100,32,19,23,0,0.1250,0.6250,0.7500,0.0000,4,1,51,51,13.0,15.072,3,6,1,3,42
model,100,32,19,23,0,0.0000,0.3750,0.5000,0.5000,2,1,54,54,20.0,20.722,7,7,4,2,42
real,100,54,24,27,2,-0.1250,0.2500,0.5000,0.6250,5,1,69,69,29.0,27.969,7,12,2,8,51
model,100,54,24,27,2,0.0000,0.7500,0.6250,-0.1250,3,1,94,94,46.0,45.093,13,12,5,16,51
real,100,54,25,26,0,0.1250,0.7500,0.2500,0.5000,4,0,40,51,17.0,20.505,3,5,8,1,51
model,100,54,25,26,0,0.0000,0.3750,0.5000,0.3750,2,1,97,97,50.0,49.423,12,14,13,11,51
real,100,54,23,32,0,0.1250,0.6250,0.6250,0.7500,4,0,71,13,31.0,30.876,3,10,13,5,55
model,100,54,23,32,0,0.2500,0.6250,0.1250,0.0000,2,1,94,94,47.0,49.825,16,16,9,6,55
real,100,74,23,25,0,0.0000,0.5000,0.2500,0.2500,2,1,94,94,43.0,42.371,7,10,20,6,48
model,100,74,23,25,0,0.5000,0.3750,0.5000,0.3750,3,0,6,92,42.0,40.959,12,8,7,15,48
real,100,74,26,24,0,-0.2500,0.3750,0.8750,0.3750,5,0,54,6,18.0,18.485,3,5,6,4,50
model,100,74,26,24,0,0.1250,0.8750,0.6250,0.5000,4,1,63,63,23.0,21.959,9,8,3,3,50
real,100,74,26,21,0,0.1250,0.7500,0.0000,0.5000,4,0,34,59,22.0,21.814,6,7,5,4,47
model,100,74,26,21,0,-0.1250,0.7500,0.6250,0.7500,2,1,98,98,45.0,46.031,13,9,11,12,47
real,100,74,25,23,0,-0.3750,0.7500,0.8750,0.2500,3,1,93,93,44.0,40.928,4,16,12,12,48
model,100,74,25,23,0,-0.3750,0.5000,0.1250,0.3750,4,0,27,56,23.0,20.845,8,3,8,4,48
real,100,68,21,18,0,0.2500,0.6250,0.1250,0.5000,4,0,36,26,12.0,12.804,6,1,4,1,39
model,100,68,21,18,0,0.1250,0.6250,0.3750,0.3750,2,1,88,88,29.0,30.361,4,7,11,7,39
real,100,68,28,24,0,0.1250,0.8750,0.8750,0.3750,5,0,37,10,19.0,19.474,3,2,7,7,52
model,100,68,28,24,0,-0.3750,0.7500,0.1250,0.6250,3,1,94,94,46.0,46.969,9,9,10,18,52
real,100,68,22,25,0,0.1250,0.7500,0.3750,0.3750,4,1,63,63,22.0,20.784,6,7,5,4,47
model,100,68,22,25,0,0.2500,0.7500,0.7500,0.5000,2,1,93,93,42.0,41.876,12,10,8,12,47
real,100,68,26,23,0,-0.3750,0.7500,0.6250,0.3750,5,1,47,47,21.0,17.485,5,5,6,5,49
model,100,68,26,23,0,0.0000,0.7500,0.2500,0.6250,5,1,59,59,19.0,19.959,7,3,4,5,49
real,100,71,25,25,0,-0.3750,0.7500,0.7500,0.7500,1,1,100,100,50.0,50.000,11,14,13,12,50
model,100,71,25,25,0,0.1250,0.7500,0.3750,-0.2500,4,0,34,58,19.0,20.711,6,7,3,3,50
real,100,71,26,25,0,-0.1250,0.7500,0.2500,0.0000,4,0,46,9,12.0,18.629,1,3,5,3,51
model,100,71,26,25,0,0.1250,0.8750,0.5000,0.6250,5,1,44,44,11.0,15.598,3,2,3,3,51
real,100,71,27,26,0,0.3750,0.6250,0.7500,0.6250,6,1,46,46,15.0,18.814,2,5,4,4,53
model,100,71,27,26,0,0.3750,0.3750,0.3750,0.5000,4,0,7,42,22.0,18.948,3,5,7,7,53
real,100,71,26,23,0,-0.1250,0.3750,0.3750,0.8750,5,1,62,62,22.0,19.433,5,6,3,8,49
model,100,71,26,23,0,-0.2500,0.7500,0.7500,0.7500,5,1,22,22,19.0,13.897,5,6,6,2,49
real,100,82,26,21,0,0.3750,0.3750,0.6250,0.5000,6,0,22,29,13.0,10.660,1,4,5,3,47
model,100,82,26,21,0,0.0000,0.2500,0.3750,0.0000,6,0,4,52,16.0,15.856,4,3,6,3,47
real,100,82,23,23,0,0.0000,0.7500,0.6250,-0.2500,3,0,21,77,30.0,29.608,6,11,7,6,46
model,100,82,23,23,0,-0.5000,0.3750,0.5000,0.1250,2,1,85,85,35.0,34.680,6,10,9,10,46
real,100,82,25,26,0,0.3750,0.5000,0.2500,0.2500,5,0,21,30,13.0,12.856,0,4,3,6,51
model,100,82,25,26,0,1.0000,1.0000,1.0000,1.0000,6,1,54,54,17.0,17.928,3,5,5,4,51
real,100,82,23,22,0,0.2500,1.0000,0.8750,0.3750,3,1,89,89,34.0,36.536,7,13,5,9,45
model,100,82,23,22,0,-0.1250,0.8750,0.2500,0.3750,5,0,26,12,12.0,14.134,1,4,5,2,45
real,100,88,22,30,0,0.0000,0.5000,0.5000,0.3750,1,1,100,100,52.0,52.000,18,12,10,12,52
model,100,88,22,30,0,0.1250,0.8750,0.5000,0.6250,5,1,46,46,15.0,16.320,7,0,4,4,52
real,100,88,24,21,0,-0.2500,0.5000,0.6250,0.5000,3,1,67,67,25.0,24.866,6,9,7,3,45
model,100,88,24,21,0,0.1250,0.5000,0.5000,0.7500,2,1,90,90,37.0,38.753,10,7,8,12,45
real,100,88,29,24,0,0.2500,0.7500,0.3750,0.2500,3,1,87,87,39.0,39.701,11,7,10,11,53
model,100,88,29,24,0,0.3750,0.5000,0.2500,-0.1250,2,1,93,93,46.0,46.577,12,11,14,9,53
real,100,88,26,24,0,-0.2500,0.3750,0.3750,0.8750,5,1,72,72,26.0,27.804,6,9,6,5,50
model,100,88,26,24,0,0.0000,1.0000,0.6250,0.5000,5,0,62,12,20.0,19.031,5,4,6,5,50
real,100,86,27,28,0,0.1250,0.7500,0.5000,0.6250,4,0,7,77,32.0,34.887,4,7,11,10,55
model,100,86,27,28,0,0.7500,0.7500,0.8750,0.2500,5,0,15,28,10.0,11.814,2,1,1,6,55
real,100,86,22,25,0,0.1250,0.6250,0.7500,0.5000,6,0,23,55,14.0,16.680,1,5,1,7,47
model,100,86,22,25,0,0.2500,0.6250,0.7500,0.2500,8,0,21,31,6.0,8.433,1,3,1,1,47
real,100,86,21,23,0,0.1250,0.5000,0.5000,0.6250,3,1,75,75,24.0,28.196,9,4,5,6,44
model,100,86,21,23,0,-0.3750,0.5000,0.5000,0.6250,7,0,36,8,8.0,9.835,2,1,2,3,44
real,100,86,24,23,0,-0.1250,0.5000,0.3750,0.3750,3,1,80,80,31.0,29.392,8,9,6,8,47
model,100,86,24,23,0,0.3750,0.6250,0.7500,0.8750,5,1,8,8,16.0,17.186,4,3,4,5,47
real,100,46,25,24,0,0.2500,0.2500,0.5000,0.5000,5,1,31,31,17.0,15.907,1,6,5,5,49
model,100,46,25,24,0,0.0000,0.5000,0.7500,0.5000,1,1,100,100,49.0,49.000,10,12,10,17,49
real,100,39,25,25,0,0.0000,0.8750,0.3750,-0.1250,3,1,78,78,33.0,33.464,5,14,4,10,50
model,100,39,25,25,0,0.0000,0.1250,0.0000,0.7500,3,1,79,79,34.0,31.351,9,8,8,9,50
real,100,39,25,26,1,-0.2500,0.7500,0.5000,0.3750,3,1,74,74,30.0,32.876,5,8,7,10,51
model,100,39,25,26,1,0.0000,0.7500,0.7500,0.5000,3,1,79,79,37.0,33.876,8,3,14,12,51
real,100,46,26,25,0,0.3750,0.5000,0.6250,0.6250,7,0,22,51,17.0,15.557,3,5,8,1,51
model,100,46,26,25,0,0.2500,0.1250,0.7500,0.5000,4,1,86,86,35.0,35.546,11,5,8,11,51
real,100,96,21,18,0,0.3750,0.8750,0.7500,0.3750,5,1,55,55,17.0,14.216,4,7,1,5,39
model,100,96,21,18,0,0.2500,0.5000,0.6250,0.7500,2,1,90,90,31.0,30.959,8,4,12,7,39
real,100,96,21,24,0,-0.1250,0.6250,0.7500,0.7500,3,0,4,2,42.0,42.206,12,9,12,9,45
model,100,96,21,24,0,-0.2500,0.6250,0.5000,0.3750,5,1,45,45,14.0,15.598,5,4,4,1,45
real,100,96,28,26,0,0.1250,0.5000,0.2500,0.3750,5,0,17,3,19.0,21.835,4,8,3,4,54
model,100,96,28,26,0,0.2500,0.6250,0.2500,0.3750,5,0,21,55,20.0,17.887,4,4,11,1,54
real,100,96,27,26,0,0.0000,0.5000,0.8750,0.3750,5,0,22,18,8.0,10.629,0,3,5,0,53
model,100,96,27,26,0,0.1250,0.7500,0.2500,0.2500,5,0,3,58,23.0,22.515,4,6,7,6,53
real,100,82,26,24,0,-0.3750,0.6250,0.8750,0.3750,3,0,13,84,34.0,35.402,5,9,10,10,50
model,100,82,26,24,0,0.1250,0.6250,0.5000,0.5000,4,1,82,82,33.0,32.227,6,9,9,9,50
real,100,82,26,27,0,0.2500,0.7500,0.8750,0.7500,2,1,95,95,50.0,49.361,9,9,15,17,53
model,100,82,26,27,0,0.0000,0.2500,0.5000,0.1250,6,1,39,39,13.0,14.495,2,4,3,4,53
real,100,82,22,28,0,-0.2500,0.8750,0.5000,0.1250,2,1,91,91,39.0,37.938,8,11,9,11,50
model,100,82,22,28,0,0.1250,0.7500,0.5000,0.5000,3,1,79,79,38.0,33.794,13,8,7,10,50
real,100,82,22,23,0,-0.2500,0.8750,0.2500,0.3750,6,1,68,68,24.0,23.412,7,5,5,7,45
model,100,82,22,23,0,0.2500,0.6250,-0.1250,0.3750,3,1,77,77,26.0,29.320,3,5,9,9,45
real,100,68,25,21,0,0.5000,0.6250,0.6250,0.8750,4,1,52,52,11.0,15.897,1,1,6,3,46
model,100,68,25,21,0,0.1250,0.7500,0.5000,0.2500,2,0,37,63,32.0,24.103,7,8,10,7,46
real,100,68,25,23,0,0.0000,0.6250,0.6250,0.3750,7,0,60,11,18.0,17.278,3,5,6,4,48
model,100,68,25,23,0,0.0000,1.0000,0.6250,0.2500,4,0,17,55,16.0,17.155,2,5,8,1,48
real,100,68,25,28,0,0.3750,0.8750,0.0000,0.3750,6,0,33,43,15.0,15.454,5,2,4,4,53
model,100,68,25,28,0,0.3750,0.8750,0.6250,0.3750,3,0,41,57,27.0,25.866,3,4,11,9,53
real,100,68,19,23,0,1.0000,1.0000,1.0000,1.0000,3,1,49,49,18.0,18.258,3,4,4,7,42
model,100,68,19,23,0,0.0000,0.7500,0.6250,1.0000,3,1,63,63,21.0,21.021,5,3,7,6,42
real,100,52,26,24,0,-0.2500,0.7500,0.5000,0.3750,5,0,63,6,24.0,22.670,5,6,9,4,50
model,100,52,26,24,0,0.0000,0.3750,0.6250,0.5000,3,0,82,13,36.0,33.979,7,9,6,14,50
real,100,52,22,21,0,0.3750,0.6250,0.5000,0.5000,5,0,30,23,9.0,12.309,2,2,2,3,43
model,100,52,22,21,0,0.0000,0.5000,0.5000,0.3750,4,1,28,28,16.0,13.732,2,4,5,5,43
real,100,52,26,24,0,0.1250,0.6250,0.3750,0.5000,4,0,3,59,21.0,24.165,7,5,4,5,50
model,100,52,26,24,0,0.3750,0.8750,0.3750,0.3750,7,1,32,32,8.0,12.155,2,2,2,2,50
real,100,39,23,25,0,-0.1250,0.8750,0.7500,0.2500,1,1,100,100,48.0,48.000,14,12,12,10,48
model,100,39,23,25,0,0.2500,0.6250,0.7500,0.8750,1,1,100,100,48.0,48.000,9,12,15,12,48
real,100,46,23,25,0,0.0000,0.5000,-0.1250,0.6250,4,0,49,38,12.0,17.660,4,3,2,3,48
model,100,46,23,25,0,0.2500,0.7500,0.7500,0.3750,4,0,44,52,20.0,22.330,2,3,9,6,48
real,100,46,24,26,1,0.3750,0.8750,0.3750,0.2500,2,1,98,98,50.0,48.969,12,15,14,9,50
model,100,46,24,26,1,0.7500,0.6250,1.0000,0.5000,5,0,53,23,16.0,17.268,2,4,7,3,50
real,100,46,23,27,1,-0.2500,0.7500,0.5000,0.1250,4,1,93,93,44.0,42.742,13,12,10,9,50
model,100,46,23,27,1,0.1250,0.5000,0.5000,0.6250,4,0,26,70,25.0,25.485,9,3,9,4,50
real,100,46,26,23,0,0.0000,0.6250,0.5000,0.7500,5,0,18,39,14.0,14.835,2,4,3,5,49
model,100,46,26,23,0,0.0000,0.7500,0.1250,0.5000,6,0,61,20,23.0,20.856,5,6,6,6,49
real,100,67,26,26,0,0.0000,0.7500,0.1250,0.6250,5,1,55,55,11.0,19.165,3,3,3,2,52
model,100,67,26,26,0,-0.2500,1.0000,0.3750,0.7500,5,0,58,33,30.0,23.392,6,9,6,9,52
real,100,31,24,22,0,0.0000,0.5000,0.2500,0.1250,4,0,31,61,16.0,23.093,5,3,4,4,46
model,100,31,24,22,0,-0.1250,0.5000,0.5000,0.6250,5,0,25,4,14.0,13.619,2,2,4,6,46
real,100,31,23,26,0,0.1250,0.7500,0.3750,0.0000,2,1,43,43,25.0,24.825,4,5,8,8,49
model,100,31,23,26,0,-0.1250,0.8750,0.1250,0.2500,2,0,70,30,35.0,28.577,11,4,16,4,49
real,100,67,22,27,0,0.1250,0.8750,0.8750,0.3750,4,0,3,52,23.0,18.103,2,8,6,7,49
model,100,67,22,27,0,-0.3750,0.3750,0.3750,0.2500,5,0,12,4,20.0,15.268,5,5,3,7,49
real,100,49,23,27,0,0.5000,0.5000,0.3750,0.5000,4,1,69,69,28.0,28.052,8,7,7,6,50
model,100,49,23,27,0,-0.1250,0.7500,0.8750,0.5000,4,1,70,70,25.0,22.763,3,7,11,4,50
real,100,9,24,29,0,-0.1250,0.6250,0.3750,0.2500,3,0,52,8,16.0,23.124,0,7,4,5,53
model,100,9,24,29,0,0.5000,0.8750,0.7500,0.2500,3,1,27,27,28.0,27.876,7,7,8,6,53
real,100,49,26,25,0,-0.1250,0.5000,0.3750,0.0000,3,0,86,10,38.0,38.474,10,10,8,10,51
model,100,49,26,25,0,0.0000,0.6250,0.6250,0.3750,5,0,12,39,18.0,18.412,4,6,4,4,51
real,100,36,24,25,0,-0.3750,0.5000,0.3750,0.3750,3,0,75,13,24.0,30.485,3,6,8,7,49
model,100,36,24,25,0,0.1250,0.3750,0.1250,0.3750,4,0,52,42,20.0,21.742,6,3,6,5,49
real,100,72,25,25,0,0.0000,1.0000,1.0000,1.0000,3,1,65,65,24.0,25.423,4,7,6,7,50
model,100,72,25,25,0,0.0000,0.8750,0.5000,0.7500,4,0,74,17,30.0,27.062,10,8,5,7,50
real,100,72,23,24,0,0.0000,0.8750,0.8750,0.2500,3,1,88,88,37.0,37.887,11,8,11,7,47
model,100,72,23,24,0,-0.1250,0.5000,0.2500,0.5000,4,0,6,17,14.0,17.412,4,2,3,5,47
real,100,72,27,21,0,0.3750,0.1250,0.5000,0.6250,5,0,13,43,12.0,12.309,2,7,2,1,48
model,100,72,27,21,0,-0.3750,0.6250,0.7500,0.6250,4,1,59,59,21.0,19.887,4,7,6,4,48
real,100,72,19,23,0,0.2500,0.6250,0.1250,0.3750,5,0,8,31,12.0,11.660,2,5,3,2,42
model,100,72,19,23,0,0.1250,0.5000,0.7500,0.3750,2,0,49,51,19.0,20.742,2,4,6,7,42
real,100,70,27,19,0,0.0000,0.6250,0.2500,0.5000,5,0,7,9,17.0,17.557,5,6,1,5,46
model,100,70,27,19,0,-0.2500,0.1250,0.6250,0.3750,6,0,53,11,18.0,15.763,6,4,5,3,46
real,100,70,21,29,0,0.3750,0.8750,0.6250,0.5000,2,1,92,92,43.0,41.649,12,11,9,11,50
model,100,70,21,29,0,0.2500,0.6250,0.8750,0.3750,3,1,57,57,21.0,21.175,7,4,5,5,50
real,100,70,20,22,1,0.2500,0.3750,0.2500,0.3750,5,1,23,23,13.0,18.000,4,4,2,3,42
model,100,70,20,22,1,0.5000,0.5000,0.3750,0.5000,4,0,64,28,25.0,21.804,3,10,7,5,42
real,100,70,25,23,0,1.0000,1.0000,1.0000,1.0000,4,0,3,84,34.0,34.196,4,15,7,8,48
model,100,70,25,23,0,0.1250,0.6250,0.6250,0.3750,3,1,91,91,43.0,39.268,10,14,8,11,48
real,100,65,22,23,0,0.2500,0.7500,0.2500,0.1250,7,0,13,55,16.0,14.206,6,6,2,2,45
model,100,65,22,23,0,0.2500,0.1250,0.6250,0.3750,3,1,82,82,33.0,31.784,7,10,8,8,45
real,100,65,23,22,0,-0.2500,0.6250,0.3750,0.2500,5,0,30,53,16.0,18.062,3,4,3,6,45
model,100,65,23,22,0,0.3750,0.3750,0.3750,0.3750,5,0,16,44,12.0,15.670,3,2,4,3,45
real,100,65,25,23,0,-0.3750,0.3750,0.3750,0.0000,4,0,9,51,21.0,18.928,3,9,6,3,48
model,100,65,25,23,0,1.0000,1.0000,1.0000,1.0000,3,0,2,82,40.0,35.567,8,10,8,14,48
real,100,65,24,27,0,-0.2500,0.3750,0.3750,0.3750,5,0,32,48,13.0,19.237,6,2,0,5,51
model,100,65,24,27,0,-0.7500,0.5000,0.3750,0.0000,3,1,69,69,26.0,26.773,7,5,6,8,51
real,100,7,24,25,0,-0.1250,0.5000,0.3750,0.5000,5,0,39,27,9.0,12.969,1,2,2,4,49
model,100,7,24,25,0,0.2500,0.7500,0.8750,0.7500,3,1,91,91,40.0,40.979,13,11,9,7,49
real,100,59,22,27,0,0.2500,0.7500,0.2500,0.0000,5,0,38,49,19.0,19.000,3,6,4,6,49
model,100,59,22,27,0,0.1250,1.0000,0.5000,0.7500,3,0,18,15,23.0,24.361,7,5,7,4,49
real,100,59,14,23,0,-0.2500,0.3750,0.2500,0.0000,3,1,82,82,26.0,25.165,2,9,10,5,37
model,100,59,14,23,0,0.2500,0.6250,0.3750,0.2500,4,1,57,57,17.0,16.577,1,4,5,7,37
real,100,27,26,23,0,-0.1250,0.2500,0.5000,0.0000,3,1,64,64,31.0,24.814,7,9,8,7,49
model,100,27,26,23,0,-0.1250,0.8750,0.3750,0.3750,5,1,67,67,23.0,23.763,4,5,10,4,49
real,100,71,23,25,0,-0.1250,0.7500,0.5000,0.6250,3,1,95,95,43.0,45.526,10,13,8,12,48
model,100,71,23,25,0,0.6250,0.5000,0.2500,0.2500,7,0,29,25,7.0,8.887,1,2,2,2,48
real,100,71,20,27,0,0.5000,0.7500,0.3750,0.5000,6,0,41,6,9.0,12.557,1,4,3,1,47
model,100,71,20,27,0,0.2500,0.3750,0.5000,0.6250,4,1,71,71,21.0,24.918,4,9,3,5,47
real,100,71,26,25,0,0.2500,0.7500,0.6250,0.3750,4,0,70,18,31.0,29.175,11,7,6,7,51
model,100,71,26,25,0,-0.1250,0.6250,0.6250,0.3750,4,0,40,53,15.0,22.784,5,3,5,2,51
real,100,71,27,22,0,-0.1250,0.6250,0.2500,0.1250,4,0,9,86,37.0,35.979,8,13,9,7,49
model,100,71,27,22,0,0.0000,0.5000,0.6250,0.5000,4,1,57,57,11.0,19.887,2,3,3,3,49
real,100,32,26,25,0,0.0000,0.3750,0.2500,0.3750,6,0,10,36,12.0,12.309,2,2,5,3,51
model,100,32,26,25,0,0.1250,0.8750,0.1250,0.0000,5,0,36,34,17.0,14.495,6,6,4,1,51
real,100,24,22,28,0,-0.1250,0.6250,0.7500,0.7500,3,0,16,69,29.0,25.794,8,5,7,9,50
model,100,24,22,28,0,-0.2500,0.5000,0.5000,0.3750,3,1,87,87,39.0,39.381,10,10,9,10,50
real,100,32,23,27,0,-0.1250,0.7500,0.3750,0.3750,3,0,63,30,25.0,24.186,6,6,11,2,50
model,100,32,23,27,0,0.1250,0.7500,0.5000,0.2500,5,0,18,6,22.0,23.010,7,5,8,2,50
real,100,22,25,26,0,-0.1250,0.6250,0.6250,0.3750,3,0,75,22,31.0,30.175,6,4,14,7,51
model,100,22,25,26,0,0.1250,0.8750,0.3750,0.2500,5,0,50,43,22.0,22.351,6,3,5,8,51
real,100,50,20,19,0,0.1250,0.5000,0.3750,0.6250,4,0,6,80,22.0,25.320,5,7,4,6,39
model,100,50,20,19,0,-0.3750,0.7500,0.1250,0.2500,3,1,78,78,23.0,22.835,10,4,7,2,39
real,100,37,21,22,1,0.1250,0.6250,0.3750,0.2500,4,1,69,69,22.0,21.835,6,6,6,4,43
model,100,37,21,22,1,-0.1250,0.8750,0.2500,0.5000,7,0,10,57,15.0,15.103,5,4,5,1,43
real,100,50,30,24,0,-0.1250,0.3750,0.3750,0.3750,2,0,95,5,49.0,49.918,15,9,14,11,54
model,100,50,30,24,0,0.0000,0.6250,0.5000,0.2500,3,1,89,89,43.0,42.010,11,11,4,17,54
real,100,50,30,19,0,0.5000,0.6250,0.2500,0.1250,4,0,33,56,11.0,21.351,5,0,3,3,49
model,100,50,30,19,0,-0.1250,0.3750,0.6250,0.6250,4,1,70,70,24.0,25.742,3,7,7,7,49
real,100,68,23,24,0,-0.2500,0.7500,0.5000,0.6250,3,1,68,68,22.0,23.454,5,4,5,8,47
model,100,68,23,24,0,0.6250,0.7500,0.5000,1.0000,3,1,96,96,44.0,44.113,10,10,12,12,47
real,100,68,19,19,1,0.1250,0.6250,0.2500,0.6250,5,0,9,80,24.0,25.309,4,8,5,7,38
model,100,68,19,19,1,-0.1250,0.8750,0.1250,0.1250,6,0,18,32,6.0,7.835,0,3,3,0,38
real,100,68,23,27,0,0.0000,0.8750,0.3750,0.5000,5,0,24,61,23.0,22.216,8,6,1,8,50
model,100,68,23,27,0,0.0000,0.7500,0.6250,0.3750,3,1,90,90,45.0,39.711,13,10,10,12,50
real,100,68,25,25,0,1.0000,1.0000,1.0000,1.0000,3,1,41,41,16.0,16.680,3,6,3,4,50
model,100,68,25,25,0,0.0000,0.7500,0.6250,0.5000,6,0,50,6,17.0,18.515,2,6,3,6,50
real,100,80,21,25,1,0.1250,0.7500,0.7500,0.6250,8,0,9,2,7.0,11.670,0,3,2,2,46
model,100,80,21,25,1,-0.2500,0.7500,0.6250,0.3750,4,0,18,49,15.0,13.175,3,7,5,0,46
real,100,80,25,25,0,0.0000,0.7500,0.1250,0.6250,5,1,37,37,19.0,16.619,8,5,4,2,50
model,100,80,25,25,0,0.0000,0.3750,0.3750,0.3750,4,0,89,5,35.0,38.742,9,10,6,10,50
real,100,80,24,22,0,-0.2500,0.6250,0.5000,-0.1250,4,0,27,68,28.0,22.495,3,11,10,4,46
model,100,80,24,22,0,0.2500,0.5000,0.6250,0.0000,6,0,17,13,12.0,9.443,1,5,3,3,46
real,100,80,22,21,0,0.0000,0.7500,0.5000,0.5000,6,0,5,80,28.0,26.062,4,4,9,11,43
model,100,80,22,21,0,0.7500,0.7500,0.3750,0.7500,7,0,32,6,6.0,9.371,1,2,1,2,43
real,100,67,23,28,0,0.2500,0.5000,0.1250,0.6250,3,1,36,36,18.0,23.330,6,3,3,6,51
model,100,67,23,28,0,-0.1250,0.5000,0.5000,0.0000,6,0,17,35,13.0,10.598,5,3,2,3,51
real,100,9,24,24,0,0.2500,0.3750,0.6250,0.3750,3,0,41,25,16.0,16.557,2,4,7,3,48
model,100,9,24,24,0,0.0000,0.7500,0.5000,0.2500,6,1,72,72,24.0,26.763,8,2,7,7,48
real,100,67,23,22,0,0.1250,0.6250,0.5000,0.6250,4,1,50,50,12.0,15.381,6,2,2,2,45
model,100,67,23,22,0,0.1250,0.3750,0.2500,0.1250,3,1,88,88,32.0,34.485,11,6,5,10,45
real,100,67,19,31,0,0.0000,0.7500,0.5000,0.5000,5,1,67,67,24.0,26.412,4,5,9,6,50
model,100,67,19,31,0,0.2500,0.7500,0.6250,0.2500,4,1,73,73,26.0,27.000,7,2,8,9,50
real,100,29,29,27,0,0.1250,0.2500,0.6250,0.3750,1,1,100,100,56.0,56.000,9,13,17,17,56
model,100,29,29,27,0,0.1250,0.6250,0.3750,0.2500,3,0,66,6,28.0,29.845,11,5,5,7,56
real,100,58,23,25,1,-0.2500,0.8750,0.6250,0.0000,7,1,33,33,10.0,10.701,0,3,5,2,48
model,100,58,23,25,1,0.1250,0.5000,0.6250,0.2500,6,0,11,34,11.0,9.608,2,6,1,2,48
real,100,58,26,23,0,1.0000,1.0000,1.0000,1.0000,5,0,2,65,23.0,23.629,6,8,6,3,49
model,100,58,26,23,0,-0.2500,1.0000,0.7500,0.1250,6,0,65,13,24.0,21.845,5,6,7,6,49
real,100,29,27,16,0,-0.5000,0.6250,0.3750,0.0000,4,1,47,47,13.0,14.000,4,4,3,2,43
model,100,29,27,16,0,0.0000,0.6250,0.2500,0.6250,6,1,71,71,23.0,19.959,4,4,3,12,43
real,100,10,24,24,0,0.2500,0.6250,0.3750,0.3750,4,0,46,43,15.0,18.144,1,4,4,6,48
model,100,10,24,24,0,0.2500,0.3750,0.6250,0.5000,5,1,81,81,31.0,30.196,8,5,11,7,48
real,100,8,29,27,0,0.1250,0.6250,0.7500,0.7500,4,0,12,28,15.0,17.052,6,3,2,4,56
model,100,8,29,27,0,0.2500,0.7500,0.7500,0.1250,4,0,44,52,24.0,26.134,7,5,7,5,56
real,100,79,21,28,0,0.0000,0.6250,0.6250,0.2500,3,0,16,32,20.0,20.227,5,3,8,4,49
model,100,79,21,28,0,-0.1250,0.5000,0.2500,0.3750,3,0,66,31,22.0,24.082,5,5,6,6,49
real,100,79,20,19,0,-0.1250,0.7500,0.0000,0.5000,4,0,44,47,16.0,17.155,4,5,6,1,39
model,100,79,20,19,0,0.2500,0.7500,0.3750,0.2500,5,0,61,32,17.0,17.784,1,6,6,4,39
real,100,32,25,22,0,0.2500,0.5000,0.5000,0.1250,3,0,27,62,19.0,19.381,2,7,6,4,47
model,100,32,25,22,0,-0.1250,0.6250,0.6250,0.6250,2,1,60,60,22.0,23.351,6,4,7,5,47
real,100,32,27,22,0,0.1250,0.7500,0.5000,0.1250,3,0,50,48,20.0,23.330,6,2,9,3,49
model,100,32,27,22,0,0.3750,0.7500,0.5000,0.5000,5,0,66,17,21.0,22.361,3,10,4,4,49
real,100,32,24,25,1,0.3750,1.0000,0.7500,0.7500,3,1,94,94,46.0,45.062,15,11,11,9,49
model,100,32,24,25,1,0.1250,0.6250,1.0000,0.3750,6,1,16,16,15.0,17.000,2,5,5,3,49
real,100,12,29,21,0,0.1250,0.6250,0.8750,0.8750,3,0,64,17,23.0,24.454,10,7,4,2,50
model,100,12,29,21,0,0.0000,0.7500,0.7500,0.8750,6,1,60,60,27.0,20.577,9,6,4,8,50
real,100,73,24,24,0,-0.1250,0.8750,0.6250,0.6250,8,0,11,20,5.0,6.093,0,3,1,1,48
model,100,73,24,24,0,0.0000,0.6250,0.5000,0.6250,3,0,79,10,32.0,31.763,6,3,11,12,48
real,100,73,23,24,0,0.3750,1.0000,0.5000,0.6250,6,0,24,13,17.0,12.216,3,5,4,5,47
model,100,73,23,24,0,-0.1250,0.1250,0.1250,0.2500,4,0,35,53,16.0,19.454,3,2,4,7,47
real,100,73,23,25,0,0.0000,0.8750,0.2500,0.2500,4,0,61,13,17.0,17.526,3,2,9,3,48
model,100,73,23,25,0,-0.1250,0.3750,0.3750,0.3750,3,1,84,84,34.0,35.052,8,10,6,10,48
real,100,73,22,29,0,-0.1250,0.6250,0.3750,0.8750,5,0,5,24,14.0,16.082,2,3,4,5,51
model,100,73,22,29,0,0.1250,0.6250,0.2500,0.6250,6,1,46,46,11.0,15.216,6,3,1,1,51
real,100,27,21,26,0,-0.1250,0.7500,0.3750,0.3750,3,0,46,51,16.0,21.588,2,6,4,4,47
model,100,27,21,26,0,0.1250,0.5000,0.3750,0.1250,7,1,66,66,21.0,17.907,4,2,9,6,47
real,100,41,24,23,0,0.2500,0.5000,0.1250,0.1250,2,1,98,98,44.0,44.093,7,7,15,15,47
model,100,41,24,23,0,0.1250,0.6250,0.6250,0.8750,6,1,36,36,7.0,11.845,0,3,1,3,47
real,100,41,21,18,1,0.3750,0.5000,0.1250,0.7500,4,1,46,46,21.0,18.031,7,4,4,6,39
model,100,41,21,18,1,0.3750,0.6250,0.3750,0.7500,5,0,13,13,15.0,16.495,4,2,4,5,39
real,100,41,23,29,0,0.1250,0.6250,0.6250,0.3750,2,1,86,86,39.0,42.330,6,10,15,8,52
model,100,41,23,29,0,0.1250,0.7500,0.2500,0.6250,3,0,92,5,44.0,44.639,13,5,13,13,52
real,100,83,24,26,0,0.0000,0.6250,0.3750,0.6250,7,0,10,21,19.0,16.010,2,9,4,4,50
model,100,83,24,26,0,-0.5000,0.7500,0.3750,0.5000,5,1,45,45,16.0,20.216,3,3,4,6,50
real,100,83,26,26,0,-0.1250,0.5000,0.3750,0.1250,5,0,9,17,21.0,23.887,8,4,4,5,52
model,100,83,26,26,0,0.1250,0.3750,0.6250,0.2500,4,0,86,4,38.0,36.784,5,16,11,6,52
real,100,83,25,25,0,0.6250,0.6250,0.6250,0.2500,4,1,78,78,33.0,29.443,8,10,8,7,50
model,100,83,25,25,0,0.0000,0.7500,0.2500,0.3750,6,0,42,10,10.0,11.567,4,1,2,3,50
real,100,83,28,26,1,0.0000,0.2500,0.3750,0.5000,3,1,94,94,48.0,48.845,13,10,14,11,54
model,100,83,28,26,1,0.2500,0.5000,0.6250,0.5000,3,1,39,39,13.0,17.598,6,3,2,2,54
real,100,94,28,22,0,0.5000,0.8750,0.1250,0.7500,7,0,27,59,24.0,19.680,2,7,10,5,50
model,100,94,28,22,0,-0.6250,0.6250,0.0000,0.5000,3,1,89,89,38.0,40.938,7,13,11,7,50
real,100,94,25,22,0,0.2500,0.5000,0.7500,0.0000,3,1,20,20,27.0,30.134,7,2,12,6,47
model,100,94,25,22,0,0.1250,0.8750,0.5000,0.2500,3,1,56,56,17.0,21.557,4,4,5,4,47
real,100,94,20,23,0,-0.1250,0.1250,0.2500,0.8750,5,0,21,22,11.0,12.866,3,2,5,1,43
model,100,94,20,23,0,0.0000,0.7500,0.3750,0.5000,4,1,72,72,20.0,21.062,5,5,3,7,43
real,100,94,24,27,0,-0.1250,0.6250,0.3750,0.7500,5,0,11,10,19.0,13.412,7,4,6,2,51
model,100,94,24,27,0,-0.2500,0.5000,0.2500,0.6250,6,0,8,45,12.0,15.371,2,6,1,3,51
real,100,39,23,22,0,0.0000,0.7500,0.3750,0.2500,3,1,90,90,33.0,33.763,9,10,8,6,45
model,100,39,23,22,0,0.3750,0.8750,0.8750,0.7500,7,0,34,3,6.0,9.474,1,3,0,2,45
real,100,33,27,19,0,0.2500,0.5000,0.7500,0.6250,6,0,24,3,14.0,13.784,2,6,4,2,46
model,100,33,27,19,0,0.5000,1.0000,0.7500,0.5000,4,0,12,15,27.0,25.959,8,6,5,8,46
real,100,33,21,26,0,0.2500,0.5000,0.3750,0.6250,3,1,51,51,17.0,16.361,3,2,8,4,47
model,100,33,21,26,0,-0.1250,0.5000,0.5000,-0.1250,4,0,20,43,16.0,12.969,4,6,4,2,47
real,100,33,22,25,0,0.0000,0.1250,0.2500,0.2500,2,1,93,93,41.0,41.010,10,12,10,9,47
model,100,33,22,25,0,0.0000,0.7500,0.2500,0.7500,5,1,77,77,29.0,28.247,7,5,5,12,47
real,100,61,26,23,0,0.1250,0.7500,0.7500,0.3750,5,0,53,24,22.0,17.392,5,7,6,4,49
model,100,61,26,23,0,1.0000,1.0000,1.0000,1.0000,3,1,32,32,17.0,18.299,5,5,3,4,49
real,100,61,23,26,0,0.3750,0.7500,0.2500,0.2500,2,1,61,61,31.0,25.175,6,10,6,9,49
model,100,61,23,26,0,1.0000,1.0000,1.0000,1.0000,5,1,54,54,23.0,17.093,4,7,5,7,49
real,100,61,20,19,0,-0.2500,0.6250,0.7500,0.0000,2,1,97,97,37.0,36.845,11,9,10,7,39
model,100,61,20,19,0,-0.1250,0.8750,0.7500,0.6250,5,0,19,41,14.0,10.443,2,7,1,4,39
real,100,61,21,26,0,0.1250,0.5000,0.6250,0.1250,5,1,73,73,26.0,24.526,4,7,7,8,47
model,100,61,21,26,0,0.0000,0.3750,0.6250,-0.1250,4,1,68,68,23.0,23.495,4,7,7,5,47
real,100,35,16,25,0,0.1250,0.8750,0.0000,0.0000,6,0,54,22,14.0,14.969,2,5,4,3,41
model,100,35,16,25,0,0.0000,0.6250,0.6250,0.3750,2,0,61,39,20.0,21.990,5,7,5,3,41
real,100,36,20,27,0,-0.3750,0.6250,0.3750,0.2500,4,1,90,90,36.0,37.814,13,9,5,9,47
model,100,36,20,27,0,-0.1250,0.8750,0.3750,0.5000,3,1,37,37,24.0,21.959,6,6,6,6,47
real,100,36,28,26,0,0.1250,0.8750,0.3750,0.8750,4,0,10,36,21.0,20.216,5,4,6,6,54
model,100,36,28,26,0,-0.1250,0.8750,0.8750,0.7500,5,0,3,55,24.0,21.309,7,7,5,5,54
real,100,35,25,24,0,0.2500,0.8750,0.7500,0.6250,6,0,2,66,21.0,23.753,1,7,8,5,49
model,100,35,25,24,0,-0.2500,0.3750,0.6250,0.2500,4,0,63,12,22.0,22.619,3,4,12,3,49
real,100,75,20,27,0,0.3750,0.6250,0.3750,0.1250,5,1,76,76,26.0,26.938,6,4,6,10,47
model,100,75,20,27,0,-0.3750,1.0000,0.8750,0.3750,7,0,2,34,9.0,10.701,0,3,2,4,47
real,100,75,19,21,2,-0.6250,0.7500,0.5000,0.2500,5,1,77,77,24.0,24.546,4,8,5,7,40
model,100,75,19,21,2,1.0000,1.0000,1.0000,1.0000,6,1,50,50,18.0,13.227,5,6,5,2,40
real,100,75,26,24,0,0.2500,0.8750,0.5000,0.6250,4,0,64,3,18.0,22.804,3,4,4,7,50
model,100,75,26,24,0,-0.2500,0.7500,0.1250,0.1250,6,0,51,5,15.0,18.639,3,2,6,4,50
real,100,75,22,27,0,0.2500,0.5000,0.2500,0.3750,2,0,68,32,29.0,27.402,6,8,5,10,49
model,100,75,22,27,0,0.1250,0.7500,0.3750,0.5000,4,1,41,41,20.0,15.196,9,6,3,2,49
real,100,81,24,24,0,0.1250,0.2500,0.2500,0.5000,4,0,9,87,36.0,34.639,11,10,10,5,48
model,100,81,24,24,0,-0.1250,0.7500,0.5000,0.0000,5,0,7,46,12.0,16.526,3,3,4,2,48
real,100,81,23,24,0,-0.3750,0.3750,0.1250,0.5000,3,1,92,92,40.0,41.371,8,14,5,13,47
model,100,81,23,24,0,-0.3750,0.6250,0.3750,0.5000,5,1,34,34,23.0,20.485,8,2,8,5,47
real,100,81,24,27,0,0.1250,0.6250,0.2500,0.5000,4,0,53,12,14.0,17.691,6,3,2,3,51
model,100,81,24,27,0,-0.2500,0.7500,0.5000,0.1250,7,0,41,17,18.0,13.052,6,5,5,2,51
real,100,81,24,26,0,0.1250,0.6250,0.7500,0.6250,3,1,68,68,27.0,25.052,4,6,6,11,50
model,100,81,24,26,0,0.1250,0.1250,0.1250,0.3750,4,0,3,62,25.0,22.928,4,9,7,5,50
real,100,20,23,24,0,0.6250,0.7500,0.5000,0.6250,6,0,50,17,11.0,14.381,3,3,5,0,47
model,100,20,23,24,0,0.5000,0.3750,0.7500,0.5000,6,1,38,38,15.0,15.773,5,2,2,6,47
real,100,51,26,22,0,-0.1250,0.2500,0.6250,0.2500,6,0,19,47,12.0,13.825,5,3,4,0,48
model,100,51,26,22,0,0.5000,0.7500,1.0000,0.8750,4,1,62,62,19.0,21.443,8,2,3,6,48
real,100,51,28,22,0,-0.2500,0.6250,0.1250,0.2500,5,0,26,50,16.0,17.577,4,4,2,6,50
model,100,51,28,22,0,0.2500,0.3750,0.5000,0.0000,2,1,98,98,47.0,48.969,10,14,8,15,50
real,100,51,22,25,0,0.5000,0.6250,0.7500,0.7500,4,0,62,14,12.0,17.608,4,5,2,1,47
model,100,51,22,25,0,0.2500,0.7500,0.3750,0.1250,4,1,52,52,19.0,19.711,6,2,5,6,47
real,100,81,23,26,0,-0.3750,0.6250,0.6250,0.8750,4,0,61,11,18.0,21.567,7,3,2,6,49
model,100,81,23,26,0,0.0000,0.7500,0.7500,0.6250,3,0,92,4,43.0,43.660,13,10,7,13,49
real,100,81,22,23,0,0.1250,1.0000,0.7500,1.0000,5,1,36,36,10.0,12.227,2,2,2,4,45
model,100,81,22,23,0,0.2500,0.6250,0.5000,0.2500,6,0,19,67,21.0,21.608,4,8,6,3,45
real,100,81,26,25,0,0.0000,1.0000,0.5000,0.6250,5,0,8,71,25.0,26.722,5,4,8,8,51
model,100,81,26,25,0,0.3750,0.8750,0.7500,0.7500,4,1,74,74,27.0,27.351,2,9,6,10,51
real,100,81,17,21,0,-0.1250,0.6250,0.3750,0.3750,3,0,4,48,20.0,17.753,4,7,3,6,38
model,100,81,17,21,0,-0.2500,0.5000,0.3750,0.5000,3,0,12,81,30.0,28.021,8,9,3,10,38
real,100,62,21,26,0,0.2500,0.6250,0.1250,0.5000,4,1,50,50,11.0,17.196,2,5,2,2,47
model,100,62,21,26,0,-0.3750,0.7500,0.7500,0.6250,3,1,85,85,39.0,33.845,11,11,8,9,47
real,100,62,29,24,0,-0.1250,0.8750,0.6250,0.7500,6,1,64,64,24.0,23.773,2,7,8,7,53
model,100,62,29,24,0,-0.1250,0.3750,0.8750,0.6250,2,0,73,27,33.0,30.258,7,8,8,10,53
real,100,62,25,28,1,0.0000,0.5000,0.5000,0.5000,6,1,54,54,19.0,19.990,4,4,4,7,53
model,100,62,25,28,1,0.2500,0.3750,0.1250,0.5000,3,1,71,71,27.0,26.495,10,6,4,7,53
real,100,62,22,27,0,1.0000,1.0000,1.0000,1.0000,5,1,21,21,14.0,19.237,1,7,2,4,49
model,100,62,22,27,0,1.0000,1.0000,1.0000,1.0000,4,1,46,46,23.0,18.753,3,10,9,1,49
real,100,93,24,22,0,-0.3750,1.0000,0.5000,0.5000,2,0,96,4,43.0,43.629,17,10,6,10,46
model,100,93,24,22,0,-0.2500,0.8750,0.3750,0.2500,5,0,30,49,11.0,15.691,3,1,0,7,46
real,100,93,24,24,0,1.0000,1.0000,1.0000,1.0000,7,1,21,21,18.0,21.990,6,3,7,2,48
model,100,93,24,24,0,-0.2500,0.5000,0.6250,0.2500,6,0,19,36,11.0,11.887,3,2,4,2,48
real,100,93,21,23,1,-0.2500,0.6250,0.6250,0.2500,4,1,79,79,30.0,30.969,6,10,5,9,44
model,100,93,21,23,1,0.0000,0.2500,0.2500,0.6250,5,1,57,57,19.0,17.897,6,3,5,5,44
real,100,93,25,30,0,0.2500,0.7500,0.7500,0.5000,3,0,7,91,50.0,47.784,11,8,18,13,55
model,100,93,25,30,0,0.0000,0.6250,0.2500,0.5000,6,1,63,63,30.0,26.113,4,10,10,6,55
real,100,50,23,23,0,1.0000,1.0000,1.0000,1.0000,4,1,35,35,10.0,14.381,1,3,2,4,46
model,100,50,23,23,0,-0.1250,0.5000,0.3750,0.3750,5,0,7,70,23.0,21.649,3,9,7,4,46
real,100,50,24,25,0,0.5000,0.7500,0.6250,0.8750,5,0,7,50,17.0,17.567,8,4,4,1,49
model,100,50,24,25,0,0.3750,0.2500,0.5000,0.6250,3,0,32,63,21.0,24.526,3,8,7,3,49
real,100,50,25,25,0,-0.1250,0.7500,0.5000,0.2500,4,0,35,38,17.0,15.278,4,3,5,5,50
model,100,50,25,25,0,0.1250,0.7500,0.6250,-0.1250,4,0,48,27,20.0,17.402,3,9,5,3,50
real,100,17,22,25,0,0.0000,0.8750,0.3750,0.7500,6,0,11,35,14.0,11.289,6,2,1,5,47
model,100,17,22,25,0,0.1250,0.5000,0.2500,0.3750,4,0,21,72,27.0,27.485,6,6,8,7,47
real,100,58,24,23,0,-0.2500,0.2500,0.6250,0.1250,3,1,66,66,21.0,23.340,5,7,4,5,47
model,100,58,24,23,0,0.2500,0.7500,0.5000,0.6250,4,0,65,12,23.0,23.134,6,8,4,5,47
real,100,58,28,22,0,-0.3750,0.8750,-0.1250,0.3750,6,1,66,66,24.0,20.505,4,10,2,8,50
model,100,58,28,22,0,0.3750,0.6250,0.3750,0.0000,2,1,70,70,32.0,27.485,9,5,11,7,50
real,100,58,24,22,0,0.3750,0.8750,0.5000,0.5000,5,0,32,27,12.0,12.505,2,3,4,3,46
model,100,58,24,22,0,-0.2500,0.6250,0.3750,0.2500,6,0,49,20,11.0,13.062,3,2,2,4,46
real,100,42,23,22,0,-0.2500,1.0000,0.3750,0.5000,2,1,97,97,42.0,42.660,5,12,10,15,45
model,100,42,23,22,0,0.3750,0.3750,0.6250,0.0000,4,1,50,50,14.0,14.330,5,2,7,0,45
real,100,57,20,28,0,-0.1250,0.7500,0.5000,0.5000,4,0,2,68,23.0,23.515,5,7,3,8,48
model,100,57,20,28,0,1.0000,1.0000,1.0000,1.0000,2,0,98,2,48.0,47.505,11,17,6,14,48
real,100,57,23,28,0,-0.1250,0.8750,0.5000,0.3750,4,1,86,86,37.0,38.784,5,8,14,10,51
model,100,57,23,28,0,0.2500,0.7500,0.6250,0.6250,3,1,91,91,44.0,41.052,13,8,12,11,51
real,100,57,27,27,0,0.1250,0.7500,0.5000,0.5000,2,1,77,77,33.0,32.619,9,9,7,8,54
model,100,57,27,27,0,-0.2500,0.5000,0.1250,0.1250,4,1,20,20,16.0,15.804,2,3,6,5,54
real,100,57,24,22,0,0.1250,0.3750,0.1250,0.0000,4,0,47,26,21.0,16.680,5,8,5,3,46
model,100,57,24,22,0,0.1250,0.6250,0.6250,0.0000,5,1,83,83,30.0,31.711,10,4,6,10,46
real,100,61,28,23,0,0.0000,0.7500,0.3750,0.3750,4,0,53,14,20.0,19.206,4,5,7,4,51
model,100,61,28,23,0,0.0000,0.5000,0.8750,0.6250,4,0,20,4,25.0,18.649,6,3,10,6,51
real,100,61,25,22,0,0.1250,0.7500,0.0000,0.5000,5,0,53,36,23.0,18.845,7,5,8,3,47
model,100,61,25,22,0,-0.1250,0.7500,0.2500,0.2500,3,0,25,73,24.0,26.258,6,5,8,5,47
real,100,35,23,28,0,-0.2500,0.3750,0.6250,0.3750,3,1,95,95,45.0,46.515,9,9,18,9,51
model,100,35,23,28,0,-0.3750,0.8750,0.6250,0.1250,4,0,35,19,12.0,14.278,4,3,3,2,51
real,100,61,26,22,0,0.0000,0.7500,0.6250,0.2500,4,1,72,72,29.0,28.887,9,7,4,9,48
model,100,61,26,22,0,0.6250,0.3750,0.7500,0.1250,3,1,80,80,35.0,32.928,11,8,6,10,48
real,100,57,25,24,0,-0.1250,0.7500,0.0000,0.0000,3,0,91,3,38.0,38.897,10,13,10,5,49
model,100,57,25,24,0,0.0000,0.6250,0.3750,0.7500,1,1,100,100,49.0,49.000,8,9,16,16,49
real,100,57,20,21,1,0.0000,0.5000,0.7500,0.1250,5,0,52,7,14.0,14.825,2,5,3,4,41
model,100,57,20,21,1,0.1250,0.3750,0.5000,0.7500,3,1,90,90,36.0,33.474,5,6,14,11,41
real,100,41,21,26,0,0.5000,1.0000,0.2500,0.8750,5,1,21,21,26.0,24.948,7,6,5,8,47
model,100,41,21,26,0,-0.1250,0.6250,0.8750,0.2500,6,0,23,8,12.0,10.082,0,1,4,7,47
real,100,41,25,24,0,0.1250,0.8750,0.6250,0.3750,5,0,50,28,16.0,16.175,2,4,6,4,49
model,100,41,25,24,0,-0.5000,0.7500,0.3750,0.3750,3,0,91,6,43.0,40.536,8,15,12,8,49
real,100,76,28,23,1,0.1250,0.3750,0.7500,0.2500,5,1,71,71,27.0,25.278,6,11,5,5,51
model,100,76,28,23,1,0.6250,0.2500,0.6250,0.7500,3,1,61,61,26.0,23.433,7,7,7,5,51
real,100,76,23,23,0,-0.3750,0.8750,0.5000,0.5000,4,1,51,51,15.0,15.278,5,1,6,3,46
model,100,76,23,23,0,0.1250,0.8750,0.6250,0.3750,2,1,97,97,44.0,43.629,11,12,10,11,46
real,100,76,17,26,0,0.5000,0.3750,0.5000,0.5000,2,1,84,84,29.0,31.825,5,10,9,5,43
model,100,76,17,26,0,0.5000,0.7500,0.6250,0.1250,5,1,50,50,12.0,14.278,1,1,6,4,43
real,100,76,24,26,0,-0.1250,0.5000,0.5000,0.8750,6,0,59,22,17.0,19.485,6,3,5,3,50
model,100,76,24,26,0,0.1250,0.3750,0.6250,0.2500,6,1,65,65,19.0,21.155,3,3,8,5,50
real,100,93,21,25,0,0.6250,0.3750,0.5000,0.5000,2,0,23,77,36.0,31.670,18,3,11,4,46
model,100,93,21,25,0,-0.8750,0.7500,0.1250,0.5000,3,1,89,89,40.0,38.247,9,12,10,9,46
real,100,93,19,21,0,0.0000,0.6250,0.5000,0.5000,3,1,85,85,29.0,31.526,8,10,3,8,40
model,100,93,19,21,0,0.2500,0.6250,0.7500,0.2500,2,0,37,63,25.0,21.134,5,3,5,12,40
real,100,93,21,22,0,0.0000,0.5000,0.7500,-0.1250,6,0,42,3,13.0,10.330,2,2,6,3,43
model,100,93,21,22,0,0.6250,0.7500,0.6250,0.6250,2,0,13,87,30.0,30.814,6,8,7,9,43
real,100,93,26,30,0,-0.1250,0.8750,0.7500,0.0000,5,0,83,2,42.0,40.402,7,5,16,14,56
model,100,93,26,30,0,0.1250,0.5000,0.3750,0.2500,3,1,94,94,50.0,50.701,18,11,7,14,56
real,100,50,26,24,1,-0.3750,0.0000,0.3750,0.3750,6,1,40,40,18.0,19.680,2,6,2,8,50
model,100,50,26,24,1,0.0000,0.6250,0.6250,0.5000,5,1,58,58,22.0,17.165,7,7,7,1,50
real,100,45,24,25,0,-0.2500,0.2500,0.3750,0.3750,2,0,58,42,27.0,24.660,3,4,7,13,49
model,100,45,24,25,0,0.3750,0.6250,0.5000,0.1250,4,1,83,83,30.0,35.093,6,9,7,8,49
real,100,45,19,19,0,0.1250,1.0000,0.5000,0.0000,6,1,63,63,18.0,19.485,7,6,4,1,38
model,100,45,19,19,0,0.1250,0.7500,0.2500,0.2500,5,0,28,37,9.0,11.598,2,2,4,1,38
real,100,50,26,24,0,-0.3750,0.8750,0.6250,0.6250,6,1,48,48,17.0,15.763,6,6,3,2,50
model,100,50,26,24,0,0.1250,0.8750,0.5000,-0.1250,6,1,53,53,15.0,17.773,3,3,3,6,50
real,100,84,24,26,0,0.1250,0.5000,0.8750,0.7500,4,1,49,49,20.0,16.763,2,9,6,3,50
model,100,84,24,26,0,-0.2500,0.7500,0.2500,0.3750,5,1,59,59,23.0,20.381,7,8,3,5,50
real,100,84,24,26,0,-0.1250,0.7500,0.2500,0.1250,5,1,36,36,18.0,20.969,2,3,8,5,50
model,100,84,24,26,0,0.0000,0.5000,0.7500,0.2500,4,0,58,21,21.0,20.845,5,6,4,6,50
real,100,84,17,23,0,0.0000,0.7500,0.7500,0.5000,5,0,30,33,13.0,11.216,4,4,5,0,40
model,100,84,17,23,0,-0.2500,0.5000,0.3750,0.7500,5,0,13,64,19.0,16.701,3,6,5,5,40
real,100,84,25,23,0,0.0000,0.7500,0.5000,0.5000,4,1,73,73,27.0,26.351,5,8,10,4,48
model,100,84,25,23,0,-0.1250,1.0000,0.8750,0.6250,5,1,31,31,10.0,10.639,2,2,1,5,48
real,100,43,25,29,0,0.0000,0.8750,0.5000,0.3750,5,0,80,12,37.0,37.485,9,11,9,8,54
model,100,43,25,29,0,-0.2500,0.6250,0.7500,0.2500,4,0,32,26,19.0,16.773,4,5,4,6,54
real,100,27,19,30,0,0.3750,0.2500,0.6250,0.3750,2,1,95,95,46.0,45.567,14,8,14,10,49
model,100,27,19,30,0,0.1250,0.6250,0.6250,0.6250,2,1,84,84,34.0,35.474,10,7,7,10,49
real,100,43,25,28,0,0.3750,0.6250,0.6250,0.2500,6,0,26,15,9.0,11.134,4,1,1,3,53
model,100,43,25,28,0,0.2500,0.5000,0.2500,0.3750,3,1,78,78,36.0,33.866,11,4,10,11,53
real,100,27,24,27,0,-0.1250,0.7500,0.5000,0.1250,7,1,36,36,19.0,14.289,4,3,6,6,51
model,100,27,24,27,0,0.0000,0.7500,0.1250,0.5000,5,0,36,41,19.0,17.990,6,3,4,6,51
real,100,24,23,25,0,0.5000,0.7500,0.8750,0.3750,5,0,77,3,28.0,28.763,10,6,8,4,48
model,100,24,23,25,0,0.2500,0.6250,0.3750,0.3750,5,1,57,57,22.0,18.794,5,7,7,3,48
real,100,43,22,27,0,0.2500,0.7500,0.8750,0.5000,3,1,45,45,21.0,21.237,4,6,6,5,49
model,100,43,22,27,0,0.5000,1.0000,0.8750,0.6250,6,0,16,31,12.0,12.557,4,5,1,2,49
real,100,43,19,23,0,0.0000,0.5000,0.7500,0.2500,3,1,19,19,16.0,15.598,3,4,6,3,42
model,100,43,19,23,0,0.2500,0.8750,1.0000,0.5000,4,0,65,29,23.0,20.825,9,4,4,6,42
real,100,24,28,25,0,-0.1250,0.2500,0.3750,0.5000,6,0,38,32,14.0,14.639,1,2,4,7,53
model,100,24,28,25,0,0.2500,0.7500,0.6250,0.3750,3,1,85,85,38.0,40.134,15,9,12,2,53
real,100,25,23,26,0,0.2500,0.7500,0.5000,0.3750,7,1,53,53,11.0,14.361,1,3,0,7,49
model,100,25,23,26,0,0.0000,0.6250,0.6250,0.1250,4,0,29,37,14.0,14.144,2,2,3,7,49
real,100,26,27,25,0,0.3750,0.7500,0.7500,0.6250,3,0,4,78,33.0,30.546,11,9,8,5,52
model,100,26,27,25,0,-0.1250,0.5000,0.3750,0.3750,4,1,61,61,22.0,23.546,5,6,7,4,52
real,100,26,20,23,0,0.0000,0.8750,0.8750,0.1250,3,1,75,75,27.0,27.711,5,6,12,4,43
model,100,26,20,23,0,0.1250,0.3750,0.6250,0.6250,2,1,36,36,23.0,23.289,7,2,7,7,43
real,100,28,21,25,0,0.0000,0.6250,0.2500,0.0000,4,0,35,49,12.0,16.629,2,4,5,1,46
model,100,28,21,25,0,0.3750,0.6250,0.0000,0.2500,3,1,93,93,39.0,39.103,8,10,9,12,46
real,100,45,26,23,0,0.0000,0.7500,0.2500,0.2500,6,1,67,67,24.0,24.052,4,8,8,4,49
model,100,45,26,23,0,0.2500,0.6250,0.5000,0.0000,5,1,46,46,15.0,15.082,4,2,7,2,49
real,100,34,26,27,0,-0.2500,0.5000,0.2500,0.2500,4,0,36,51,21.0,21.577,6,5,5,5,53
model,100,34,26,27,0,-0.2500,0.5000,0.2500,0.3750,2,1,47,47,29.0,26.186,2,9,12,6,53
real,100,34,26,26,0,0.5000,0.8750,0.3750,0.7500,2,1,95,95,49.0,49.320,12,14,11,12,52
model,100,34,26,26,0,-0.1250,1.0000,0.5000,0.6250,6,0,15,36,15.0,17.289,2,2,7,4,52
real,100,34,24,26,0,-0.1250,0.6250,0.7500,0.6250,3,1,90,90,42.0,42.340,11,11,9,11,50
model,100,34,24,26,0,-0.3750,0.6250,0.1250,0.2500,6,0,15,61,24.0,21.134,10,5,2,7,50
real,100,48,22,23,0,0.2500,0.3750,0.3750,0.3750,2,1,84,84,33.0,32.134,4,10,7,12,45
model,100,48,22,23,0,0.1250,0.5000,0.7500,0.7500,3,1,94,94,40.0,38.546,11,8,8,13,45
real,100,48,24,24,0,0.1250,0.7500,0.3750,0.3750,5,0,56,30,16.0,18.649,0,6,3,7,48
model,100,48,24,24,0,-0.2500,0.8750,0.5000,0.5000,2,0,21,79,32.0,32.124,7,8,11,6,48
real,100,48,20,27,0,-0.2500,0.3750,0.5000,0.3750,2,1,86,86,39.0,38.773,13,11,6,9,47
model,100,48,20,27,0,0.1250,0.5000,0.2500,0.2500,4,1,41,41,23.0,18.093,4,4,10,5,47
real,100,48,21,18,0,0.0000,0.6250,0.6250,0.1250,5,0,24,51,10.0,13.155,3,1,2,4,39
model,100,48,21,18,0,0.2500,0.8750,0.7500,0.8750,3,1,69,69,19.0,18.588,4,4,4,7,39
real,100,86,23,21,0,-0.1250,0.6250,0.3750,0.5000,3,1,95,95,39.0,39.866,10,7,10,12,44
model,100,86,23,21,0,0.3750,0.5000,0.3750,0.2500,4,1,75,75,21.0,23.557,3,9,5,4,44
real,100,86,26,28,0,-0.3750,0.7500,0.5000,-0.1250,2,0,55,45,25.0,27.443,5,9,3,8,54
model,100,86,26,28,0,-0.2500,1.0000,0.2500,0.1250,3,1,47,47,26.0,22.247,7,7,6,6,54
real,100,86,23,20,2,-0.3750,0.5000,0.2500,0.2500,6,0,13,79,30.0,29.165,5,4,13,8,43
model,100,86,23,20,2,-0.1250,0.5000,0.8750,0.2500,5,0,10,53,16.0,15.041,4,5,5,2,43
real,100,86,20,24,1,-0.2500,0.2500,0.1250,0.3750,4,0,88,8,32.0,34.062,6,10,8,8,44
model,100,86,20,24,1,-0.1250,0.8750,0.3750,0.2500,4,1,76,76,28.0,27.278,4,5,8,11,44
real,100,70,26,21,0,0.0000,0.7500,0.6250,0.3750,3,0,17,35,15.0,17.227,3,4,6,2,47
model,100,70,26,21,0,-0.2500,0.8750,0.5000,0.7500,2,1,92,92,38.0,40.588,7,14,7,10,47
real,100,13,25,25,0,0.0000,0.6250,0.6250,0.2500,3,1,94,94,41.0,41.402,13,10,10,8,50
model,100,13,25,25,0,0.3750,0.6250,0.0000,0.1250,5,0,26,32,13.0,11.794,3,2,4,4,50
real,100,70,22,25,0,-0.3750,0.8750,0.8750,0.7500,2,1,95,95,44.0,44.577,9,14,9,12,47
model,100,70,22,25,0,-0.1250,0.6250,0.3750,0.0000,7,0,25,23,9.0,8.959,1,2,5,1,47
real,100,70,22,21,0,0.0000,0.6250,0.2500,-0.1250,4,1,43,43,18.0,17.876,4,2,3,9,43
model,100,70,22,21,0,1.0000,1.0000,1.0000,1.0000,6,1,7,7,11.0,10.897,2,3,4,2,43
real,100,46,23,20,0,-0.1250,0.8750,0.7500,0.6250,5,0,83,7,29.0,30.289,10,8,7,4,43
model,100,46,23,20,0,-0.1250,0.7500,0.0000,0.3750,6,1,49,49,15.0,15.278,4,3,3,5,43
real,100,46,25,27,0,0.1250,0.6250,0.5000,0.2500,7,0,10,7,13.0,14.959,1,5,5,2,52
model,100,46,25,27,0,-0.1250,0.7500,0.5000,0.6250,3,1,77,77,30.0,30.134,5,9,9,7,52
real,100,46,24,27,0,-0.3750,0.5000,0.3750,0.2500,4,0,12,72,28.0,27.804,8,7,8,5,51
model,100,46,24,27,0,0.2500,0.6250,0.7500,0.5000,2,1,97,97,48.0,46.577,17,11,8,12,51
real,100,52,25,24,0,0.7500,0.3750,0.2500,0.1250,6,0,5,17,12.0,10.948,4,1,4,3,49
model,100,52,25,24,0,0.0000,0.7500,1.0000,0.5000,2,1,82,82,36.0,34.794,11,11,8,6,49
real,100,74,24,32,0,0.6250,0.8750,0.6250,0.7500,4,0,55,2,21.0,25.392,4,6,8,3,56
model,100,74,24,32,0,-0.1250,0.6250,0.2500,0.7500,6,0,21,57,19.0,21.433,4,4,3,8,56
real,100,74,26,25,1,-0.1250,0.5000,0.6250,0.2500,3,1,41,41,30.0,25.175,6,7,8,9,51
model,100,74,26,25,1,-0.3750,0.6250,0.6250,0.5000,5,0,27,10,20.0,21.856,5,7,8,0,51
real,100,74,28,20,0,-0.1250,0.8750,0.7500,-0.1250,3,0,64,31,25.0,25.402,4,11,4,6,48
model,100,74,28,20,0,0.1250,0.6250,0.7500,0.3750,3,1,80,80,33.0,30.351,7,9,6,11,48
real,100,74,26,21,0,-0.2500,0.7500,0.2500,0.1250,3,1,68,68,20.0,24.918,3,6,6,5,47
model,100,74,26,21,0,0.1250,0.8750,0.7500,0.5000,4,1,14,14,14.0,17.371,4,3,4,3,47
real,100,46,27,24,0,0.0000,0.3750,0.6250,0.5000,3,0,63,35,25.0,26.546,1,9,10,5,51
model,100,46,27,24,0,0.5000,0.2500,0.6250,0.5000,6,0,21,64,23.0,23.175,8,7,5,3,51
real,100,18,23,26,0,0.0000,0.7500,0.3750,0.3750,2,1,86,86,34.0,33.268,8,7,10,9,49
model,100,18,23,26,0,0.0000,0.7500,0.3750,0.1250,3,0,7,50,18.0,21.371,5,8,2,3,49
real,100,33,23,24,0,-0.3750,0.5000,0.6250,0.2500,3,1,80,80,33.0,33.392,4,11,8,10,47
model,100,33,23,24,0,-0.1250,0.8750,0.2500,0.2500,5,0,20,49,10.0,11.979,2,4,1,3,47
real,100,46,26,24,0,0.1250,0.7500,0.5000,0.3750,3,1,71,71,27.0,29.155,5,4,9,9,50
model,100,46,26,24,0,0.2500,0.5000,0.2500,0.1250,5,1,46,46,12.0,14.371,3,2,5,2,50
real,100,60,23,22,1,0.0000,0.7500,0.5000,0.7500,4,0,40,45,15.0,16.887,3,6,6,0,45
model,100,60,23,22,1,0.2500,0.3750,0.3750,0.0000,8,0,6,16,9.0,7.660,0,3,3,3,45
real,100,60,22,21,0,0.5000,0.7500,0.6250,0.5000,4,1,28,28,11.0,13.351,3,5,1,2,43
model,100,60,22,21,0,0.2500,0.6250,0.6250,0.2500,4,0,61,34,13.0,20.515,0,4,3,6,43
real,100,60,23,25,0,-0.3750,0.6250,0.5000,0.1250,3,1,42,42,20.0,18.948,4,2,7,7,48
model,100,60,23,25,0,0.1250,0.5000,0.6250,0.0000,2,1,94,94,42.0,41.485,9,10,16,7,48
real,100,60,21,28,0,0.2500,0.6250,0.5000,0.0000,1,1,100,100,49.0,49.000,12,16,10,11,49
model,100,60,21,28,0,-0.2500,0.6250,-0.1250,0.1250,2,0,21,79,32.0,33.515,10,8,8,6,49
real,100,93,25,22,1,-0.2500,0.6250,0.2500,0.5000,5,1,66,66,26.0,21.990,5,6,13,2,47
model,100,93,25,22,1,0.2500,0.5000,0.3750,0.2500,3,1,27,27,27.0,27.990,11,5,8,3,47
real,100,93,19,25,0,0.3750,0.8750,0.5000,0.7500,2,1,32,32,22.0,24.515,4,7,3,8,44
model,100,93,19,25,0,0.3750,0.7500,0.5000,0.5000,2,1,81,81,32.0,31.052,5,7,12,8,44
real,100,93,23,22,0,0.1250,0.6250,0.2500,0.3750,4,0,8,67,17.0,23.103,5,3,4,5,45
model,100,93,23,22,0,-0.5000,0.8750,0.5000,0.3750,2,0,22,78,33.0,30.639,8,6,8,11,45
real,100,93,22,26,0,-0.2500,0.2500,0.5000,0.1250,3,0,88,8,35.0,38.402,10,7,10,8,48
model,100,93,22,26,0,0.3750,0.5000,-0.2500,0.6250,4,1,57,57,18.0,19.412,2,4,5,7,48
real,100,64,27,21,0,0.2500,0.6250,0.8750,0.5000,4,1,74,74,32.0,28.845,7,9,9,7,48
model,100,64,27,21,0,0.5000,0.8750,0.6250,0.3750,5,0,52,11,14.0,16.268,6,3,2,3,48
real,100,22,25,25,0,0.1250,0.7500,0.7500,0.3750,3,0,53,45,21.0,23.794,4,9,7,1,50
model,100,22,25,25,0,0.2500,0.8750,0.8750,0.5000,2,1,86,86,36.0,34.845,8,8,12,8,50
real,100,64,25,20,0,0.1250,0.3750,0.6250,-0.1250,4,1,54,54,20.0,19.845,7,5,5,3,45
model,100,64,25,20,0,0.0000,0.8750,0.6250,0.3750,4,1,58,58,23.0,19.784,10,7,4,2,45
real,100,64,29,28,0,-0.2500,0.6250,1.0000,0.6250,5,1,74,74,25.0,27.052,6,9,3,7,57
model,100,64,29,28,0,0.5000,0.8750,0.6250,0.8750,5,0,17,2,13.0,14.722,3,3,1,6,57
real,100,55,23,23,0,0.2500,0.1250,0.5000,-0.1250,6,0,7,16,9.0,9.784,0,5,3,1,46
model,100,55,23,23,0,0.0000,0.3750,0.7500,0.2500,5,0,21,20,15.0,14.206,0,3,5,7,46
real,100,32,29,25,0,0.2500,0.7500,0.7500,0.0000,4,0,26,29,19.0,16.186,6,3,4,6,54
model,100,32,29,25,0,0.3750,0.8750,0.6250,0.7500,3,1,28,28,28.0,28.392,9,5,7,7,54
real,100,32,26,19,1,0.3750,0.5000,0.2500,0.1250,4,1,43,43,23.0,21.165,4,5,7,7,45
model,100,32,26,19,1,0.2500,0.6250,0.3750,0.3750,4,0,17,59,18.0,20.227,7,4,4,3,45
real,100,55,26,24,0,-0.2500,0.6250,0.7500,0.2500,3,1,36,36,19.0,18.412,4,3,6,6,50
model,100,55,26,24,0,0.1250,0.5000,0.2500,0.1250,5,0,27,22,13.0,12.371,2,3,5,3,50
real,100,81,23,23,0,0.2500,0.8750,0.2500,0.2500,4,0,66,12,25.0,22.021,8,7,5,5,46
model,100,81,23,23,0,-0.2500,0.6250,0.5000,0.5000,2,1,96,96,44.0,42.247,16,9,7,12,46
real,100,81,24,29,0,-0.2500,0.5000,0.3750,0.3750,3,0,65,33,20.0,26.876,5,5,4,6,53
model,100,81,24,29,0,0.2500,0.3750,0.2500,0.3750,5,1,40,40,15.0,17.381,1,4,6,4,53
real,100,81,26,18,0,-0.2500,0.3750,0.6250,0.1250,3,1,64,64,20.0,19.103,6,4,4,6,44
model,100,81,26,18,0,0.5000,0.8750,0.3750,0.1250,5,1,52,52,12.0,17.619,4,3,2,3,44
real,100,81,24,25,1,0.1250,0.7500,0.6250,0.5000,6,0,29,35,11.0,11.608,3,3,3,2,49
model,100,81,24,25,1,0.3750,0.6250,0.2500,-0.1250,6,1,47,47,15.0,15.856,5,2,5,3,49
real,100,38,24,27,1,0.1250,0.8750,0.5000,0.6250,3,1,72,72,26.0,29.928,4,7,7,8,51
model,100,38,24,27,1,-0.3750,0.6250,0.5000,0.1250,6,0,31,3,18.0,20.835,5,3,4,6,51
real,100,38,26,25,0,-0.1250,0.8750,0.2500,0.0000,6,0,26,24,12.0,10.557,6,0,3,3,51
model,100,38,26,25,0,-0.1250,0.7500,0.6250,0.2500,5,0,31,9,26.0,21.103,8,6,7,5,51
real,100,38,25,26,0,0.1250,0.8750,0.6250,0.7500,7,0,35,7,8.0,10.876,1,2,5,0,51
model,100,38,25,26,0,0.2500,0.6250,0.6250,0.1250,3,0,40,44,23.0,19.268,2,7,10,4,51
real,100,29,24,25,0,0.3750,0.5000,0.5000,0.1250,2,1,97,97,46.0,46.536,15,12,12,7,49
model,100,29,24,25,0,0.2500,0.7500,0.3750,0.6250,4,1,76,76,28.0,27.701,9,6,5,8,49
real,100,86,22,21,0,-0.3750,0.5000,0.6250,0.3750,2,1,76,76,25.0,26.175,8,7,4,6,43
model,100,86,22,21,0,0.2500,0.5000,0.0000,0.0000,2,0,77,23,25.0,27.680,5,13,5,2,43
real,100,86,22,19,1,-0.3750,0.2500,0.3750,0.1250,4,1,77,77,23.0,26.268,5,7,6,5,41
model,100,86,22,19,1,0.2500,1.0000,0.7500,0.5000,7,0,2,25,13.0,11.320,5,1,4,3,41
real,100,86,28,22,0,0.3750,0.7500,0.5000,0.5000,2,1,70,70,36.0,30.227,10,9,9,8,50
model,100,86,28,22,0,-0.2500,0.7500,0.3750,0.3750,2,1,94,94,44.0,45.134,10,16,8,10,50
real,100,86,23,22,0,0.0000,0.6250,0.5000,0.2500,3,0,16,72,21.0,22.990,3,7,5,6,45
model,100,86,23,22,0,0.0000,0.2500,0.5000,0.2500,5,0,21,60,19.0,16.608,5,8,4,2,45
real,100,33,25,22,0,0.0000,0.3750,0.6250,0.2500,4,1,46,46,11.0,13.289,1,4,4,2,47
model,100,33,25,22,0,0.3750,0.7500,0.2500,0.5000,2,0,30,70,23.0,28.000,5,3,7,8,47
real,100,59,24,25,0,0.1250,0.6250,0.1250,0.6250,2,1,88,88,41.0,39.124,9,14,10,8,49
model,100,59,24,25,0,1.0000,1.0000,1.0000,1.0000,5,1,59,59,18.0,17.144,5,5,5,3,49
real,100,8,24,22,0,0.0000,0.7500,-0.2500,0.3750,3,1,16,16,20.0,24.959,4,4,6,6,46
model,100,8,24,22,0,0.2500,0.6250,0.6250,0.3750,1,1,100,100,46.0,46.000,12,11,15,8,46
real,100,59,21,28,0,-0.1250,0.8750,0.1250,0.3750,7,0,43,11,12.0,13.144,4,3,2,3,49
model,100,59,21,28,0,-0.6250,0.5000,0.5000,0.1250,4,0,16,13,14.0,13.918,3,3,4,4,49
real,100,94,20,22,1,0.0000,0.5000,0.2500,0.3750,4,1,71,71,28.0,23.320,10,8,5,5,42
model,100,94,20,22,1,-0.2500,0.7500,0.5000,0.7500,7,0,27,6,14.0,13.835,4,4,5,1,42
real,100,94,27,19,0,-0.1250,0.7500,0.3750,0.5000,3,1,89,89,36.0,38.289,8,16,8,4,46
model,100,94,27,19,0,-0.1250,0.6250,0.2500,0.0000,5,0,30,43,17.0,14.804,5,4,4,4,46
real,100,94,27,23,0,0.2500,0.3750,0.8750,0.7500,5,1,75,75,26.0,28.351,7,4,12,3,50
model,100,94,27,23,0,0.1250,0.5000,0.7500,-0.1250,3,1,81,81,35.0,36.856,7,7,12,9,50
real,100,94,20,25,0,-0.1250,0.5000,0.5000,0.2500,4,1,81,81,31.0,28.959,6,6,11,8,45
model,100,94,20,25,0,0.1250,0.0000,0.3750,-0.1250,5,1,56,56,18.0,21.196,6,3,7,2,45
real,100,66,23,26,0,0.6250,0.8750,1.0000,0.7500,7,0,3,38,15.0,15.557,0,5,7,3,49
model,100,66,23,26,0,0.2500,0.5000,0.7500,0.1250,4,0,54,37,20.0,19.340,7,8,4,1,49
real,100,66,21,21,0,0.1250,0.8750,0.5000,0.2500,5,1,69,69,21.0,21.289,3,8,3,7,42
model,100,66,21,21,0,0.1250,0.8750,0.6250,0.5000,6,0,15,2,21.0,22.289,7,5,3,6,42
real,100,66,26,24,1,0.0000,0.6250,0.0000,0.1250,3,1,66,66,32.0,26.866,9,13,4,6,50
model,100,66,26,24,1,0.1250,0.7500,0.5000,0.5000,4,1,40,40,20.0,20.175,5,6,7,2,50
real,100,34,20,24,0,-0.2500,0.5000,0.6250,0.3750,2,1,63,63,23.0,22.763,5,3,9,6,44
model,100,34,20,24,0,0.2500,0.7500,0.1250,0.1250,5,0,17,19,7.0,10.536,2,2,2,1,44
real,100,55,22,18,1,0.1250,0.5000,0.5000,0.8750,6,0,22,51,14.0,14.175,4,4,3,3,40
model,100,55,22,18,1,0.2500,0.7500,0.8750,0.2500,4,0,74,17,25.0,25.237,5,6,8,6,40
real,100,55,30,30,0,0.0000,0.7500,0.2500,0.5000,5,0,39,15,18.0,18.412,2,5,6,5,60
model,100,55,30,30,0,0.0000,0.6250,0.6250,0.2500,4,1,75,75,33.0,35.495,8,10,9,6,60
real,100,55,22,24,0,-0.2500,0.6250,0.2500,0.2500,5,0,61,15,20.0,20.619,10,4,3,3,46
model,100,55,22,24,0,0.2500,0.8750,0.5000,0.3750,3,1,74,74,25.0,26.619,3,8,6,8,46
real,100,55,26,23,0,-0.2500,0.5000,0.1250,-0.1250,2,1,85,85,35.0,35.814,9,7,13,6,49
model,100,55,26,23,0,0.5000,0.6250,0.3750,0.5000,4,1,75,75,31.0,30.268,11,5,8,7,49
real,100,58,27,24,0,0.0000,0.6250,1.0000,0.2500,3,1,92,92,43.0,44.196,10,14,9,10,51
model,100,58,27,24,0,0.1250,0.6250,0.3750,0.6250,4,0,18,77,32.0,33.041,6,11,10,5,51
real,100,58,26,24,0,0.0000,0.3750,0.6250,0.5000,6,0,50,29,21.0,18.526,7,9,1,4,50
model,100,58,26,24,0,0.3750,0.2500,0.2500,0.3750,6,1,25,25,15.0,14.979,2,3,2,8,50
real,100,28,26,25,0,0.0000,0.5000,0.6250,0.6250,5,0,29,11,18.0,13.763,4,5,6,3,51
model,100,28,26,25,0,-0.1250,0.6250,0.6250,0.6250,8,0,67,9,26.0,21.701,3,10,6,7,51
real,100,28,23,27,0,0.6250,0.7500,0.7500,0.8750,2,0,68,32,27.0,30.309,7,6,9,5,50
model,100,28,23,27,0,-0.1250,0.8750,0.6250,0.5000,5,1,43,43,17.0,14.897,6,4,2,5,50
real,100,73,26,21,0,0.0000,0.5000,0.1250,0.3750,8,0,40,4,9.0,10.907,0,4,2,3,47
model,100,73,26,21,0,0.2500,0.6250,0.2500,0.6250,2,1,91,91,38.0,39.340,8,14,5,11,47
real,100,73,31,23,0,-0.3750,0.5000,0.6250,0.7500,5,0,26,11,19.0,20.258,7,5,6,1,54
model,100,73,31,23,0,0.5000,0.8750,0.7500,0.6250,7,0,34,15,15.0,15.577,3,3,6,3,54
real,100,73,30,25,0,0.1250,0.6250,0.2500,0.5000,4,1,45,45,15.0,19.649,6,3,4,2,55
model,100,73,30,25,0,0.3750,0.3750,0.2500,0.5000,4,1,88,88,42.0,42.381,9,10,8,15,55
real,100,73,30,23,0,-0.5000,0.7500,0.3750,0.2500,6,0,19,7,23.0,22.021,6,11,4,2,53
model,100,73,30,23,0,0.2500,0.7500,0.5000,0.0000,4,1,50,50,26.0,21.680,3,6,7,10,53
real,100,88,26,22,0,-0.3750,0.6250,0.1250,0.3750,4,0,58,31,21.0,20.959,6,6,4,5,48
model,100,88,26,22,0,0.3750,0.6250,0.6250,0.2500,3,0,41,55,28.0,22.536,6,9,9,4,48
real,100,88,24,20,0,0.3750,0.6250,0.6250,0.5000,5,1,51,51,13.0,12.175,4,3,3,3,44
model,100,88,24,20,0,0.1250,0.1250,0.1250,0.1250,5,1,68,68,20.0,22.423,3,5,7,5,44
real,100,88,23,28,0,-0.5000,0.3750,0.2500,0.3750,8,0,9,36,9.0,9.371,2,3,3,1,51
model,100,88,23,28,0,0.5000,0.7500,0.3750,0.2500,6,0,12,73,27.0,25.804,5,3,10,9,51
real,100,88,32,22,0,0.0000,0.5000,0.8750,0.3750,4,1,36,36,24.0,23.402,7,5,7,5,54
model,100,88,32,22,0,0.0000,0.8750,0.5000,0.6250,3,1,61,61,27.0,23.485,7,10,8,2,54
real,100,85,26,23,0,-0.1250,0.3750,0.1250,0.3750,5,1,47,47,14.0,17.103,1,2,5,6,49
model,100,85,26,23,0,-0.5000,0.6250,0.2500,0.3750,6,1,58,58,17.0,18.052,7,3,4,3,49
real,100,85,27,25,0,-0.2500,0.8750,0.6250,0.6250,3,0,56,22,23.0,21.330,3,5,9,6,52
model,100,85,27,25,0,0.5000,0.3750,0.5000,0.3750,5,1,33,33,13.0,15.711,1,2,6,4,52
real,100,85,23,23,0,-0.2500,0.6250,0.5000,0.3750,7,0,16,22,5.0,7.299,1,0,3,1,46
model,100,85,23,23,0,0.0000,0.6250,0.8750,0.3750,5,1,61,61,22.0,18.897,7,8,3,4,46
real,100,85,19,24,0,0.2500,0.6250,0.7500,0.1250,3,0,76,14,28.0,25.588,8,4,9,7,43
model,100,85,19,24,0,0.1250,0.6250,0.6250,0.2500,4,0,75,20,28.0,24.144,8,10,4,6,43
real,100,81,31,24,0,-0.2500,0.6250,0.3750,0.1250,5,0,74,18,33.0,33.629,10,5,9,9,55
model,100,81,31,24,0,0.1250,0.7500,-0.2500,0.6250,3,0,72,19,27.0,30.845,5,12,6,4,55
real,100,81,24,24,0,0.5000,0.5000,0.7500,0.6250,4,0,34,35,14.0,15.474,3,3,4,4,48
model,100,81,24,24,0,0.3750,0.6250,0.5000,0.1250,3,1,85,85,36.0,36.093,8,6,10,12,48
real,100,81,22,23,1,1.0000,1.0000,1.0000,1.0000,4,1,88,88,41.0,36.897,9,14,4,14,45
model,100,81,22,23,1,0.2500,0.6250,0.2500,0.5000,5,0,33,5,14.0,11.598,5,5,3,1,45
real,100,81,27,21,0,0.2500,0.6250,0.3750,0.2500,3,1,66,66,26.0,24.577,9,6,5,6,48
model,100,81,27,21,0,0.2500,0.6250,0.3750,0.2500,5,1,52,52,16.0,19.619,1,8,5,2,48
real,100,30,24,22,0,0.1250,0.6250,0.5000,0.1250,2,0,10,90,39.0,39.258,9,15,9,6,46
model,100,30,24,22,0,-0.2500,0.6250,0.3750,0.6250,4,0,89,4,34.0,35.196,9,10,8,7,46
real,100,30,21,26,0,-0.1250,0.6250,0.3750,0.3750,3,1,86,86,34.0,36.309,10,11,5,8,47
model,100,30,21,26,0,0.2500,0.6250,0.3750,0.6250,8,0,50,7,13.0,13.237,3,0,3,7,47
real,100,15,22,24,0,-0.1250,0.7500,0.5000,0.1250,1,1,100,100,46.0,46.000,12,15,9,10,46
model,100,15,22,24,0,0.3750,0.6250,0.7500,0.3750,5,1,53,53,19.0,17.299,4,6,4,5,46
real,100,15,24,22,0,-0.1250,0.5000,0.5000,0.1250,5,0,36,53,20.0,18.423,4,4,6,6,46
model,100,15,24,22,0,0.0000,1.0000,0.8750,0.6250,4,0,3,69,17.0,21.557,5,3,5,4,46
real,100,70,25,23,0,1.0000,1.0000,1.0000,1.0000,4,1,31,31,12.0,13.340,4,2,2,4,48
model,100,70,25,23,0,0.1250,0.5000,0.2500,0.3750,6,0,15,33,8.0,11.588,2,1,1,4,48
real,100,70,24,24,0,0.0000,0.8750,0.6250,0.2500,2,0,55,45,26.0,24.371,8,6,9,3,48
model,100,70,24,24,0,0.1250,0.3750,0.1250,0.5000,6,0,40,23,14.0,12.691,5,3,3,3,48
real,100,70,22,22,0,0.0000,0.3750,1.0000,0.1250,3,0,15,76,30.0,29.010,4,11,8,7,44
model,100,70,22,22,0,0.1250,0.7500,0.3750,0.3750,5,1,44,44,15.0,18.124,5,5,3,2,44
real,100,22,25,29,0,0.1250,0.5000,0.2500,0.3750,5,0,22,27,20.0,18.289,3,10,3,4,54
model,100,22,25,29,0,0.0000,0.6250,0.7500,0.1250,3,1,84,84,42.0,38.351,8,11,13,10,54
real,100,85,25,23,0,-0.2500,0.8750,0.3750,0.1250,4,0,12,35,13.0,13.598,2,4,5,2,48
model,100,85,25,23,0,-0.2500,0.8750,0.3750,0.5000,6,0,24,53,15.0,15.753,5,4,3,3,48
real,100,85,23,25,0,0.3750,-0.1250,0.5000,0.2500,4,0,7,13,16.0,20.103,2,5,8,1,48
model,100,85,23,25,0,-0.5000,0.3750,0.0000,0.3750,3,1,75,75,28.0,30.258,7,10,5,6,48
real,100,85,21,24,0,0.3750,0.5000,0.2500,0.5000,2,0,92,8,37.0,37.423,11,5,13,8,45
model,100,85,21,24,0,-0.1250,0.6250,0.3750,0.3750,3,1,91,91,34.0,39.082,6,9,9,10,45
real,100,85,27,17,0,1.0000,1.0000,1.0000,1.0000,3,0,87,3,38.0,36.206,7,13,7,11,44
model,100,85,27,17,0,-0.1250,0.7500,0.2500,0.2500,4,1,83,83,30.0,29.423,8,8,10,4,44
real,100,58,20,23,0,1.0000,1.0000,1.0000,1.0000,3,1,34,34,23.0,21.773,9,7,6,1,43
model,100,58,20,23,0,-0.1250,0.8750,0.5000,0.5000,2,1,98,98,41.0,40.175,12,9,7,13,43
real,100,58,26,19,1,0.1250,0.5000,0.8750,0.0000,7,0,25,17,8.0,8.454,1,4,1,2,45
model,100,58,26,19,1,0.5000,0.5000,0.2500,0.2500,3,1,39,39,17.0,15.835,3,5,2,7,45
real,100,58,21,21,0,0.2500,0.5000,0.6250,0.2500,3,1,82,82,36.0,29.897,6,8,11,11,42
model,100,58,21,21,0,-0.2500,0.7500,0.3750,0.3750,3,0,29,69,26.0,24.474,6,5,8,7,42
real,100,42,22,30,0,0.2500,0.2500,0.8750,0.7500,2,0,87,13,41.0,38.701,12,9,13,7,52
model,100,42,22,30,0,0.1250,0.3750,0.7500,0.7500,6,0,35,15,12.0,13.062,5,3,1,3,52
real,100,73,20,27,1,0.2500,0.2500,-0.2500,0.0000,2,1,98,98,47.0,46.031,16,9,6,16,47
model,100,73,20,27,1,0.0000,0.7500,0.6250,0.5000,7,0,22,3,11.0,11.433,2,2,5,2,47
real,100,73,26,24,0,-0.3750,0.6250,0.0000,0.2500,4,0,30,65,22.0,23.711,6,5,9,2,50
model,100,73,26,24,0,0.0000,0.3750,0.8750,0.3750,4,1,87,87,40.0,40.062,11,10,14,5,50
real,100,73,25,23,0,0.0000,0.2500,0.8750,0.5000,8,1,48,48,17.0,12.454,7,2,4,4,48
model,100,73,25,23,0,0.5000,0.6250,0.7500,0.5000,3,0,3,80,38.0,32.845,11,11,9,7,48
real,100,73,24,24,0,0.5000,0.7500,0.5000,0.2500,5,0,80,11,31.0,32.784,6,7,12,6,48
model,100,73,24,24,0,-0.2500,0.5000,0.7500,0.2500,6,0,46,19,6.0,13.680,2,1,2,1,48
real,100,80,24,27,0,0.2500,0.6250,0.7500,0.5000,4,0,58,30,14.0,21.629,4,3,3,4,51
model,100,80,24,27,0,-0.3750,0.3750,0.6250,0.5000,2,0,38,62,23.0,27.340,3,6,9,5,51
real,100,80,20,27,1,0.3750,1.0000,0.8750,0.5000,6,0,65,2,23.0,22.186,3,2,8,10,47
model,100,80,20,27,1,0.0000,0.7500,0.2500,0.5000,4,0,25,66,23.0,25.113,7,7,6,3,47
real,100,80,19,25,0,0.1250,0.3750,0.5000,0.3750,3,1,93,93,36.0,37.247,7,9,10,10,44
model,100,80,19,25,0,0.0000,0.3750,0.6250,0.5000,3,1,94,94,40.0,38.526,7,10,12,11,44
real,100,80,22,25,1,-0.1250,0.6250,0.1250,0.5000,8,0,7,61,25.0,19.897,7,3,7,8,47
model,100,80,22,25,1,0.0000,0.6250,0.2500,0.2500,1,1,100,100,47.0,47.000,15,10,12,10,47
real,100,15,19,23,0,0.2500,0.5000,0.3750,0.3750,5,0,57,28,18.0,16.856,3,3,4,8,42
model,100,15,19,23,0,0.1250,0.8750,0.2500,0.1250,3,1,57,57,19.0,19.021,7,6,3,3,42
real,100,34,29,21,1,-0.3750,0.6250,0.2500,0.0000,3,1,92,92,42.0,43.278,11,11,11,9,50
model,100,34,29,21,1,0.0000,0.6250,0.0000,0.6250,4,0,83,7,33.0,33.979,10,9,5,9,50
real,100,34,24,26,0,0.2500,0.8750,0.3750,0.7500,6,1,30,30,11.0,12.361,2,4,3,2,50
model,100,34,24,26,0,0.5000,0.8750,1.0000,0.0000,4,0,61,25,25.0,22.454,5,7,5,8,50
real,100,34,26,23,0,0.0000,0.7500,0.2500,0.1250,6,0,38,20,8.0,11.072,2,0,5,1,49
model,100,34,26,23,0,0.3750,0.8750,0.5000,0.2500,7,0,5,7,14.0,15.804,3,3,4,4,49
real,100,76,26,22,0,-0.5000,0.6250,0.1250,0.5000,4,0,35,44,12.0,15.495,1,3,7,1,48
model,100,76,26,22,0,0.0000,0.6250,0.5000,0.5000,6,1,78,78,38.0,34.938,9,16,6,7,48
real,100,76,19,24,0,0.2500,0.6250,0.3750,0.7500,4,1,61,61,21.0,20.227,5,5,4,7,43
model,100,76,19,24,0,0.1250,0.3750,0.3750,0.0000,2,1,84,84,31.0,31.825,7,11,8,5,43
real,100,76,26,25,0,0.2500,0.6250,0.6250,0.3750,5,1,67,67,22.0,26.505,2,9,5,6,51
model,100,76,26,25,0,0.1250,0.7500,0.7500,0.7500,4,0,57,22,19.0,18.443,3,3,8,5,51
real,100,76,25,23,0,0.0000,0.8750,0.5000,0.7500,6,0,16,52,12.0,15.103,2,3,4,3,48
model,100,76,25,23,0,-0.2500,0.8750,0.7500,0.3750,2,1,95,95,43.0,42.804,9,9,17,8,48
real,100,58,25,24,0,0.1250,0.6250,0.2500,0.2500,4,0,67,15,24.0,25.392,9,8,4,3,49
model,100,58,25,24,0,0.1250,0.5000,0.1250,0.1250,5,0,37,37,12.0,15.732,4,3,2,3,49
real,100,58,22,25,0,0.1250,0.6250,0.5000,0.5000,4,0,59,21,21.0,19.825,7,8,3,3,47
model,100,58,22,25,0,1.0000,1.0000,1.0000,1.0000,2,1,80,80,29.0,28.938,5,4,12,8,47
real,100,58,26,23,0,-0.1250,0.7500,0.6250,0.5000,5,1,40,40,14.0,13.804,2,3,4,5,49
model,100,58,26,23,0,0.0000,0.7500,0.3750,-0.1250,4,1,81,81,40.0,35.804,13,9,7,11,49
real,100,58,17,24,0,0.0000,0.5000,0.2500,0.7500,4,1,61,61,16.0,20.515,4,2,8,2,41
model,100,58,17,24,0,0.2500,0.7500,0.7500,0.5000,3,0,7,52,20.0,18.660,2,8,2,8,41
real,100,36,26,23,0,0.2500,0.5000,0.0000,0.3750,3,0,46,48,22.0,21.557,3,8,5,6,49
model,100,36,26,23,0,-0.2500,0.7500,0.8750,1.0000,4,1,45,45,14.0,16.289,5,1,3,5,49
real,100,36,23,22,0,-0.1250,0.6250,0.6250,0.3750,4,0,59,29,14.0,21.103,4,1,3,6,45
model,100,36,23,22,0,0.2500,0.7500,0.5000,0.8750,7,0,25,4,14.0,9.928,2,6,3,3,45
real,100,36,25,25,0,-0.3750,0.6250,0.3750,0.6250,3,1,70,70,28.0,26.443,6,9,7,6,50
model,100,36,25,25,0,0.1250,0.6250,0.3750,0.3750,2,1,97,97,46.0,47.505,11,8,14,13,50
real,100,23,28,23,1,0.3750,1.0000,0.6250,0.5000,7,0,56,3,19.0,18.299,6,6,3,4,51
model,100,23,28,23,1,-0.1250,0.3750,0.5000,0.1250,2,1,71,71,30.0,29.567,6,9,10,5,51
real,100,57,24,20,0,0.2500,0.7500,0.2500,0.1250,5,1,26,26,18.0,17.206,2,5,8,3,44
model,100,57,24,20,0,0.6250,1.0000,0.6250,0.7500,4,0,3,14,28.0,25.959,4,4,12,8,44
real,100,57,22,25,0,0.3750,0.3750,0.5000,0.1250,3,1,82,82,35.0,33.588,9,10,4,12,47
model,100,57,22,25,0,-0.2500,0.5000,0.3750,0.5000,3,1,47,47,18.0,17.711,3,3,9,3,47
real,100,57,31,20,0,0.2500,0.7500,0.1250,0.6250,2,0,27,73,32.0,33.536,7,10,5,10,51
model,100,57,31,20,0,-0.1250,0.7500,0.7500,0.1250,6,0,49,24,14.0,17.557,3,3,2,6,51
real,100,57,24,20,1,0.6250,0.8750,0.6250,0.5000,3,1,65,65,23.0,25.340,0,7,9,7,44
model,100,57,24,20,1,0.3750,0.5000,0.5000,0.5000,2,0,41,59,23.0,22.144,10,4,3,6,44
real,100,64,23,30,0,-0.2500,0.7500,0.1250,0.2500,3,0,35,58,26.0,24.979,4,6,6,10,53
model,100,64,23,30,0,-0.5000,0.3750,0.6250,0.1250,5,1,38,38,21.0,18.526,6,6,5,4,53
real,100,64,25,27,0,0.2500,0.6250,0.8750,0.5000,5,1,65,65,23.0,22.814,6,8,5,4,52
model,100,64,25,27,0,-0.2500,0.8750,0.1250,0.6250,2,1,94,94,47.0,47.010,16,11,7,13,52
real,100,64,20,28,0,0.0000,0.7500,0.5000,0.1250,5,1,40,40,17.0,16.526,6,3,4,4,48
model,100,64,20,28,0,-0.1250,0.7500,0.5000,0.3750,5,0,30,28,7.0,11.732,4,1,1,1,48
real,100,64,22,21,0,0.1250,0.6250,0.3750,0.6250,4,0,46,37,11.0,14.763,3,2,3,3,43
model,100,64,22,21,0,0.1250,0.5000,0.3750,0.3750,6,1,41,41,12.0,11.000,2,2,4,4,43
real,100,32,29,23,0,0.0000,0.2500,0.5000,0.1250,3,0,13,84,38.0,36.454,7,8,9,14,52
model,100,32,29,23,0,0.1250,0.3750,0.5000,0.1250,6,0,34,19,10.0,12.371,2,4,4,0,52
real,100,25,27,22,0,-0.5000,0.5000,0.5000,0.3750,6,0,74,3,28.0,28.082,7,8,7,6,49
model,100,25,27,22,0,0.2500,0.7500,0.6250,0.6250,5,0,57,22,19.0,21.732,4,5,5,5,49
real,100,32,28,22,0,-0.1250,0.7500,0.3750,0.0000,7,1,66,66,23.0,21.392,6,7,5,5,50
model,100,32,28,22,0,0.1250,0.7500,0.6250,0.2500,5,0,40,28,17.0,14.289,4,6,4,3,50
real,100,32,25,20,0,0.2500,0.7500,0.7500,0.8750,3,1,91,91,41.0,39.082,6,13,10,12,45
model,100,32,25,20,0,-0.2500,0.7500,0.3750,0.1250,3,1,87,87,37.0,32.639,7,9,10,11,45
real,100,42,27,30,0,-0.3750,0.7500,0.1250,0.3750,4,1,58,58,28.0,27.649,7,7,9,5,57
model,100,42,27,30,0,0.1250,0.7500,0.6250,0.5000,4,1,6,6,21.0,29.918,7,5,5,4,57
real,100,38,22,27,0,-0.5000,0.5000,0.2500,0.3750,5,1,51,51,19.0,21.247,4,6,7,2,49
model,100,38,22,27,0,0.3750,0.6250,0.8750,0.6250,4,0,65,30,21.0,24.588,8,4,5,4,49
real,100,38,30,24,0,0.0000,0.8750,0.3750,0.2500,5,0,53,13,19.0,17.381,6,4,7,2,54
model,100,38,30,24,0,0.0000,0.6250,0.3750,0.3750,4,0,11,84,38.0,37.969,10,9,8,11,54
real,100,42,24,23,1,0.1250,0.3750,0.2500,0.3750,5,1,91,91,41.0,39.062,14,9,9,9,47
model,100,42,24,23,1,0.8750,0.8750,0.3750,0.3750,5,0,2,54,20.0,15.052,4,5,7,4,47
real,100,31,24,23,0,0.0000,0.3750,0.1250,0.7500,5,1,66,66,22.0,23.052,11,4,3,4,47
model,100,31,24,23,0,0.1250,0.6250,0.6250,0.3750,4,0,12,74,32.0,29.082,8,9,5,10,47
real,100,40,22,25,1,0.3750,0.7500,0.5000,0.6250,4,0,5,90,38.0,39.124,11,5,9,13,47
model,100,40,22,25,1,0.5000,0.5000,0.7500,0.3750,5,1,44,44,21.0,13.608,1,6,11,3,47
real,100,40,21,21,0,0.2500,0.6250,0.3750,0.5000,3,1,70,70,20.0,20.598,7,5,5,3,42
model,100,40,21,21,0,0.0000,0.8750,0.2500,0.3750,4,0,38,50,15.0,15.670,5,4,4,2,42
real,100,40,25,26,1,0.0000,0.5000,0.7500,0.2500,4,1,92,92,43.0,41.433,9,11,14,9,51
model,100,40,25,26,1,-0.2500,0.5000,0.3750,0.3750,4,0,15,37,7.0,14.258,3,0,2,2,51
real,100,46,25,24,0,-0.1250,0.7500,0.5000,0.2500,2,1,95,95,44.0,43.753,7,12,13,12,49
model,100,46,25,24,0,0.3750,0.6250,0.7500,0.1250,9,0,20,25,9.0,7.268,0,4,2,3,49
real,100,46,21,19,0,-0.3750,0.7500,0.1250,0.7500,4,0,30,39,13.0,11.773,2,1,8,2,40
model,100,46,21,19,0,0.2500,0.5000,0.8750,0.2500,4,0,28,31,10.0,11.464,5,2,1,2,40
real,100,46,26,28,0,0.3750,0.7500,0.7500,0.6250,5,0,56,4,17.0,22.412,4,6,2,5,54
model,100,46,26,28,0,0.2500,0.5000,0.3750,0.1250,5,0,46,19,20.0,17.845,5,5,4,6,54
real,100,46,26,24,0,-0.1250,0.6250,0.5000,0.5000,2,1,98,98,47.0,46.062,9,12,17,9,50
model,100,46,26,24,0,-0.3750,0.3750,0.2500,0.6250,2,1,98,98,49.0,48.969,12,19,12,6,50
real,100,86,21,26,0,-0.7500,1.0000,0.6250,0.6250,4,1,70,70,22.0,25.206,7,7,2,6,47
model,100,86,21,26,0,-0.2500,0.7500,0.3750,0.3750,5,0,25,62,23.0,22.856,8,4,8,3,47
real,100,86,24,25,0,0.2500,0.6250,0.6250,0.6250,5,0,49,40,17.0,20.433,7,4,4,2,49
model,100,86,24,25,0,-0.2500,0.5000,1.0000,0.0000,4,1,86,86,35.0,35.392,8,13,5,9,49
real,100,86,27,29,0,0.0000,0.7500,0.3750,0.2500,6,0,26,39,20.0,14.546,4,5,6,5,56
model,100,86,27,29,0,0.1250,0.0000,0.1250,0.3750,3,0,78,20,39.0,38.495,17,6,8,8,56
real,100,86,23,21,0,0.2500,0.8750,0.8750,0.5000,7,0,78,2,22.0,23.969,3,8,6,5,44
model,100,86,23,21,0,1.0000,1.0000,1.0000,1.0000,4,1,78,78,26.0,27.753,5,4,9,8,44
real,100,50,22,24,1,1.0000,1.0000,1.0000,1.0000,7,0,2,32,12.0,14.124,1,3,3,5,46
model,100,50,22,24,1,-0.1250,0.5000,0.3750,0.5000,2,1,94,94,41.0,40.495,11,15,9,6,46
real,100,23,24,24,0,0.0000,0.5000,0.1250,0.3750,6,0,36,29,13.0,13.124,2,4,4,3,48
model,100,23,24,24,0,0.1250,0.3750,0.2500,0.0000,8,0,9,15,14.0,9.165,3,2,7,2,48
real,100,50,24,19,0,0.2500,0.5000,0.6250,0.2500,5,1,77,77,30.0,27.371,7,8,8,7,43
model,100,50,24,19,0,-0.2500,0.8750,0.8750,0.7500,2,1,96,96,41.0,41.227,10,9,12,10,43
real,100,50,24,24,1,1.0000,1.0000,1.0000,1.0000,4,1,54,54,20.0,20.330,8,3,4,5,48
model,100,50,24,24,1,0.1250,0.3750,0.5000,0.1250,4,1,18,18,12.0,12.000,6,2,1,3,48
real,100,61,23,22,0,0.3750,0.8750,0.0000,0.6250,4,0,32,25,15.0,12.454,6,2,5,2,45
model,100,61,23,22,0,0.1250,0.7500,0.2500,0.3750,5,0,9,41,17.0,12.443,3,3,7,4,45
real,100,61,19,25,0,0.0000,0.6250,0.5000,0.5000,1,1,100,100,44.0,44.000,10,12,12,10,44
model,100,61,19,25,0,-0.1250,0.7500,0.8750,0.6250,9,0,30,25,12.0,10.474,2,3,5,2,44
real,100,39,27,21,0,0.2500,0.1250,0.6250,0.5000,7,1,38,38,9.0,12.021,2,3,1,3,48
model,100,39,27,21,0,0.1250,0.7500,0.6250,0.6250,4,0,25,29,16.0,14.268,5,3,5,3,48
real,100,61,25,24,0,-0.1250,0.6250,0.5000,0.3750,4,1,84,84,36.0,34.784,7,10,7,12,49
model,100,61,25,24,0,0.7500,1.0000,0.8750,1.0000,6,0,67,2,24.0,23.588,5,3,9,7,49
real,100,98,27,23,0,0.2500,0.5000,0.5000,0.5000,3,1,85,85,32.0,35.443,5,7,11,9,50
model,100,98,27,23,0,-0.3750,0.7500,0.6250,0.1250,3,1,89,89,43.0,41.794,18,9,6,10,50
real,100,98,25,21,0,-0.2500,0.1250,0.1250,0.1250,5,0,53,6,15.0,16.753,5,5,1,4,46
model,100,98,25,21,0,0.0000,0.8750,0.5000,0.3750,6,0,14,29,10.0,9.000,3,3,2,2,46
real,100,98,22,23,0,0.0000,0.8750,0.1250,-0.1250,4,1,82,82,31.0,28.289,5,8,11,7,45
model,100,98,22,23,0,-0.2500,0.3750,0.3750,0.1250,5,0,15,18,14.0,12.691,3,5,3,3,45
real,100,98,23,27,0,-0.3750,0.6250,0.6250,0.3750,5,0,8,42,15.0,14.175,1,4,4,6,50
model,100,98,23,27,0,-0.2500,0.7500,0.8750,0.3750,5,1,82,82,38.0,36.856,10,12,9,7,50
real,100,48,28,21,0,0.0000,0.8750,0.3750,0.0000,2,1,92,92,42.0,41.577,12,11,12,7,49
model,100,48,28,21,0,0.2500,0.7500,0.8750,0.8750,6,0,44,2,13.0,15.052,2,3,5,3,49
real,100,15,22,26,0,-0.1250,0.5000,0.5000,0.5000,5,0,42,30,15.0,14.340,2,7,2,4,48
model,100,15,22,26,0,-0.3750,0.7500,0.8750,0.2500,4,1,53,53,24.0,22.670,3,7,7,7,48
real,100,48,21,24,0,0.2500,0.6250,0.1250,0.1250,3,1,90,90,39.0,36.237,6,11,10,12,45
model,100,48,21,24,0,0.0000,0.5000,0.6250,0.1250,2,1,84,84,30.0,33.495,8,6,7,9,45
real,100,48,27,23,0,0.1250,1.0000,0.5000,0.7500,4,0,10,4,22.0,24.907,7,3,7,5,50
model,100,48,27,23,0,0.0000,0.8750,0.3750,0.3750,5,1,76,76,36.0,32.216,5,12,7,12,50
real,100,62,27,24,0,0.5000,0.8750,0.2500,1.0000,3,1,12,12,25.0,21.433,6,5,8,6,51
model,100,62,27,24,0,-0.1250,0.0000,0.5000,0.6250,6,0,17,7,16.0,16.526,3,1,8,4,51
real,100,62,27,22,0,0.7500,0.7500,0.6250,0.2500,5,0,2,36,12.0,14.959,2,3,4,3,49
model,100,62,27,22,0,0.5000,0.6250,0.3750,0.3750,4,0,14,72,24.0,24.289,2,8,7,7,49
real,100,62,22,21,0,0.1250,0.2500,0.5000,0.6250,4,0,14,67,23.0,22.588,5,8,5,5,43
model,100,62,22,21,0,-0.3750,0.7500,0.6250,-0.1250,5,1,67,67,20.0,19.557,3,4,5,8,43
real,100,62,22,27,0,0.2500,0.8750,0.6250,-0.1250,3,1,91,91,37.0,40.175,7,12,9,9,49
model,100,62,22,27,0,0.0000,0.8750,0.1250,0.3750,2,1,74,74,27.0,29.701,7,6,5,9,49
real,100,44,24,23,0,0.2500,0.7500,0.8750,0.1250,4,1,55,55,20.0,22.887,7,4,5,4,47
model,100,44,24,23,0,0.0000,0.3750,0.3750,0.2500,4,1,72,72,28.0,28.000,12,6,4,6,47
real,100,49,22,22,0,0.3750,0.3750,0.6250,0.2500,1,1,100,100,44.0,44.000,11,15,11,7,44
model,100,49,22,22,0,0.0000,0.3750,0.5000,0.1250,3,0,39,47,15.0,17.361,2,1,8,4,44
real,100,49,22,18,0,0.3750,0.6250,0.7500,0.6250,2,1,74,74,25.0,24.536,9,8,5,3,40
model,100,49,22,18,0,-0.1250,0.6250,0.2500,0.1250,2,0,45,55,21.0,20.309,6,5,4,6,40
real,100,49,21,20,0,0.2500,1.0000,0.5000,0.3750,4,1,77,77,25.0,26.598,12,4,4,5,41
model,100,49,21,20,0,0.1250,0.5000,0.7500,0.6250,4,0,11,54,12.0,15.103,1,3,5,3,41
real,100,91,24,23,1,0.0000,0.8750,0.3750,0.2500,4,0,48,47,20.0,21.144,4,6,5,5,47
model,100,91,24,23,1,0.2500,0.5000,0.6250,0.0000,4,0,5,85,33.0,31.392,10,6,7,10,47
real,100,91,26,23,0,0.2500,0.6250,0.6250,0.1250,6,0,55,6,20.0,22.010,4,7,6,3,49
model,100,91,26,23,0,0.1250,0.3750,0.6250,0.5000,5,0,21,14,23.0,20.320,4,3,11,5,49
real,100,91,20,25,0,0.1250,0.7500,0.8750,0.2500,4,1,84,84,32.0,30.443,8,11,10,3,45
model,100,91,20,25,0,0.1250,0.6250,0.6250,0.2500,8,0,24,23,8.0,8.041,2,1,2,3,45
real,100,91,24,24,0,0.3750,0.8750,0.8750,0.5000,4,1,64,64,25.0,24.784,6,4,10,5,48
model,100,91,24,24,0,-0.2500,1.0000,0.0000,0.3750,3,1,94,94,43.0,45.031,12,12,11,8,48
real,100,22,28,23,1,0.0000,0.5000,0.5000,0.5000,5,1,56,56,16.0,20.577,5,3,6,2,51
model,100,22,28,23,1,0.2500,0.6250,0.0000,0.3750,6,1,25,25,11.0,14.361,2,2,1,6,51
real,100,47,24,26,0,0.0000,0.6250,0.5000,0.3750,2,1,91,91,44.0,43.711,11,5,13,15,50
model,100,47,24,26,0,0.3750,0.7500,0.5000,0.6250,7,1,18,18,10.0,11.639,4,3,0,3,50
real,100,47,21,25,0,0.0000,0.2500,0.5000,0.5000,2,1,88,88,34.0,33.443,7,8,8,11,46
model,100,47,21,25,0,0.3750,0.8750,0.6250,0.7500,4,0,25,60,20.0,17.526,4,7,3,6,46
real,100,47,22,23,0,-0.1250,0.5000,0.0000,0.3750,3,1,77,77,28.0,26.000,12,4,4,8,45
model,100,47,22,23,0,0.1250,0.7500,0.2500,0.2500,4,0,70,20,24.0,23.124,2,9,5,8,45
real,100,82,30,25,0,-0.1250,0.5000,0.2500,0.5000,5,0,34,46,20.0,21.041,10,2,3,5,55
model,100,82,30,25,0,-0.2500,0.8750,0.6250,0.0000,5,0,53,13,19.0,17.948,3,6,2,8,55
real,100,82,28,24,0,0.5000,0.5000,0.3750,0.5000,5,0,63,29,24.0,24.515,4,6,5,9,52
model,100,82,28,24,0,1.0000,1.0000,1.0000,1.0000,2,1,94,94,48.0,47.897,12,16,12,8,52
real,100,82,22,22,0,-0.1250,0.6250,0.2500,0.3750,4,1,66,66,20.0,18.670,3,4,7,6,44
model,100,82,22,22,0,0.2500,0.6250,0.5000,0.1250,5,1,52,52,21.0,17.361,2,9,9,1,44
real,100,82,25,25,0,0.0000,0.7500,0.5000,0.3750,3,1,82,82,36.0,35.031,4,9,15,8,50
model,100,82,25,25,0,-0.1250,0.8750,0.6250,0.8750,4,0,3,70,27.0,26.402,4,11,6,6,50
real,100,43,25,23,0,0.0000,0.8750,0.5000,0.5000,5,0,33,8,16.0,13.649,5,3,5,3,48
model,100,43,25,23,0,0.0000,0.5000,0.2500,0.0000,4,0,51,19,21.0,18.454,7,6,3,5,48
real,100,43,23,25,0,0.1250,0.6250,0.8750,0.3750,4,0,45,22,10.0,16.227,0,3,6,1,48
model,100,43,23,25,0,0.2500,0.8750,0.3750,0.5000,4,0,63,22,22.0,21.959,4,6,9,3,48
real,100,23,24,21,0,0.1250,0.7500,0.2500,0.1250,8,1,23,23,13.0,11.320,4,2,5,2,45
model,100,23,24,21,0,0.2500,0.8750,0.7500,0.6250,5,1,43,43,12.0,17.711,7,3,2,0,45
real,100,23,32,26,0,0.0000,0.8750,0.2500,0.2500,6,0,14,40,14.0,15.330,1,2,6,5,58
model,100,23,32,26,0,0.0000,0.5000,0.5000,0.0000,5,0,8,48,15.0,17.093,2,6,3,4,58
real,100,67,23,22,1,-0.1250,0.3750,0.5000,0.3750,4,1,67,67,22.0,22.505,1,4,7,10,45
model,100,67,23,22,1,-0.1250,0.6250,0.5000,0.3750,3,1,22,22,32.0,28.443,7,8,6,11,45
real,100,67,23,27,0,-0.1250,0.6250,0.5000,0.5000,2,1,61,61,27.0,25.567,6,6,9,6,50
model,100,67,23,27,0,0.1250,0.5000,0.5000,0.5000,7,0,17,40,12.0,12.227,3,2,6,1,50
real,100,67,27,21,0,-0.6250,0.8750,0.3750,0.2500,3,0,85,13,38.0,37.361,9,11,11,7,48
model,100,67,27,21,0,0.0000,0.5000,0.5000,0.0000,3,1,89,89,36.0,36.660,7,13,9,7,48
real,100,67,26,24,0,0.3750,0.5000,0.5000,0.1250,5,0,3,37,19.0,18.247,2,5,7,5,50
model,100,67,26,24,0,-0.2500,0.8750,0.6250,0.5000,3,0,3,3,45.0,46.041,9,13,14,9,50
real,100,57,26,21,1,-0.1250,0.5000,0.2500,0.6250,6,1,11,11,20.0,20.299,7,5,5,3,47
model,100,57,26,21,1,0.5000,0.6250,0.7500,0.3750,6,0,3,18,11.0,10.340,2,1,6,2,47
real,100,57,21,27,0,-0.1250,0.7500,0.0000,0.7500,4,1,45,45,26.0,22.423,5,8,5,8,48
model,100,57,21,27,0,-0.3750,0.6250,0.5000,0.1250,5,0,8,54,21.0,18.165,7,6,5,3,48
real,100,57,24,23,0,0.0000,0.7500,-0.1250,-0.1250,4,1,85,85,29.0,34.948,7,12,7,3,47
model,100,57,24,23,0,0.1250,0.7500,0.8750,0.8750,4,0,16,8,27.0,15.443,8,9,7,3,47
real,100,57,26,21,0,-0.2500,0.7500,0.6250,0.7500,2,1,61,61,22.0,23.155,5,6,5,6,47
model,100,57,26,21,0,-0.3750,0.6250,0.3750,0.3750,5,0,35,31,10.0,13.866,2,2,3,3,47
real,100,53,22,21,0,0.0000,0.5000,0.3750,0.0000,5,0,27,28,10.0,10.711,5,2,2,1,43
model,100,53,22,21,0,-0.2500,0.6250,0.5000,0.1250,4,1,81,81,32.0,31.546,8,8,9,7,43
real,100,53,23,21,0,0.1250,0.7500,0.8750,1.0000,1,1,100,100,44.0,44.000,13,10,9,12,44
model,100,53,23,21,0,-0.2500,0.3750,0.3750,0.3750,2,1,96,96,42.0,41.258,10,9,12,11,44
real,100,53,24,26,0,0.2500,0.7500,0.8750,0.6250,7,0,12,9,13.0,9.072,3,4,3,3,50
model,100,53,24,26,0,-0.2500,0.5000,0.6250,0.5000,3,1,81,81,36.0,34.474,6,11,10,9,50
real,100,53,23,26,0,0.1250,0.8750,0.5000,0.3750,5,0,16,56,16.0,19.660,2,6,4,4,49
model,100,53,23,26,0,-0.1250,0.3750,0.1250,0.3750,4,0,9,35,22.0,14.938,3,8,6,5,49
real,100,78,23,18,0,0.0000,0.7500,0.5000,0.7500,3,1,36,36,16.0,17.072,5,2,3,6,41
model,100,78,23,18,0,0.0000,0.6250,0.6250,0.3750,4,1,51,51,16.0,14.557,2,4,6,4,41
real,100,78,18,23,1,-0.1250,0.7500,0.7500,0.7500,5,1,45,45,11.0,13.361,3,0,4,4,41
model,100,78,18,23,1,1.0000,1.0000,1.0000,1.0000,6,0,2,65,19.0,20.227,3,7,5,4,41
real,100,78,23,21,0,0.0000,0.1250,0.6250,0.6250,3,1,55,55,22.0,20.918,4,5,7,6,44
model,100,78,23,21,0,-0.2500,0.6250,0.2500,0.5000,2,1,81,81,28.0,27.959,8,6,7,7,44
real,100,78,26,29,0,-0.2500,0.7500,0.6250,0.5000,3,0,33,18,19.0,20.103,5,5,3,6,55
model,100,78,26,29,0,0.3750,0.5000,0.3750,0.2500,4,1,57,57,20.0,21.371,4,6,4,6,55
real,100,45,19,25,0,-0.1250,0.5000,0.7500,0.8750,6,0,6,32,9.0,12.876,0,5,2,2,44
model,100,45,19,25,0,-0.1250,0.5000,0.6250,0.7500,6,0,35,16,7.0,9.814,1,2,3,1,44
real,100,45,27,29,0,0.0000,0.7500,0.5000,0.3750,7,0,9,7,10.0,11.887,3,4,1,2,56
model,100,45,27,29,0,-0.2500,0.6250,0.5000,0.8750,3,1,34,34,35.0,30.763,10,9,7,9,56
real,100,9,18,23,0,1.0000,1.0000,1.0000,1.0000,4,1,13,13,17.0,14.629,3,5,5,4,41
model,100,9,18,23,0,-0.1250,0.7500,0.3750,0.2500,3,1,52,52,14.0,16.010,2,6,3,3,41
real,100,45,28,25,0,-0.3750,0.5000,0.7500,0.3750,8,0,45,21,14.0,14.227,2,4,3,5,53
model,100,45,28,25,0,0.2500,0.7500,0.6250,0.8750,4,0,6,88,40.0,42.722,7,12,10,11,53
real,100,62,27,21,0,-0.1250,0.7500,0.5000,-0.2500,6,0,74,13,26.0,25.577,11,5,5,5,48
model,100,62,27,21,0,0.3750,0.7500,0.6250,0.3750,4,1,64,64,20.0,25.289,5,7,1,7,48
real,100,62,22,22,0,0.1250,0.3750,0.5000,0.1250,6,0,20,36,7.0,9.856,3,4,0,0,44
model,100,62,22,22,0,0.3750,0.7500,0.1250,0.3750,2,0,76,24,30.0,29.814,7,10,10,3,44
real,100,62,22,26,0,0.0000,0.5000,0.7500,0.3750,6,0,31,46,13.0,14.320,4,2,6,1,48
model,100,62,22,26,0,-0.2500,0.7500,0.5000,0.3750,5,0,37,20,18.0,12.237,6,3,4,5,48
real,100,62,23,25,0,-0.1250,0.3750,0.3750,0.5000,4,1,56,56,25.0,22.866,6,8,7,4,48
model,100,62,23,25,0,0.2500,0.8750,0.0000,0.3750,6,1,49,49,13.0,14.474,0,3,4,6,48
real,100,91,21,25,0,0.2500,0.7500,0.3750,0.3750,4,0,40,56,12.0,20.887,3,3,4,2,46
model,100,91,21,25,0,-0.2500,0.6250,0.2500,0.3750,1,1,100,100,46.0,46.000,8,9,17,12,46
real,100,91,23,21,0,0.3750,0.7500,0.5000,0.5000,6,0,37,2,15.0,13.082,2,3,4,6,44
model,100,91,23,21,0,0.3750,0.5000,0.6250,0.2500,4,0,19,70,28.0,24.598,3,9,8,8,44
real,100,91,17,24,0,-0.2500,0.6250,0.7500,0.3750,3,0,67,25,26.0,21.351,6,11,5,4,41
model,100,91,17,24,0,0.1250,0.7500,0.2500,0.2500,4,0,47,21,12.0,14.330,1,6,2,3,41
real,100,91,23,24,0,-0.1250,0.0000,0.1250,0.2500,6,1,40,40,17.0,17.505,3,6,4,4,47
model,100,91,23,24,0,0.2500,0.5000,0.1250,0.5000,4,1,89,89,38.0,37.392,11,10,8,9,47
real,100,39,24,19,1,0.2500,0.6250,0.3750,0.2500,6,0,28,54,11.0,14.258,6,3,2,0,43
model,100,39,24,19,1,-0.3750,0.5000,0.5000,0.0000,3,0,15,50,16.0,16.804,2,6,6,2,43
real,100,34,27,27,0,-0.5000,0.1250,0.6250,0.6250,3,1,74,74,26.0,31.443,9,2,8,7,54
model,100,34,27,27,0,0.1250,0.7500,0.8750,0.6250,4,1,80,80,33.0,33.299,12,4,11,6,54
real,100,39,25,29,0,0.0000,0.6250,0.2500,0.6250,5,0,40,19,8.0,13.567,1,2,3,2,54
model,100,39,25,29,0,-0.1250,0.6250,0.7500,0.2500,6,0,31,18,14.0,14.041,0,4,5,5,54
real,100,34,28,24,0,-0.3750,0.8750,0.5000,0.1250,6,0,11,34,17.0,11.845,3,7,3,4,52
model,100,34,28,24,0,0.3750,0.6250,0.2500,0.2500,7,0,18,14,8.0,8.113,2,0,3,3,52
real,100,46,24,26,0,0.1250,0.6250,0.3750,0.3750,6,0,12,13,20.0,15.701,4,3,6,7,50
model,100,46,24,26,0,-0.1250,0.3750,0.6250,0.1250,6,0,51,9,18.0,18.485,5,3,8,2,50
real,100,46,25,26,0,-0.1250,0.5000,0.1250,0.7500,3,1,86,86,39.0,38.052,8,9,16,6,51
model,100,46,25,26,0,-0.1250,0.6250,0.5000,0.6250,3,1,52,52,21.0,18.464,5,6,7,3,51
real,100,46,23,29,0,0.0000,0.7500,0.2500,0.3750,1,1,100,100,52.0,52.000,9,22,9,12,52
model,100,46,23,29,0,-0.1250,0.6250,0.5000,0.8750,1,1,100,100,52.0,52.000,16,15,11,10,52
real,100,14,28,23,0,0.1250,0.8750,0.7500,0.8750,4,1,30,30,18.0,17.227,5,6,4,3,51
model,100,14,28,23,0,0.3750,0.6250,0.5000,0.1250,6,1,9,9,28.0,27.948,9,6,6,7,51
real,100,64,26,18,0,-0.1250,0.7500,0.5000,0.5000,4,0,86,5,32.0,32.278,11,6,4,11,44
model,100,64,26,18,0,0.0000,0.3750,0.5000,0.5000,4,1,76,76,25.0,23.876,4,6,10,5,44
real,100,64,21,28,1,0.1250,0.6250,0.5000,0.1250,5,1,52,52,21.0,20.113,4,7,4,6,49
model,100,64,21,28,1,0.2500,0.3750,0.7500,0.5000,2,1,91,91,39.0,38.680,8,13,10,8,49
real,100,64,29,27,0,-0.3750,0.6250,0.3750,0.1250,5,0,20,30,13.0,15.928,5,2,4,2,56
model,100,64,29,27,0,-0.2500,0.2500,0.3750,0.3750,3,0,81,17,40.0,39.237,12,15,10,3,56
real,100,64,22,22,0,-0.6250,0.8750,0.3750,0.2500,2,1,66,66,23.0,24.866,5,8,5,5,44
model,100,64,22,22,0,0.1250,0.6250,0.7500,0.2500,6,0,58,3,15.0,15.588,4,2,7,2,44
real,100,67,25,24,0,-0.1250,0.3750,0.5000,0.1250,3,0,16,73,26.0,26.845,6,6,5,9,49
model,100,67,25,24,0,0.3750,0.6250,0.6250,0.3750,1,1,100,100,49.0,49.000,8,12,14,15,49
real,100,67,26,23,0,0.1250,0.5000,0.3750,0.6250,4,1,71,71,26.0,26.887,4,9,10,3,49
model,100,67,26,23,0,0.1250,0.6250,0.6250,0.7500,3,1,37,37,20.0,17.247,7,4,6,3,49
real,100,67,20,22,0,0.0000,0.5000,0.3750,0.1250,4,1,52,52,13.0,14.804,2,4,6,1,42
model,100,67,20,22,0,-0.2500,0.6250,0.2500,0.2500,5,0,13,7,25.0,25.021,7,6,5,7,42
real,100,67,22,18,0,-0.2500,0.1250,0.6250,0.5000,3,0,46,51,14.0,18.000,2,8,2,2,40
model,100,67,22,18,0,-0.1250,0.5000,0.3750,0.3750,3,1,48,48,14.0,15.361,5,4,4,1,40
real,100,54,24,23,0,0.1250,0.7500,0.5000,0.5000,3,0,80,18,30.0,32.041,8,6,8,8,47
model,100,54,24,23,0,0.2500,0.8750,0.3750,0.5000,6,0,23,22,8.0,8.670,2,1,2,3,47
real,100,54,27,22,0,0.5000,1.0000,0.6250,0.3750,6,0,5,13,31.0,27.381,5,9,8,9,49
model,100,54,27,22,0,0.5000,0.7500,0.2500,0.3750,8,0,4,5,23.0,23.443,7,8,4,4,49
real,100,54,25,20,0,1.0000,1.0000,1.0000,1.0000,5,0,2,46,13.0,14.216,6,4,3,0,45
model,100,54,25,20,0,-0.2500,0.6250,0.3750,0.2500,4,0,83,12,35.0,33.918,7,12,11,5,45
real,100,54,18,21,0,-0.1250,0.7500,0.2500,0.7500,6,0,12,74,23.0,22.660,6,11,3,3,39
model,100,54,18,21,0,0.5000,0.8750,0.8750,0.6250,7,0,2,63,19.0,18.835,6,3,4,6,39
real,100,53,28,23,0,-0.1250,0.7500,0.1250,0.2500,6,0,14,39,10.0,12.835,1,3,2,4,51
model,100,53,28,23,0,0.0000,0.6250,0.3750,0.1250,3,0,41,49,17.0,19.289,2,4,4,7,51
real,100,53,25,23,0,0.3750,0.6250,0.6250,0.1250,3,0,13,80,30.0,32.918,10,4,11,5,48
model,100,53,25,23,0,0.1250,0.3750,0.5000,0.7500,5,0,37,5,15.0,13.670,3,6,1,5,48
real,100,53,22,26,0,-0.2500,0.6250,0.7500,0.0000,4,0,28,67,26.0,26.041,5,5,9,7,48
model,100,53,22,26,0,0.0000,0.6250,0.6250,-0.1250,2,0,58,42,18.0,23.918,3,5,6,4,48
real,100,16,22,25,0,-0.1250,0.7500,0.6250,0.3750,7,0,45,11,10.0,13.938,5,2,2,1,47
model,100,16,22,25,0,0.2500,0.7500,0.3750,0.5000,4,0,6,27,13.0,13.825,6,1,3,3,47
real,100,78,27,27,1,-0.3750,0.5000,0.6250,0.5000,7,1,38,38,14.0,12.031,3,5,4,2,54
model,100,78,27,27,1,0.1250,0.6250,0.5000,0.3750,5,1,65,65,19.0,22.021,4,8,3,4,54
real,100,78,27,23,1,0.7500,0.5000,0.5000,0.7500,4,1,51,51,22.0,22.979,5,5,8,4,50
model,100,78,27,23,1,-0.1250,0.5000,0.8750,0.0000,2,0,57,43,26.0,26.474,4,8,6,8,50
real,100,78,27,23,0,-0.3750,0.5000,0.6250,0.5000,7,0,9,5,12.0,12.866,1,1,4,6,50
model,100,78,27,23,0,-0.2500,1.0000,0.2500,0.3750,4,1,87,87,43.0,42.495,11,12,12,8,50
real,100,78,24,24,0,0.1250,0.6250,0.3750,0.7500,4,1,53,53,17.0,16.144,6,4,4,3,48
model,100,78,24,24,0,-0.2500,0.8750,0.5000,0.0000,2,1,88,88,42.0,39.010,11,11,11,9,48
real,100,38,23,25,0,0.0000,0.3750,0.2500,0.1250,2,1,88,88,37.0,35.959,11,13,7,6,48
model,100,38,23,25,0,0.3750,0.7500,0.7500,0.5000,3,1,89,89,38.0,37.732,8,8,14,8,48
real,100,33,25,29,0,0.0000,0.6250,0.6250,0.0000,6,0,11,34,13.0,11.567,2,5,2,4,54
model,100,33,25,29,0,0.2500,0.3750,0.7500,0.1250,4,0,25,37,15.0,17.402,2,3,4,6,54
real,100,38,23,21,1,0.5000,0.2500,0.3750,0.8750,6,1,60,60,21.0,17.165,3,4,13,1,44
model,100,38,23,21,1,-0.3750,0.6250,0.3750,0.3750,2,1,69,69,20.0,24.000,5,5,5,5,44
real,100,38,21,27,0,-0.1250,0.7500,0.2500,0.5000,5,1,51,51,18.0,16.062,5,4,6,3,48
model,100,38,21,27,0,1.0000,1.0000,1.0000,1.0000,3,1,90,90,43.0,38.804,8,14,14,7,48
real,100,25,27,18,1,0.1250,1.0000,0.1250,0.6250,6,0,62,18,19.0,19.216,7,5,2,5,45
model,100,25,27,18,1,0.2500,0.1250,0.5000,0.5000,4,0,66,8,23.0,22.866,6,4,7,6,45
real,100,25,26,24,0,0.0000,0.7500,0.3750,0.5000,6,0,32,15,20.0,15.289,5,4,8,3,50
model,100,25,26,24,0,-0.1250,0.7500,0.6250,0.3750,2,1,97,97,48.0,48.454,6,13,20,9,50
real,100,25,25,21,0,0.2500,0.6250,0.0000,0.1250,3,1,54,54,15.0,17.876,5,2,5,3,46
model,100,25,25,21,0,0.0000,0.7500,0.7500,0.7500,6,0,5,36,9.0,10.814,2,1,1,5,46
real,100,25,24,22,0,-0.1250,0.5000,0.8750,0.1250,5,1,47,47,13.0,15.515,3,3,4,3,46
model,100,25,24,22,0,-0.3750,0.7500,0.5000,0.6250,2,1,26,26,29.0,29.464,7,7,4,11,46
real,100,84,26,25,0,1.0000,1.0000,1.0000,1.0000,6,0,2,36,14.0,12.660,3,7,3,1,51
model,100,84,26,25,0,0.3750,0.3750,0.6250,0.3750,4,0,33,27,18.0,16.361,5,4,5,4,51
real,100,84,24,20,0,-0.2500,0.5000,0.2500,0.5000,4,1,46,46,17.0,15.557,3,3,8,3,44
model,100,84,24,20,0,-0.1250,0.7500,0.5000,0.3750,6,0,67,19,23.0,21.876,4,4,8,7,44
real,100,84,27,31,0,-0.2500,0.7500,0.1250,0.0000,2,1,96,96,54.0,52.825,10,16,18,10,58
model,100,84,27,31,0,0.3750,1.0000,0.5000,0.3750,4,0,16,63,30.0,24.278,10,6,7,7,58
real,100,84,25,23,0,0.0000,0.6250,0.6250,0.6250,4,1,58,58,20.0,20.371,3,9,6,2,48
model,100,84,25,23,0,0.0000,0.6250,0.8750,0.5000,3,1,86,86,38.0,35.515,10,6,11,11,48
real,100,42,25,22,2,0.1250,0.7500,0.6250,0.2500,7,0,63,7,19.0,21.268,1,4,10,4,47
model,100,42,25,22,2,0.1250,0.6250,0.2500,0.8750,5,0,38,23,13.0,12.825,3,4,3,3,47
real,100,20,27,24,0,0.1250,0.6250,0.2500,0.0000,3,1,58,58,19.0,21.402,6,7,2,4,51
model,100,20,27,24,0,0.1250,0.6250,0.2500,0.5000,6,0,14,16,20.0,22.546,7,2,9,2,51
real,100,42,24,23,0,0.2500,0.6250,0.7500,0.6250,2,1,94,94,40.0,39.660,8,12,9,11,47
model,100,42,24,23,0,0.1250,0.5000,0.8750,-0.1250,1,1,100,100,47.0,47.000,11,11,14,11,47
real,100,42,22,24,0,0.2500,0.7500,0.5000,0.5000,3,1,76,76,28.0,28.062,8,7,7,6,46
model,100,42,22,24,0,0.1250,0.6250,0.7500,0.2500,7,0,5,68,23.0,23.258,7,8,4,4,46
real,100,43,24,27,1,-0.1250,0.8750,0.7500,0.0000,4,1,91,91,44.0,41.856,13,8,13,10,51
model,100,43,24,27,1,0.5000,0.5000,0.1250,0.3750,7,0,48,39,24.0,19.258,9,7,3,5,51
real,100,43,26,22,0,0.6250,1.0000,0.5000,0.5000,4,0,14,37,15.0,12.577,3,4,6,2,48
model,100,43,26,22,0,0.0000,0.1250,0.5000,0.5000,4,0,34,41,14.0,15.237,2,4,4,4,48
real,100,43,23,23,1,0.1250,0.7500,-0.1250,0.1250,8,0,22,11,6.0,7.990,1,1,2,2,46
model,100,43,23,23,1,-0.1250,0.7500,0.6250,0.1250,4,0,51,3,18.0,18.196,5,9,0,4,46
real,100,51,24,20,0,1.0000,1.0000,1.0000,1.0000,2,1,95,95,37.0,39.010,8,11,13,5,44
model,100,51,24,20,0,-0.1250,0.5000,0.5000,0.2500,5,1,58,58,19.0,18.247,2,6,6,5,44
real,100,24,24,21,0,-0.1250,0.2500,0.7500,0.5000,4,0,7,63,17.0,20.402,4,1,7,5,45
model,100,24,24,21,0,-0.2500,0.2500,0.2500,0.6250,4,1,88,88,32.0,36.093,6,9,10,7,45
real,100,33,23,26,0,0.1250,0.6250,0.3750,0.1250,4,0,53,28,21.0,19.165,5,5,5,6,49
model,100,33,23,26,0,0.1250,0.2500,0.3750,-0.1250,5,1,50,50,19.0,15.784,6,4,8,1,49
real,100,32,18,19,1,0.0000,0.5000,0.5000,-0.2500,5,0,9,38,7.0,10.371,1,0,4,2,37
model,100,32,18,19,1,0.5000,0.7500,0.6250,0.8750,6,0,4,51,15.0,12.206,1,2,9,3,37
real,100,33,21,24,0,0.0000,0.8750,0.5000,0.2500,5,1,55,55,16.0,14.938,1,6,7,2,45
model,100,33,21,24,0,0.0000,0.2500,0.5000,0.5000,1,1,100,100,45.0,45.000,13,15,10,7,45
real,100,47,25,29,0,-0.2500,0.5000,0.3750,0.7500,4,0,36,51,24.0,20.464,6,8,8,2,54
model,100,47,25,29,0,0.7500,0.8750,0.5000,0.6250,4,0,3,88,41.0,44.474,7,11,12,11,54
real,100,47,24,24,0,0.0000,0.6250,0.5000,0.6250,1,1,100,100,48.0,48.000,15,9,14,10,48
model,100,47,24,24,0,0.1250,0.3750,0.2500,0.5000,7,0,25,9,10.0,9.773,3,4,1,2,48
real,100,47,19,24,0,0.0000,0.5000,0.3750,0.3750,6,0,28,37,13.0,10.866,3,6,0,4,43
model,100,47,19,24,0,0.2500,0.7500,0.5000,0.2500,3,1,84,84,29.0,32.278,8,9,6,6,43
real,100,47,27,27,0,0.1250,0.7500,0.1250,0.0000,5,0,21,23,13.0,12.412,3,2,4,4,54
model,100,47,27,27,0,1.0000,1.0000,1.0000,1.0000,2,1,66,66,30.0,30.124,9,8,5,8,54
real,100,56,24,25,1,0.0000,0.7500,0.5000,0.1250,7,0,28,8,6.0,10.113,3,2,1,0,49
model,100,56,24,25,1,-0.2500,0.5000,0.3750,0.3750,3,0,31,67,26.0,27.722,4,7,7,8,49
real,100,56,26,18,0,0.2500,0.5000,0.6250,0.7500,5,0,47,40,21.0,16.247,12,2,3,4,44
model,100,56,26,18,0,0.1250,0.6250,0.3750,0.8750,6,0,45,12,10.0,13.082,4,1,5,0,44
real,100,38,21,24,1,0.0000,0.5000,0.5000,0.2500,7,0,21,31,16.0,11.021,2,9,2,3,45
model,100,38,21,24,1,0.2500,0.6250,0.5000,0.1250,5,0,28,57,20.0,20.093,7,7,3,3,45
real,100,56,28,23,0,0.6250,0.8750,0.3750,0.7500,5,0,39,13,14.0,14.794,2,5,6,1,51
model,100,56,28,23,0,-0.3750,0.7500,0.5000,0.3750,7,0,9,16,20.0,14.299,6,2,7,5,51
real,100,45,23,21,0,0.0000,0.7500,0.3750,0.2500,4,1,65,65,20.0,22.361,7,1,7,5,44
model,100,45,23,21,0,-0.1250,0.8750,0.1250,0.1250,2,1,87,87,36.0,34.392,3,15,4,14,44
real,100,45,27,22,0,0.2500,0.7500,0.7500,0.3750,3,0,60,35,27.0,23.804,4,10,8,5,49
model,100,45,27,22,0,-0.1250,0.5000,0.3750,0.6250,2,1,61,61,22.0,23.938,4,3,9,6,49
real,100,45,27,26,0,0.2500,0.7500,0.7500,0.6250,5,1,45,45,21.0,18.371,4,4,7,6,53
model,100,45,27,26,0,0.2500,0.7500,0.5000,0.3750,2,0,51,49,29.0,26.155,11,4,7,7,53
real,100,45,21,25,0,0.1250,0.7500,0.6250,0.6250,10,0,5,49,11.0,12.835,1,8,2,0,46
model,100,45,21,25,0,-0.1250,0.7500,0.6250,0.5000,3,1,75,75,24.0,26.649,2,6,8,8,46
real,100,96,26,23,1,1.0000,1.0000,1.0000,1.0000,4,1,75,75,30.0,30.361,8,6,9,7,49
model,100,96,26,23,1,0.0000,0.3750,0.6250,0.0000,5,0,40,20,14.0,14.093,2,4,3,5,49
real,100,96,25,23,0,0.3750,0.5000,0.6250,0.0000,3,0,39,58,25.0,23.237,4,5,8,8,48
model,100,96,25,23,0,0.3750,0.6250,0.5000,0.6250,3,1,96,96,47.0,46.021,10,15,15,7,48
real,100,96,24,25,0,-0.1250,0.6250,0.2500,0.5000,5,0,37,35,10.0,14.959,1,3,6,0,49
model,100,96,24,25,0,0.0000,0.7500,0.1250,0.1250,4,1,28,28,8.0,12.969,1,2,1,4,49
real,100,96,23,23,0,0.1250,0.6250,0.5000,0.1250,3,1,90,90,37.0,37.072,6,10,14,7,46
model,100,96,23,23,0,0.2500,0.6250,0.3750,0.1250,5,1,80,80,27.0,28.814,12,6,3,6,46
real,100,85,15,25,0,1.0000,1.0000,1.0000,1.0000,4,1,78,78,26.0,23.320,6,7,7,6,40
model,100,85,15,25,0,0.0000,0.7500,0.0000,0.2500,4,1,87,87,30.0,29.722,6,8,7,9,40
real,100,85,18,28,0,0.0000,0.8750,1.0000,0.6250,4,0,3,61,18.0,21.454,3,5,7,3,46
model,100,85,18,28,0,0.0000,0.7500,0.1250,0.2500,4,0,28,65,23.0,23.247,8,7,3,5,46
real,100,85,24,25,0,0.0000,0.7500,0.1250,0.3750,4,1,69,69,18.0,22.907,4,6,4,4,49
model,100,85,24,25,0,0.1250,0.8750,0.2500,0.1250,5,1,39,39,15.0,13.309,5,4,3,3,49
real,100,85,20,26,0,-0.2500,0.3750,0.7500,0.6250,3,1,81,81,32.0,29.928,5,11,8,8,46
model,100,85,20,26,0,-0.5000,0.6250,0.3750,0.2500,4,1,14,14,21.0,24.814,6,5,6,4,46
real,100,87,25,23,0,-0.2500,0.7500,0.2500,0.0000,6,1,49,49,14.0,16.072,0,6,4,4,48
model,100,87,25,23,0,-0.2500,0.5000,0.5000,0.6250,4,1,82,82,28.0,29.072,5,5,7,11,48
real,100,87,21,27,0,-0.2500,0.5000,0.5000,0.1250,6,0,4,37,9.0,10.649,1,2,2,4,48
model,100,87,21,27,0,-0.1250,0.3750,0.3750,0.8750,3,1,69,69,26.0,25.876,4,9,3,10,48
real,100,87,20,24,0,-0.2500,0.3750,0.2500,0.5000,3,1,45,45,21.0,19.392,2,6,9,4,44
model,100,87,20,24,0,0.0000,0.8750,0.6250,0.7500,5,0,49,9,15.0,15.072,3,6,0,6,44
real,100,87,22,24,0,-0.2500,0.5000,0.5000,0.7500,7,0,25,4,9.0,11.412,3,1,5,0,46
model,100,87,22,24,0,0.2500,0.6250,0.2500,0.5000,2,1,94,94,41.0,39.608,12,6,7,16,46
real,100,32,24,26,0,0.2500,0.6250,0.7500,0.5000,4,0,69,26,30.0,27.856,6,8,10,6,50
model,100,32,24,26,0,0.1250,0.5000,0.3750,0.1250,5,0,23,10,22.0,22.196,7,8,2,5,50
real,100,47,20,26,2,0.0000,0.7500,0.2500,0.3750,5,1,77,77,25.0,30.093,6,6,11,2,46
model,100,47,20,26,2,-0.3750,0.8750,0.7500,0.0000,3,1,46,46,19.0,22.052,7,6,2,4,46
real,100,47,25,22,1,-0.2500,0.8750,0.0000,0.0000,5,1,38,38,20.0,14.876,5,4,7,4,47
model,100,47,25,22,1,0.2500,0.3750,0.6250,0.2500,5,0,25,60,17.0,19.186,5,3,4,5,47
real,100,47,26,22,0,-0.2500,0.8750,0.6250,0.5000,3,1,53,53,18.0,17.072,5,6,5,2,48
model,100,47,26,22,0,0.5000,0.5000,0.1250,-0.1250,7,1,57,57,16.0,17.320,4,4,7,1,48
real,100,44,22,27,0,-0.1250,0.7500,0.6250,0.3750,3,0,49,31,22.0,18.649,5,3,10,4,49
model,100,44,22,27,0,-0.1250,0.2500,0.2500,0.3750,2,1,46,46,31.0,24.402,8,8,8,7,49
real,100,56,19,22,0,0.1250,0.6250,0.6250,0.1250,6,0,35,11,13.0,9.918,3,3,6,1,41
model,100,56,19,22,0,0.1250,0.8750,0.2500,0.1250,7,0,26,34,9.0,10.433,3,1,2,3,41
real,100,56,27,20,0,-0.5000,0.6250,0.6250,0.6250,2,1,59,59,28.0,24.000,4,6,13,5,47
model,100,56,27,20,0,0.1250,0.2500,0.7500,0.5000,3,1,52,52,19.0,20.567,6,4,3,6,47
real,100,44,23,22,1,0.0000,0.6250,0.8750,0.3750,5,1,88,88,34.0,34.361,7,6,11,10,45
model,100,44,23,22,1,0.0000,0.6250,0.0000,0.6250,6,0,9,38,16.0,9.763,6,2,7,1,45
real,100,92,26,24,0,-0.3750,0.8750,0.6250,0.3750,4,1,80,80,32.0,30.278,8,13,7,4,50
model,100,92,26,24,0,0.1250,0.5000,0.7500,0.5000,2,1,34,34,28.0,28.247,6,6,11,5,50
real,100,92,24,24,0,0.2500,0.8750,0.1250,0.3750,6,0,24,19,10.0,11.113,2,3,3,2,48
model,100,92,24,24,0,0.1250,0.7500,0.1250,0.5000,4,1,77,77,29.0,28.000,8,4,11,6,48
real,100,92,27,25,0,-0.1250,0.7500,0.2500,0.1250,4,1,67,67,25.0,25.598,6,4,8,7,52
model,100,92,27,25,0,0.1250,0.6250,0.8750,0.5000,4,0,65,23,27.0,24.206,8,9,6,4,52
real,100,92,24,22,0,0.3750,0.8750,0.7500,0.5000,7,0,56,21,18.0,18.691,3,6,5,4,46
model,100,92,24,22,0,0.3750,0.7500,0.5000,0.2500,2,1,64,64,28.0,25.175,6,9,8,5,46
real,100,82,28,23,1,-0.1250,0.5000,0.6250,0.1250,8,0,4,19,12.0,9.124,2,2,8,0,51
model,100,82,28,23,1,0.1250,0.6250,0.7500,0.5000,6,0,36,13,16.0,13.423,3,4,4,5,51
real,100,82,23,29,0,0.0000,0.6250,0.5000,0.5000,3,1,91,91,41.0,43.691,10,8,12,11,52
model,100,82,23,29,0,0.1250,0.5000,0.7500,0.0000,4,1,74,74,30.0,31.093,4,7,8,11,52
real,100,82,26,28,0,0.2500,0.5000,0.5000,0.5000,6,0,6,6,23.0,24.588,6,4,8,5,54
model,100,82,26,28,0,0.0000,0.8750,0.8750,0.5000,5,0,14,64,20.0,25.072,2,6,6,6,54
real,100,82,30,29,0,-0.2500,0.3750,0.3750,0.6250,4,1,65,65,28.0,28.299,9,9,6,4,59
model,100,82,30,29,0,0.0000,0.3750,0.3750,0.0000,3,1,95,95,54.0,54.093,12,14,14,14,59
real,100,61,23,23,0,0.1250,0.8750,0.3750,0.2500,3,1,95,95,42.0,42.701,15,11,8,8,46
model,100,61,23,23,0,0.1250,0.6250,0.6250,0.5000,5,1,64,64,22.0,18.515,4,4,7,7,46
real,100,61,23,20,1,-0.3750,0.6250,0.6250,0.6250,6,0,28,59,15.0,18.649,5,1,3,6,43
model,100,61,23,20,1,0.2500,0.6250,0.6250,0.2500,4,0,35,53,12.0,17.536,2,4,3,3,43
real,100,61,20,21,0,0.0000,0.7500,0.3750,0.2500,4,1,68,68,16.0,18.134,6,5,3,2,41
model,100,61,20,21,0,0.2500,0.5000,0.5000,0.3750,4,1,91,91,38.0,36.309,11,8,12,7,41
real,100,61,24,24,0,-0.2500,0.5000,0.8750,0.0000,4,0,36,58,21.0,21.485,8,6,5,2,48
model,100,61,24,24,0,0.2500,0.6250,0.5000,0.0000,3,1,77,77,31.0,30.000,7,8,8,8,48
real,100,41,23,22,1,-0.1250,0.6250,0.6250,0.3750,6,0,35,47,16.0,16.031,6,5,2,3,45
model,100,41,23,22,1,-0.3750,0.7500,0.1250,0.2500,3,1,57,57,23.0,21.474,10,3,4,6,45
real,100,41,22,23,0,0.2500,0.7500,0.8750,0.6250,3,1,88,88,39.0,36.258,7,9,16,7,45
model,100,41,22,23,0,0.1250,0.8750,0.5000,0.5000,5,1,22,22,14.0,15.701,4,3,4,3,45
real,100,41,27,22,0,-0.2500,0.7500,0.5000,0.2500,2,1,91,91,40.0,40.330,9,10,8,13,49
model,100,41,27,22,0,-0.1250,0.7500,0.7500,0.7500,4,0,2,80,33.0,32.289,9,5,4,15,49
real,100,29,28,26,0,0.1250,0.6250,0.7500,0.5000,6,0,27,26,11.0,11.887,4,2,3,2,54
model,100,29,28,26,0,0.2500,0.6250,0.1250,0.2500,4,0,65,24,25.0,24.381,6,6,5,8,54
real,100,38,22,28,0,0.1250,0.5000,0.6250,-0.1250,4,0,31,32,14.0,15.670,2,5,5,2,50
model,100,38,22,28,0,0.0000,0.7500,0.2500,0.5000,4,1,29,29,21.0,23.340,4,3,8,6,50
real,100,38,24,25,0,-0.1250,0.5000,0.7500,0.8750,4,0,62,27,18.0,22.959,4,5,6,3,49
model,100,38,24,25,0,-0.3750,0.7500,0.2500,0.0000,5,0,49,30,15.0,15.216,2,5,3,5,49
real,100,17,25,20,0,-0.1250,0.5000,0.2500,0.0000,6,0,59,15,18.0,16.814,4,5,6,3,45
model,100,17,25,20,0,0.2500,0.8750,0.5000,0.0000,5,1,19,19,17.0,15.237,4,4,7,2,45
real,100,33,21,28,0,0.2500,0.7500,0.1250,0.1250,4,1,68,68,27.0,26.175,7,9,4,7,49
model,100,33,21,28,0,-0.2500,0.5000,0.5000,0.2500,6,0,34,42,11.0,14.959,3,3,3,2,49
real,100,69,23,25,0,-0.2500,0.2500,0.2500,-0.1250,3,1,94,94,43.0,42.289,9,10,13,11,48
model,100,69,23,25,0,0.2500,0.8750,0.2500,0.2500,6,0,12,63,20.0,19.649,5,5,4,6,48
real,100,69,22,26,0,-0.2500,0.3750,0.2500,0.0000,7,0,7,66,18.0,22.052,8,2,5,3,48
model,100,69,22,26,0,0.1250,0.8750,0.3750,0.5000,5,1,67,67,21.0,22.062,9,6,1,5,48
real,100,69,23,20,0,0.2500,0.6250,0.1250,0.5000,4,0,36,31,11.0,12.722,1,3,7,0,43
model,100,69,23,20,0,0.0000,0.3750,0.3750,0.2500,3,0,29,51,15.0,15.454,4,0,6,5,43
real,100,69,23,21,0,-0.1250,0.6250,0.3750,0.5000,3,1,64,64,24.0,23.299,2,13,2,7,44
model,100,69,23,21,0,0.2500,0.7500,0.5000,0.0000,5,1,85,85,30.0,29.907,7,8,8,7,44
real,100,89,26,27,0,0.3750,0.3750,0.5000,0.3750,4,1,69,69,26.0,28.412,5,8,9,4,53
model,100,89,26,27,0,-0.2500,0.7500,0.6250,0.3750,4,0,89,4,38.0,38.835,7,11,12,8,53
real,100,89,22,23,0,-0.1250,0.5000,0.6250,0.6250,4,1,45,45,11.0,16.660,1,3,2,5,45
model,100,89,22,23,0,0.0000,0.8750,0.5000,0.7500,5,1,82,82,29.0,30.526,8,4,9,8,45
real,100,89,16,20,0,0.2500,1.0000,0.6250,0.5000,4,1,21,21,11.0,14.577,0,3,3,5,36
model,100,89,16,20,0,0.1250,0.5000,0.3750,0.2500,4,0,32,11,13.0,16.289,4,3,2,4,36
real,100,89,25,21,0,-0.3750,0.7500,0.6250,0.5000,3,0,90,5,39.0,36.515,10,13,5,11,46
model,100,89,25,21,0,-0.2500,0.3750,0.7500,0.5000,6,0,15,57,16.0,16.082,5,3,4,4,46
real,100,54,24,26,0,-0.1250,0.6250,0.5000,0.2500,4,0,81,7,36.0,32.423,8,11,10,7,50
model,100,54,24,26,0,0.3750,0.2500,0.7500,0.6250,5,0,26,2,11.0,12.289,2,3,3,3,50
real,100,54,28,25,0,0.0000,0.7500,0.1250,0.2500,5,1,66,66,22.0,25.031,5,5,10,2,53
model,100,54,28,25,0,-0.1250,0.7500,0.0000,0.6250,4,1,82,82,33.0,35.588,11,8,8,6,53
real,100,26,25,25,0,0.0000,0.6250,0.5000,0.0000,5,0,78,4,33.0,32.680,6,11,9,7,50
model,100,26,25,25,0,0.2500,0.3750,0.3750,0.5000,4,1,40,40,13.0,14.474,2,5,3,3,50
real,100,54,27,24,0,-0.2500,0.2500,0.1250,0.6250,6,0,11,23,17.0,17.000,2,6,5,4,51
model,100,54,27,24,0,-0.1250,0.3750,0.6250,0.6250,6,0,26,20,17.0,10.268,8,5,3,1,51
real,100,47,25,28,1,-0.1250,0.6250,0.7500,0.0000,8,0,39,16,12.0,14.052,1,0,5,6,53
model,100,47,25,28,1,-0.1250,0.8750,0.5000,1.0000,3,1,88,88,42.0,40.794,11,9,10,12,53
real,100,47,22,22,0,-0.1250,0.5000,0.6250,0.1250,4,1,87,87,35.0,32.309,6,8,8,13,44
model,100,47,22,22,0,-0.1250,0.7500,0.6250,0.5000,5,1,37,37,12.0,13.557,6,1,2,3,44
real,100,43,19,23,0,0.2500,0.8750,0.3750,0.5000,3,0,19,79,28.0,28.680,10,9,5,4,42
model,100,43,19,23,0,0.3750,0.6250,-0.3750,0.3750,2,1,89,89,36.0,34.103,11,8,8,9,42
real,100,47,22,23,0,0.2500,0.8750,0.7500,0.3750,4,0,66,20,24.0,22.062,11,6,4,3,45
model,100,47,22,23,0,0.0000,0.3750,0.0000,0.1250,3,0,44,53,24.0,21.990,4,10,3,7,45
real,100,28,27,24,1,0.1250,0.6250,0.2500,0.0000,8,1,25,25,11.0,10.577,3,2,6,0,51
model,100,28,27,24,1,0.5000,1.0000,0.8750,0.8750,2,1,97,97,47.0,46.577,8,13,11,15,51
real,100,22,26,25,0,0.2500,0.8750,0.5000,0.3750,3,1,80,80,29.0,32.113,4,8,9,8,51
model,100,22,26,25,0,-0.3750,1.0000,0.6250,0.0000,4,1,30,30,17.0,14.907,6,2,7,2,51
real,100,28,29,22,0,0.0000,0.7500,0.6250,0.5000,5,0,45,25,14.0,13.825,3,3,5,3,51
model,100,28,29,22,0,-0.3750,0.7500,0.0000,0.3750,6,0,59,15,22.0,20.918,5,3,5,9,51
real,100,22,24,23,0,0.0000,0.7500,0.0000,0.2500,4,0,9,84,36.0,34.938,10,10,8,8,47
model,100,22,24,23,0,-0.2500,0.8750,0.2500,0.3750,5,0,72,6,25.0,29.722,9,4,6,6,47
real,100,98,26,27,0,0.3750,0.6250,0.2500,0.5000,4,0,22,67,25.0,28.237,4,6,10,5,53
model,100,98,26,27,0,1.0000,1.0000,1.0000,1.0000,7,1,49,49,15.0,14.773,2,4,4,5,53
real,100,98,27,25,0,0.1250,0.2500,0.3750,0.3750,3,1,44,44,18.0,17.825,5,6,4,3,52
model,100,98,27,25,0,-0.1250,0.2500,0.5000,0.3750,3,1,71,71,34.0,30.134,11,9,8,6,52
real,100,98,22,28,0,-0.2500,0.8750,0.1250,0.3750,5,0,26,46,18.0,16.062,5,2,9,2,50
model,100,98,22,28,0,0.3750,0.2500,0.7500,0.5000,4,0,3,71,25.0,27.897,6,4,10,5,50
real,100,98,22,29,0,-0.2500,0.5000,0.5000,0.5000,6,0,20,55,19.0,19.619,6,3,6,4,51
model,100,98,22,29,0,0.3750,0.5000,0.3750,0.2500,4,0,53,6,23.0,20.165,7,7,2,7,51
real,100,58,22,22,1,-0.2500,0.7500,0.7500,0.7500,5,0,2,52,22.0,18.278,5,7,8,2,44
model,100,58,22,22,1,-0.3750,0.1250,0.1250,0.0000,7,1,49,49,11.0,12.691,1,7,0,3,44
real,100,58,26,25,0,0.1250,0.6250,0.8750,0.1250,6,1,65,65,22.0,23.670,7,6,3,6,51
model,100,58,26,25,0,0.5000,1.0000,0.6250,0.3750,4,1,37,37,23.0,20.216,6,3,5,9,51
real,100,30,21,23,0,0.0000,0.6250,1.0000,0.7500,3,1,33,33,21.0,18.227,3,3,7,8,44
model,100,30,21,23,0,0.3750,0.5000,0.1250,0.2500,3,1,87,87,38.0,34.289,8,13,7,10,44
real,100,30,22,21,1,0.2500,0.5000,0.3750,0.5000,4,1,90,90,36.0,34.299,7,7,8,14,43
model,100,30,22,21,1,0.2500,0.5000,0.3750,0.5000,6,0,36,14,16.0,12.351,2,7,3,4,43
real,100,80,25,24,0,-0.2500,0.3750,0.5000,0.5000,4,0,53,38,23.0,20.814,9,3,6,5,49
model,100,80,25,24,0,-0.1250,0.8750,0.5000,0.7500,4,1,93,93,41.0,42.722,13,14,5,9,49
real,100,80,21,25,0,0.8750,0.8750,0.6250,0.7500,4,0,54,16,18.0,17.845,4,6,7,1,46
model,100,80,21,25,0,-0.3750,0.3750,0.2500,0.1250,5,1,27,27,10.0,13.763,4,2,1,3,46
real,100,80,28,23,0,0.1250,0.6250,0.7500,0.0000,6,0,14,46,14.0,14.495,3,5,3,3,51
model,100,80,28,23,0,0.0000,0.6250,0.0000,0.6250,5,1,61,61,20.0,19.330,6,2,5,7,51
real,100,80,24,19,0,-0.2500,0.5000,0.5000,0.1250,5,1,45,45,12.0,14.464,4,3,4,1,43
model,100,80,24,19,0,-0.1250,0.7500,0.2500,0.3750,2,0,95,5,41.0,40.299,11,9,12,9,43
real,100,92,25,27,0,0.2500,0.5000,0.6250,-0.2500,5,1,59,59,23.0,19.856,4,7,7,5,52
model,100,92,25,27,0,-0.5000,0.8750,0.2500,0.2500,5,0,13,31,15.0,13.402,3,6,3,3,52
real,100,92,28,25,0,0.3750,0.5000,0.3750,0.3750,6,1,70,70,26.0,28.485,5,7,9,5,53
model,100,92,28,25,0,0.0000,0.6250,0.3750,0.5000,4,0,10,81,40.0,39.340,12,11,9,8,53
real,100,92,19,26,1,-0.1250,0.6250,0.3750,0.1250,5,1,61,61,21.0,18.959,4,7,6,4,45
model,100,92,19,26,1,0.1250,0.8750,-0.2500,0.1250,4,1,60,60,13.0,18.546,1,3,3,6,45
real,100,92,21,21,0,-0.2500,0.3750,0.7500,0.5000,5,1,58,58,17.0,16.732,5,6,2,4,42
model,100,92,21,21,0,-0.2500,0.5000,0.5000,0.3750,4,1,77,77,24.0,26.010,4,7,7,6,42
real,100,47,31,23,0,-0.1250,0.6250,0.3750,0.7500,5,1,51,51,21.0,22.588,8,2,5,6,54
model,100,47,31,23,0,0.1250,0.7500,0.7500,0.1250,3,0,21,73,29.0,30.515,3,7,8,11,54
real,100,47,27,26,0,0.1250,0.5000,0.7500,0.3750,4,0,60,35,29.0,24.794,4,11,7,7,53
model,100,47,27,26,0,0.2500,0.6250,0.7500,0.2500,6,0,20,69,23.0,25.866,2,6,8,7,53
real,100,47,23,24,1,0.0000,1.0000,0.5000,0.5000,4,1,8,8,17.0,22.835,1,7,4,5,47
model,100,47,23,24,1,0.1250,0.6250,0.8750,0.3750,5,1,49,49,19.0,20.113,7,3,4,5,47
real,100,47,26,27,0,0.0000,0.8750,0.3750,0.1250,2,1,75,75,35.0,34.392,8,13,7,7,53
model,100,47,26,27,0,0.3750,0.5000,0.5000,0.0000,5,0,66,14,26.0,24.423,3,7,7,9,53
real,100,84,22,22,0,0.0000,0.8750,0.8750,0.6250,3,0,52,33,14.0,15.990,4,3,3,4,44
model,100,84,22,22,0,-0.1250,0.5000,0.5000,-0.1250,3,0,8,72,24.0,24.247,7,3,7,7,44
real,100,84,19,23,1,0.1250,0.3750,0.0000,0.3750,7,0,33,14,12.0,10.763,2,1,8,1,42
model,100,84,19,23,1,0.1250,0.7500,0.3750,0.1250,6,0,26,8,13.0,9.557,1,5,1,6,42
real,100,84,23,22,0,0.0000,0.1250,0.2500,0.1250,5,1,24,24,13.0,11.701,3,4,4,2,45
model,100,84,23,22,0,-0.3750,0.6250,0.6250,0.0000,2,1,81,81,30.0,32.474,6,8,9,7,45
real,100,84,20,30,1,0.2500,0.8750,0.7500,0.2500,4,0,4,90,43.0,41.835,17,9,8,9,50
model,100,84,20,30,1,0.0000,0.2500,0.8750,0.5000,5,0,28,28,13.0,11.670,3,3,3,4,50
real,100,40,23,28,0,-0.5000,0.6250,0.2500,0.2500,3,1,76,76,31.0,33.351,5,10,7,9,51
model,100,40,23,28,0,0.1250,0.5000,0.3750,0.3750,3,1,78,78,35.0,31.557,5,10,8,12,51
real,100,47,26,23,1,1.0000,1.0000,1.0000,1.0000,6,0,48,2,21.0,21.165,7,3,7,4,49
model,100,47,26,23,1,-0.1250,0.7500,0.2500,0.3750,3,1,95,95,43.0,44.619,11,9,12,11,49
real,100,47,25,23,1,0.1250,0.7500,0.8750,0.0000,7,1,40,40,12.0,15.711,3,2,5,2,48
model,100,47,25,23,1,0.1250,0.5000,0.3750,0.1250,3,0,32,27,20.0,16.392,6,6,6,2,48
real,100,47,26,21,0,0.1250,0.3750,0.8750,0.2500,2,1,92,92,38.0,40.588,10,9,13,6,47
model,100,47,26,21,0,-0.1250,0.7500,0.5000,0.1250,1,1,100,100,47.0,47.000,10,13,13,11,47
real,100,23,25,23,0,0.0000,0.5000,0.5000,0.3750,3,0,72,19,28.0,28.351,7,6,8,7,48
model,100,23,25,23,0,-0.3750,0.6250,0.3750,0.6250,4,1,86,86,33.0,33.711,3,11,12,7,48
real,100,24,26,25,0,-0.2500,0.8750,0.6250,0.3750,3,0,21,77,37.0,32.711,9,11,9,8,51
model,100,24,26,25,0,-0.5000,1.0000,0.7500,0.5000,4,0,31,24,16.0,15.639,6,1,3,6,51
real,100,24,22,25,0,-0.1250,0.7500,0.8750,0.5000,4,1,69,69,23.0,23.670,5,4,11,3,47
model,100,24,22,25,0,-0.1250,0.5000,0.6250,0.3750,3,1,20,20,18.0,19.041,0,8,6,4,47
real,100,24,25,20,0,0.0000,0.7500,0.0000,0.0000,2,1,94,94,40.0,40.443,9,16,5,10,45
model,100,24,25,20,0,0.0000,0.3750,0.3750,-0.1250,6,0,46,13,12.0,12.938,3,4,1,4,45
real,100,39,19,26,0,0.3750,0.7500,1.0000,0.1250,3,0,21,76,28.0,29.619,6,6,10,6,45
model,100,39,19,26,0,0.2500,0.3750,0.2500,0.3750,3,1,76,76,31.0,28.546,6,6,11,8,45
real,100,39,30,15,0,0.1250,0.5000,0.3750,0.5000,4,0,13,40,13.0,14.577,2,1,7,3,45
model,100,39,30,15,0,-0.2500,1.0000,0.8750,0.2500,4,0,35,37,9.0,13.814,2,4,0,3,45
real,100,16,25,20,1,0.1250,0.7500,0.0000,0.3750,7,0,8,28,10.0,10.577,3,3,1,3,45
model,100,16,25,20,1,-0.2500,0.6250,0.3750,-0.3750,7,1,65,65,23.0,20.887,3,4,6,10,45
real,100,39,23,23,0,0.0000,0.8750,0.5000,0.0000,8,0,33,33,7.0,11.289,1,2,2,2,46
model,100,39,23,23,0,-0.2500,0.5000,0.3750,0.5000,3,1,63,63,18.0,20.742,5,3,7,3,46
real,100,45,22,23,1,0.1250,0.8750,0.8750,0.5000,3,0,69,29,24.0,24.897,5,8,9,2,45
model,100,45,22,23,1,-0.1250,0.0000,0.1250,0.5000,4,1,89,89,37.0,36.485,9,6,12,10,45
real,100,24,20,23,0,0.0000,0.8750,0.5000,0.0000,3,1,74,74,25.0,25.979,11,3,3,8,43
model,100,24,20,23,0,0.0000,0.6250,0.6250,0.3750,7,1,49,49,17.0,11.629,4,3,6,4,43
real,100,45,20,21,0,0.1250,0.7500,0.3750,0.5000,4,1,56,56,13.0,17.660,4,3,1,5,41
model,100,45,20,21,0,0.2500,0.3750,0.7500,0.7500,2,0,53,47,22.0,20.567,6,4,4,8,41
real,100,24,27,23,0,-0.1250,0.8750,0.8750,0.6250,4,0,37,7,17.0,14.948,5,4,5,3,50
model,100,24,27,23,0,0.3750,0.7500,0.7500,0.0000,7,0,14,33,10.0,12.206,1,3,2,4,50
real,100,96,23,23,0,-0.3750,0.8750,0.7500,0.5000,4,0,15,54,16.0,18.495,5,7,3,1,46
model,100,96,23,23,0,-0.3750,0.7500,0.6250,0.5000,5,1,80,80,33.0,29.897,6,11,6,10,46
real,100,96,23,24,0,-0.5000,0.6250,0.5000,0.3750,2,1,92,92,36.0,38.897,10,7,13,6,47
model,100,96,23,24,0,0.1250,0.7500,0.7500,0.0000,5,1,39,39,14.0,17.825,2,2,5,5,47
real,100,96,24,26,0,0.2500,0.1250,0.7500,0.2500,7,0,23,35,8.0,10.845,2,2,2,2,50
model,100,96,24,26,0,0.1250,0.8750,0.8750,0.3750,6,1,21,21,14.0,16.392,0,3,6,5,50
real,100,96,24,22,0,0.2500,0.5000,0.2500,0.2500,5,0,20,18,13.0,14.206,2,6,4,1,46
model,100,96,24,22,0,0.2500,0.7500,0.2500,0.5000,6,0,25,22,13.0,10.526,4,4,2,3,46
real,100,59,17,24,0,0.6250,0.3750,0.5000,0.2500,3,0,4,31,26.0,22.722,11,4,6,5,41
model,100,59,17,24,0,-0.3750,0.6250,0.2500,0.2500,5,0,19,38,14.0,9.835,3,3,4,4,41
real,100,59,26,26,1,0.0000,0.7500,0.3750,0.7500,6,0,50,8,14.0,15.423,4,1,1,8,52
model,100,59,26,26,1,0.1250,1.0000,0.3750,0.5000,5,0,18,4,26.0,26.186,6,6,5,9,52
real,100,59,21,29,0,0.3750,0.5000,0.8750,0.3750,4,0,25,2,20.0,23.907,5,5,6,4,50
model,100,59,21,29,0,0.1250,0.5000,0.6250,0.5000,6,0,62,26,20.0,20.763,5,7,1,7,50
real,100,59,26,25,0,0.1250,0.6250,0.3750,0.2500,6,1,28,28,15.0,17.639,3,6,3,3,51
model,100,59,26,25,0,0.1250,0.7500,0.8750,0.1250,4,0,16,69,29.0,25.804,5,8,8,8,51
real,100,70,23,24,0,-0.2500,0.6250,0.2500,0.1250,6,1,68,68,21.0,23.237,3,5,6,7,47
model,100,70,23,24,0,0.0000,0.7500,0.7500,0.7500,2,0,13,87,39.0,37.371,11,6,11,11,47
real,100,70,24,25,0,-0.5000,0.6250,0.6250,0.2500,2,1,98,98,48.0,47.021,16,10,12,10,49
model,100,70,24,25,0,0.1250,0.7500,0.1250,0.5000,4,1,83,83,32.0,32.866,8,5,8,11,49
real,100,70,18,18,1,-0.3750,0.7500,0.5000,0.3750,4,1,82,82,24.0,26.433,6,6,8,4,36
model,100,70,18,18,1,0.0000,0.6250,0.3750,0.5000,5,0,43,45,13.0,13.598,3,2,4,4,36
real,100,70,25,22,0,0.0000,0.7500,0.2500,-0.1250,3,1,87,87,39.0,35.216,5,6,13,15,47
model,100,70,25,22,0,0.2500,0.2500,0.5000,0.6250,4,0,47,28,16.0,16.433,5,2,6,3,47
real,100,68,21,24,1,-0.1250,0.6250,0.3750,0.6250,6,1,43,43,17.0,13.907,5,3,6,3,45
model,100,68,21,24,1,-0.2500,1.0000,0.1250,0.7500,7,0,16,23,4.0,8.948,0,2,1,1,45
real,100,68,24,24,0,0.2500,0.6250,0.3750,0.5000,3,1,81,81,30.0,32.258,6,10,7,7,48
model,100,68,24,24,0,1.0000,1.0000,1.0000,1.0000,5,1,83,83,34.0,34.299,8,5,11,10,48
real,100,68,23,25,0,0.1250,0.8750,0.7500,0.5000,5,0,2,71,26.0,28.144,4,4,6,12,48
model,100,68,23,25,0,-0.1250,0.8750,0.6250,0.7500,4,1,59,59,18.0,19.773,4,4,2,8,48
real,100,68,24,26,0,0.2500,0.7500,0.8750,0.6250,5,1,66,66,26.0,25.629,6,12,5,3,50
model,100,68,24,26,0,-0.2500,0.6250,0.8750,0.1250,7,0,31,21,7.0,9.206,2,2,0,3,50
real,100,26,23,23,0,-0.2500,0.7500,0.6250,0.3750,5,0,12,12,18.0,17.052,3,4,6,5,46
model,100,26,23,23,0,0.0000,0.0000,0.3750,0.0000,5,0,26,44,14.0,13.330,1,1,7,5,46
real,100,36,26,21,1,-0.1250,0.2500,0.3750,0.3750,7,0,21,46,18.0,14.546,2,5,6,5,47
model,100,36,26,21,1,0.1250,0.5000,0.3750,0.3750,7,1,63,63,19.0,20.979,5,3,5,6,47
real,100,17,25,22,0,0.0000,0.5000,0.2500,0.6250,5,0,19,57,20.0,19.371,3,7,4,6,47
model,100,17,25,22,0,0.0000,0.2500,0.5000,0.1250,5,0,56,15,15.0,16.979,4,4,4,3,47
real,100,36,25,23,0,0.1250,0.3750,0.5000,0.5000,4,1,57,57,16.0,18.546,5,5,6,0,48
model,100,36,25,23,0,0.0000,0.6250,0.5000,0.6250,4,1,43,43,12.0,13.794,3,1,3,5,48
real,100,76,24,24,0,0.2500,0.5000,0.3750,0.3750,3,1,77,77,36.0,31.165,10,11,7,8,48
model,100,76,24,24,0,0.1250,0.5000,0.3750,0.3750,4,1,23,23,10.0,13.464,1,3,1,5,48
real,100,76,29,27,0,0.0000,0.7500,0.7500,0.8750,4,1,74,74,32.0,31.402,10,5,11,6,56
model,100,76,29,27,0,-0.3750,0.8750,0.2500,0.3750,7,0,9,44,18.0,14.691,10,4,2,2,56
real,100,76,26,21,0,1.0000,1.0000,1.0000,1.0000,3,1,42,42,19.0,20.155,5,7,3,4,47
model,100,76,26,21,0,0.1250,0.6250,0.6250,0.7500,5,0,20,59,20.0,20.670,2,6,7,5,47
real,100,76,26,26,0,0.0000,0.6250,0.7500,0.5000,2,1,38,38,29.0,27.876,11,7,5,6,52
model,100,76,26,26,0,0.2500,0.6250,0.5000,-0.2500,2,1,97,97,50.0,49.443,10,16,14,10,52
real,100,15,33,23,0,1.0000,1.0000,1.0000,1.0000,5,1,77,77,35.0,33.660,11,10,7,7,56
model,100,15,33,23,0,0.0000,0.8750,0.3750,0.2500,5,1,76,76,30.0,30.897,5,7,10,8,56
real,100,81,22,17,1,0.8750,0.7500,0.8750,0.7500,3,1,19,19,30.0,28.165,3,12,7,8,39
model,100,81,22,17,1,0.0000,0.5000,0.5000,0.3750,6,1,70,70,18.0,19.330,5,3,5,5,39
real,100,81,23,26,0,1.0000,1.0000,1.0000,1.0000,6,1,67,67,21.0,20.268,7,6,5,3,49
model,100,81,23,26,0,0.3750,0.7500,0.6250,0.7500,2,1,85,85,37.0,40.021,3,10,12,12,49
real,100,81,24,24,0,0.2500,0.6250,0.5000,0.0000,3,0,49,48,21.0,22.557,4,6,4,7,48
model,100,81,24,24,0,0.0000,0.6250,0.5000,0.2500,4,1,83,83,33.0,32.021,7,12,8,6,48
real,100,60,24,27,0,-0.1250,0.8750,0.6250,0.2500,3,1,85,85,39.0,35.588,10,9,10,10,51
model,100,60,24,27,0,-0.3750,0.6250,0.2500,0.5000,4,1,58,58,20.0,20.588,6,4,5,5,51
real,100,60,22,23,0,0.2500,0.2500,0.2500,0.3750,3,1,82,82,36.0,32.546,8,12,8,8,45
model,100,60,22,23,0,0.1250,0.3750,0.8750,0.5000,3,0,77,19,28.0,27.639,7,6,7,8,45
real,100,60,30,25,0,1.0000,1.0000,1.0000,1.0000,5,1,21,21,25.0,27.381,2,9,10,4,55
model,100,60,30,25,0,0.1250,0.3750,0.8750,0.6250,4,1,74,74,32.0,32.701,10,5,8,9,55
real,100,60,22,22,0,0.0000,0.6250,0.3750,0.2500,1,1,100,100,44.0,44.000,14,6,11,13,44
model,100,60,22,22,0,0.2500,1.0000,0.5000,0.1250,3,1,92,92,37.0,36.907,12,8,6,11,44
real,100,23,23,22,0,0.2500,0.7500,0.6250,0.5000,4,0,50,17,15.0,16.691,4,5,3,3,45
model,100,23,23,22,0,0.0000,0.7500,0.3750,0.5000,5,1,86,86,34.0,33.608,9,9,7,9,45
real,100,28,24,29,0,0.1250,0.2500,0.3750,0.2500,6,0,7,66,23.0,24.526,4,5,7,7,53
model,100,28,24,29,0,0.6250,0.3750,0.3750,0.3750,5,1,51,51,20.0,16.825,4,5,7,4,53
real,100,31,24,27,0,1.0000,1.0000,1.0000,1.0000,6,1,36,36,17.0,18.227,1,5,5,6,51
model,100,31,24,27,0,-0.1250,0.7500,0.7500,0.5000,3,1,35,35,16.0,16.794,5,1,6,4,51
real,100,28,23,22,0,0.2500,0.5000,0.1250,0.2500,6,0,32,39,12.0,12.557,4,4,1,3,45
model,100,28,23,22,0,0.2500,0.6250,0.1250,0.5000,5,0,16,70,26.0,23.866,7,11,6,2,45
real,100,91,25,27,0,0.2500,0.3750,0.3750,0.7500,5,0,35,23,13.0,15.144,3,3,4,3,52
model,100,91,25,27,0,-0.1250,0.8750,0.5000,0.3750,3,1,89,89,41.0,41.278,10,11,10,10,52
real,100,91,24,20,0,0.0000,0.6250,0.8750,0.3750,9,0,19,8,5.0,5.031,1,1,2,1,44
model,100,91,24,20,0,-0.1250,0.6250,0.0000,0.5000,5,1,72,72,21.0,21.485,8,4,5,4,44
real,100,91,26,26,0,-0.2500,0.6250,0.0000,0.2500,3,1,88,88,43.0,40.784,6,12,10,15,52
model,100,91,26,26,0,0.1250,0.8750,0.3750,0.6250,2,0,56,44,23.0,26.474,8,6,4,5,52
real,100,91,26,22,0,-0.2500,0.8750,0.2500,0.6250,2,0,31,69,25.0,28.062,4,4,10,7,48
model,100,91,26,22,0,0.0000,0.6250,0.5000,0.5000,5,1,47,47,16.0,17.175,6,5,3,2,48
real,100,48,26,21,0,-0.1250,0.8750,0.7500,0.5000,4,1,63,63,19.0,20.722,6,3,7,3,47
model,100,48,26,21,0,-0.1250,0.6250,-0.1250,0.5000,5,0,10,60,15.0,18.309,3,7,4,1,47
real,100,48,25,25,0,1.0000,1.0000,1.0000,1.0000,5,1,38,38,18.0,17.320,2,3,8,5,50
model,100,48,25,25,0,-0.3750,0.6250,0.3750,0.5000,3,1,87,87,34.0,40.113,8,11,7,8,50
real,100,48,22,27,0,0.3750,0.2500,0.5000,0.0000,11,0,14,10,7.0,7.134,2,1,2,2,49
model,100,48,22,27,0,-0.1250,0.7500,0.2500,-0.1250,6,0,37,37,13.0,13.938,4,1,3,5,49
real,100,48,22,21,0,1.0000,1.0000,1.0000,1.0000,2,1,97,97,41.0,39.773,8,12,6,15,43
model,100,48,22,21,0,0.1250,0.8750,0.8750,0.3750,3,1,88,88,33.0,34.402,5,11,7,10,43
real,100,77,21,25,0,1.0000,1.0000,1.0000,1.0000,4,1,5,5,34.0,30.722,10,6,12,6,46
model,100,77,21,25,0,-0.1250,0.7500,0.7500,0.1250,3,1,48,48,23.0,19.515,7,4,10,2,46
real,100,77,21,24,0,0.2500,0.8750,0.2500,0.7500,8,0,28,2,11.0,9.320,2,2,5,2,45
model,100,77,21,24,0,0.0000,0.5000,0.7500,0.3750,6,0,14,14,21.0,20.423,3,6,6,6,45
real,100,77,22,21,1,0.1250,0.0000,0.1250,0.3750,4,1,62,62,27.0,21.866,3,11,7,6,43
model,100,77,22,21,1,0.1250,0.6250,0.5000,0.2500,6,0,4,26,10.0,11.845,2,3,3,2,43
real,100,18,26,22,0,0.2500,0.8750,0.1250,0.6250,4,1,66,66,20.0,22.443,3,3,6,8,48
model,100,18,26,22,0,0.2500,0.8750,0.7500,0.3750,7,0,16,43,16.0,12.258,4,0,5,7,48
real,100,77,24,22,0,-0.2500,0.7500,0.7500,0.8750,5,0,2,40,19.0,16.990,4,4,8,3,46
model,100,77,24,22,0,0.0000,0.3750,0.3750,0.6250,3,0,78,19,25.0,27.670,5,6,8,6,46
real,100,77,20,21,1,0.0000,0.6250,0.6250,0.7500,6,1,44,44,9.0,11.371,1,2,4,2,41
model,100,77,20,21,1,-0.1250,0.7500,0.3750,0.3750,4,0,56,30,13.0,15.113,3,5,4,1,41
real,100,77,21,26,1,0.0000,0.8750,0.6250,0.7500,5,0,83,3,31.0,33.000,8,5,9,9,47
model,100,77,21,26,1,-0.2500,0.7500,0.3750,0.3750,6,0,46,33,14.0,14.577,4,5,3,2,47
real,100,77,24,23,0,0.2500,0.8750,0.8750,0.5000,3,0,70,2,23.0,24.639,7,4,6,6,47
model,100,77,24,23,0,0.1250,0.7500,0.8750,0.6250,5,1,68,68,23.0,23.144,7,7,4,5,47
real,100,63,24,20,0,-0.1250,0.7500,0.3750,0.0000,6,1,64,64,18.0,19.845,7,5,3,3,44
model,100,63,24,20,0,0.1250,0.8750,0.1250,0.1250,3,1,94,94,41.0,38.536,7,14,11,9,44
real,100,63,20,18,0,0.1250,0.7500,0.6250,0.6250,2,0,80,20,27.0,24.990,7,5,9,6,38
model,100,63,20,18,0,0.7500,0.2500,0.2500,0.2500,4,1,59,59,12.0,15.825,3,2,4,3,38
real,100,35,25,25,0,0.5000,0.7500,0.1250,0.5000,5,0,56,14,23.0,20.062,3,9,7,4,50
model,100,35,25,25,0,0.1250,1.0000,0.5000,0.3750,4,0,41,29,19.0,15.629,6,3,6,4,50
real,100,35,21,19,0,0.1250,0.2500,0.0000,0.1250,3,1,19,19,20.0,16.907,3,5,6,6,40
model,100,35,21,19,0,0.0000,0.3750,0.1250,0.0000,3,1,86,86,32.0,32.742,11,9,9,3,40
real,100,98,21,23,1,0.0000,0.6250,0.3750,0.7500,4,0,56,39,21.0,21.515,4,6,5,6,44
model,100,98,21,23,1,-0.2500,0.7500,0.3750,0.3750,3,1,43,43,22.0,21.206,6,8,3,5,44
real,100,98,21,21,1,0.3750,0.2500,0.5000,0.7500,6,0,31,49,17.0,15.464,7,7,3,0,42
model,100,98,21,21,1,0.3750,0.7500,0.6250,0.5000,5,1,48,48,11.0,12.784,0,3,2,6,42
real,100,98,25,26,0,0.0000,0.6250,0.0000,0.5000,3,1,85,85,39.0,38.474,6,17,7,9,51
model,100,98,25,26,0,0.0000,0.5000,0.6250,0.5000,3,1,90,90,41.0,40.670,8,10,10,13,51
real,100,98,24,27,0,-0.2500,1.0000,0.8750,0.2500,2,1,96,96,48.0,47.969,10,14,10,14,51
model,100,98,24,27,0,-0.3750,0.6250,0.6250,0.1250,3,0,6,72,31.0,27.165,7,3,12,9,51
real,100,69,26,27,0,-0.3750,0.5000,0.5000,0.1250,3,1,79,79,30.0,31.938,7,4,11,8,53
model,100,69,26,27,0,0.0000,0.6250,0.3750,0.0000,5,0,25,21,20.0,15.505,4,8,6,2,53
real,100,69,23,26,0,0.3750,0.8750,0.8750,0.8750,2,1,97,97,47.0,46.536,8,16,13,10,49
model,100,69,23,26,0,0.1250,0.6250,0.8750,0.3750,4,0,35,57,18.0,22.103,5,4,4,5,49
real,100,69,25,22,0,-0.2500,0.5000,0.3750,0.1250,5,1,58,58,16.0,18.866,3,4,5,4,47
model,100,69,25,22,0,0.2500,0.3750,0.3750,0.1250,4,0,21,64,23.0,20.072,4,8,7,4,47
real,100,69,22,32,1,-0.1250,0.2500,0.6250,0.3750,4,0,28,67,21.0,27.000,6,2,5,8,54
model,100,69,22,32,1,0.0000,0.3750,0.5000,0.2500,5,0,45,20,19.0,16.990,3,5,7,4,54
real,100,43,28,26,0,-0.2500,0.7500,0.2500,-0.2500,5,0,37,13,16.0,15.412,2,5,5,4,54
model,100,43,28,26,0,-0.3750,0.5000,0.5000,0.2500,3,1,65,65,33.0,28.320,6,10,12,5,54
real,100,43,19,22,0,0.5000,0.6250,0.6250,0.5000,6,0,17,3,20.0,18.577,8,1,4,7,41
model,100,43,19,22,0,0.5000,1.0000,0.7500,0.6250,6,1,28,28,13.0,10.402,4,1,2,6,41
real,100,37,26,27,0,-0.2500,0.6250,-0.1250,0.6250,3,1,86,86,40.0,41.412,9,10,14,7,53
model,100,37,26,27,0,0.3750,1.0000,0.5000,0.2500,5,0,58,13,18.0,21.515,4,4,4,6,53
real,100,37,21,26,0,0.1250,0.6250,0.5000,0.5000,5,1,60,60,13.0,17.175,5,3,2,3,47
model,100,37,21,26,0,0.2500,0.7500,0.3750,0.2500,6,0,3,54,25.0,20.165,7,4,4,10,47
real,100,37,24,27,0,0.6250,0.5000,0.1250,-0.1250,4,1,27,27,25.0,21.845,6,8,7,4,51
model,100,37,24,27,0,0.1250,0.8750,0.6250,0.3750,5,0,47,30,14.0,16.845,1,3,5,5,51
real,100,37,29,24,0,-0.1250,0.5000,0.8750,1.0000,5,0,52,36,17.0,21.454,3,3,4,7,53
model,100,37,29,24,0,-0.2500,0.6250,0.0000,0.3750,3,0,77,14,31.0,34.361,11,9,10,1,53
real,100,21,22,25,0,0.1250,1.0000,0.6250,0.7500,2,1,83,83,32.0,34.804,6,7,12,7,47
model,100,21,22,25,0,0.6250,0.5000,0.1250,0.3750,4,1,66,66,28.0,24.021,9,4,9,6,47
real,100,35,22,25,0,-0.2500,0.7500,0.3750,0.0000,5,1,69,69,23.0,23.536,8,5,7,3,47
model,100,35,22,25,0,-0.1250,0.5000,1.0000,0.6250,3,1,94,94,40.0,40.443,14,5,7,14,47
real,100,70,20,20,0,-0.3750,0.6250,0.5000,0.1250,3,1,72,72,24.0,23.237,4,7,4,9,40
model,100,70,20,20,0,0.3750,0.2500,0.1250,0.3750,3,1,84,84,32.0,31.134,8,10,9,5,40
real,100,70,22,31,0,0.3750,0.8750,0.8750,0.7500,5,0,42,30,17.0,16.041,4,5,4,4,53
model,100,70,22,31,0,0.3750,0.6250,0.5000,0.0000,7,1,53,53,17.0,16.845,5,3,3,6,53
real,100,70,26,19,0,0.1250,0.8750,0.2500,0.0000,4,0,8,50,12.0,18.340,3,4,4,1,45
model,100,70,26,19,0,0.1250,0.7500,0.5000,0.1250,3,0,18,65,25.0,21.959,5,7,7,6,45
real,100,70,28,26,0,0.0000,0.5000,0.2500,0.5000,3,1,86,86,38.0,38.990,5,10,12,11,54
model,100,70,28,26,0,0.0000,0.6250,0.8750,0.3750,4,0,54,2,23.0,22.907,4,5,9,5,54
real,100,100,24,25,1,-0.2500,0.7500,0.6250,0.3750,5,0,27,50,15.0,17.948,1,3,5,6,49
model,100,100,24,25,1,-0.1250,0.7500,0.6250,0.6250,3,1,80,80,36.0,35.443,9,9,13,5,49
real,100,100,21,22,0,-0.1250,0.6250,0.1250,0.5000,4,0,13,73,23.0,25.082,5,7,7,4,43
model,100,100,21,22,0,-0.2500,0.5000,0.5000,0.3750,2,1,98,98,40.0,42.113,7,7,14,12,43
real,100,100,24,25,0,-0.3750,0.5000,0.8750,0.5000,4,1,51,51,21.0,19.515,5,5,3,8,49
model,100,100,24,25,0,0.0000,0.3750,0.5000,0.6250,4,0,15,21,19.0,21.990,5,2,6,6,49
real,100,100,28,23,0,-0.3750,0.3750,0.0000,0.3750,6,0,13,73,30.0,31.969,7,8,11,4,51
model,100,100,28,23,0,0.2500,0.6250,0.5000,0.1250,2,0,58,42,27.0,25.649,7,10,6,4,51
